deviceId,timestamp,rawData,encryptedParam
CtHAC4N0Bd2ep2pq,1742057730284,1742057730284@PWACtHAC4N0Bd2ep2pq,b922e7e564362173e340b16eb46fc7b93b64c9e070c88f9b58a622dd0d851ecffa99d31123376a90499fc9930e355829
CtHAC4N0Bd2ep2pq,1742057730289,1742057730289@PWACtHAC4N0Bd2ep2pq,bb18982e92a378eb9a365039c12f295cdf12be237b77ce01fea03384bc2c469a3eb6f62d360295ffa36ce7a8acbb8d6d
CtHAC4N0Bd2ep2pq,1742057730289,1742057730289@PWACtHAC4N0Bd2ep2pq,af9d3a6974a8bd8fbac5621505f7463f1e2899ee57f38687eaf9849ab6add798c3aafc4b8e02369da50c0c0256d41853
CtHAC4N0Bd2ep2pq,1742057730289,1742057730289@PWACtHAC4N0Bd2ep2pq,3f2df9d985e1ea56ada8767bacfe3940e36649baf33d112f3f837bbe8668b78a97289e2c875dc9cbb13e0aeb8d91bf77
CtHAC4N0Bd2ep2pq,1742057730289,1742057730289@PWACtHAC4N0Bd2ep2pq,ad47fe15f3866542e5cd927052a34c9c7558a7fd369f2bad96f3243e1c6f65a4aacd6ae312248418a8a8e3291bbbdfcf
CtHAC4N0Bd2ep2pq,1742057730289,1742057730289@PWACtHAC4N0Bd2ep2pq,e97631f67956adfa6d47b0c942f33b7db5ca715f246286b5d826c33439211b153c3224b39369d247aaf9ce0f91ed49df
CtHAC4N0Bd2ep2pq,1742057730289,1742057730289@PWACtHAC4N0Bd2ep2pq,a590d999701a3dc8326c144f63c2b7963815284839e70b5f2fac8daf05d3cff8d8733ed2018f5e19e0ad4329c002d8b1
CtHAC4N0Bd2ep2pq,1742057730289,1742057730289@PWACtHAC4N0Bd2ep2pq,cb1e021dd42b21ea15992f0581675dc3a7ac9d09d1550730b32d19afd140bd62cbe7df6ba36c540014de260b99262eae
CtHAC4N0Bd2ep2pq,1742057730289,1742057730289@PWACtHAC4N0Bd2ep2pq,5df6bc67679e1dc77d83e7e6bd9d89d8372c8f27d8404db1aee14857a7010bebd3b4224a34d3855971873fa28d870db4
CtHAC4N0Bd2ep2pq,1742057730289,1742057730289@PWACtHAC4N0Bd2ep2pq,8cbf21cc36dca9a635b5540d08d69665635a69a547b182b99c1b75e5e4fcde2d9d8f0d411538e0c37ad297bb192b03ea
CtHAC4N0Bd2ep2pq,1742057730289,1742057730289@PWACtHAC4N0Bd2ep2pq,bfea1653581a19c0eb97a8229783a10b2a0abf85ba5239acd440f168e532a85037ec59c5048e769fb8da2735f5845eaf
CtHAC4N0Bd2ep2pq,1742057730289,1742057730289@PWACtHAC4N0Bd2ep2pq,1b11d1d59a1bf7bd7e28a5f7a735b9ec91df320ca490780700b367a37dcae2e9ca43ba69edd7f5163c9ab7ec343606be
CtHAC4N0Bd2ep2pq,1742057730289,1742057730289@PWACtHAC4N0Bd2ep2pq,a031a4e5c1417cde15c30a71064024f7667bcd2bdfc2ecd0dbb8c0d91e028ded83f9b51fce13e6b100faa0b6321be785
CtHAC4N0Bd2ep2pq,1742057730289,1742057730289@PWACtHAC4N0Bd2ep2pq,f7f32d3ff984f2a32c62e583fbabcf79c7873c4f98d6acb3f33ce7c892c4b699ba77ba2489e0b210ebc0eebbb4aa62d5
CtHAC4N0Bd2ep2pq,1742057730289,1742057730289@PWACtHAC4N0Bd2ep2pq,3630da6537380cc62bb4da49a0fccabadcb27ac643c3df14fb3594149061f42f181875d901943190b3ee314624c3418b
CtHAC4N0Bd2ep2pq,1742057730289,1742057730289@PWACtHAC4N0Bd2ep2pq,7411c2ef52842c45e2f2ca8e505e6a091fdad3094e2ab967a0a75b7e08baffa38050fc611bb92f5d424824e9c3c3ea53
CtHAC4N0Bd2ep2pq,1742057730289,1742057730289@PWACtHAC4N0Bd2ep2pq,dda564a51fe89cd2644c7535323a32248332d5109005d86c0af7b38446334dbb112ed377f472cf66a767f6b60a45c18f
CtHAC4N0Bd2ep2pq,1742057730289,1742057730289@PWACtHAC4N0Bd2ep2pq,bdc3ee3d1a0303a851a3a6c5740f0332d843071b1cfc9f7fe82e5848fa8ba29e33d62ba70af7d6fcf8cbb9724210faef
CtHAC4N0Bd2ep2pq,1742057730289,1742057730289@PWACtHAC4N0Bd2ep2pq,4b0db46990e810374f995ef41ba8c9f4b5628f2994ed8bd52486b20ee004614763b6018be6579760de848356e2f4d249
CtHAC4N0Bd2ep2pq,1742057730289,1742057730289@PWACtHAC4N0Bd2ep2pq,9ea14699c208d22d34e176990deffeb50b3a8401582e8f006cabab3bda37712d5175dc7441ec4d023222d98edcec4fef
jwwVAkJPMH74PzPL,1742057730289,1742057730289@PWAjwwVAkJPMH74PzPL,067ad194622f8c81abb1bdd1b4d37d5184f84f2b6d32eef508e7215bc4903d3b91fed6318fe11707c2dd8363eb67d2b6
jwwVAkJPMH74PzPL,1742057730289,1742057730289@PWAjwwVAkJPMH74PzPL,26c770349d6bed2a6a029c9aec4212d8851e46e197571439631296952a474434dfff6139a87b6bf6a7e569f651e4b893
jwwVAkJPMH74PzPL,1742057730289,1742057730289@PWAjwwVAkJPMH74PzPL,1f37690bd3a58360272eec21d39b9493ab65cbd94e2a25ef3b7481df2a1fed5bf2a0bdb4846dddb20da045a91c6e0384
jwwVAkJPMH74PzPL,1742057730289,1742057730289@PWAjwwVAkJPMH74PzPL,69cdd7009ac7caf7e956a01a565821772236db42975f3e613c9478105d47cf6fb2d0aeaaf29e21f703815df12a0bd6e9
jwwVAkJPMH74PzPL,1742057730289,1742057730289@PWAjwwVAkJPMH74PzPL,e1d2ae2697bdb3bd627dbfb341440259ae40cf0cd7b01cbd213acfabec754e2d5ce43f88ffbf22cebcd1178d695e2e20
jwwVAkJPMH74PzPL,1742057730289,1742057730289@PWAjwwVAkJPMH74PzPL,a0e421acf725101143bac80fd49b1cd2163fedc3b0ee834d1be06bc208bf3fd3eb4d0e239bcd99b721aa0926034b294d
jwwVAkJPMH74PzPL,1742057730289,1742057730289@PWAjwwVAkJPMH74PzPL,d05b85a27bc24cb81e97f8716ae58bcde973ab5e5cfeb94c8b55ad3fc98c0940c3400c1f401dda44a53fdc5d32cbb9d7
jwwVAkJPMH74PzPL,1742057730289,1742057730289@PWAjwwVAkJPMH74PzPL,520884717cd1fe02b6090383e41851720cb6a0e9555f6053e52b952f4e83f17fa7c1d2bfd2df6f874963f0f7a4e5acbd
jwwVAkJPMH74PzPL,1742057730289,1742057730289@PWAjwwVAkJPMH74PzPL,344b285d8138c0c53ccb6756c23852ecda0b5aa87dd9dfd4f41e096e79bfb7e5fd2edb7e64d4345a4bc7f02b73837726
jwwVAkJPMH74PzPL,1742057730289,1742057730289@PWAjwwVAkJPMH74PzPL,635b3a89f9918f11a38a55cdab25f75516b75ad29c38aa08c4071c36dada0b81ed6382349a884504c68e5bedbfd70890
jwwVAkJPMH74PzPL,1742057730289,1742057730289@PWAjwwVAkJPMH74PzPL,9f2975f57173ee30f19c8b680d3e1e81cf14076cf782d69ffc6f57ba85c6d0d6b370f3847929c4eadb1816548007bebe
jwwVAkJPMH74PzPL,1742057730289,1742057730289@PWAjwwVAkJPMH74PzPL,090e37376b1cad22702602a8aa626dc0eda3d8b44d3ee0b682d2265684b0232a81f7040b60642148ac06fc17771b4dee
jwwVAkJPMH74PzPL,1742057730289,1742057730289@PWAjwwVAkJPMH74PzPL,b1e2fc3d24977035e20548c430e8dbebd823447aa716e662d472cbc50b634ad3fa6d238c530c00da73956828befe2f42
jwwVAkJPMH74PzPL,1742057730289,1742057730289@PWAjwwVAkJPMH74PzPL,a6a187fa92b0adb58358664fc879b20ef7cc89c0d5b6610c2593a1019f077f176f409850525ac01af5fa4ca0b94122a2
jwwVAkJPMH74PzPL,1742057730289,1742057730289@PWAjwwVAkJPMH74PzPL,f688bbaa76966e14adb322aa636a68e952d69f3a4bbd4b30d39386c5aef69be0bd6eaaa49ac1af79f404c1a7a32c10af
jwwVAkJPMH74PzPL,1742057730289,1742057730289@PWAjwwVAkJPMH74PzPL,4636075bb812ac6a1fedaec2bf687f4201b59f00c7d1e0b934450a70dae839a7ad08594897019d89fcb04f2f0f19e6d1
jwwVAkJPMH74PzPL,1742057730289,1742057730289@PWAjwwVAkJPMH74PzPL,9de129084c8f4d2bfd7f304b3298b5a3f89330132ec30f58663d17a02e4494185d8a9f17d35a0f9ce9ec9fe33625bd05
jwwVAkJPMH74PzPL,1742057730289,1742057730289@PWAjwwVAkJPMH74PzPL,f35cfbd8c5e8aeb00e6c9ed283b9ee65464bea7652ecc761d5d20bf02359a0eeec930fe48fd3e8acc6c9458007cfca4f
jwwVAkJPMH74PzPL,1742057730289,1742057730289@PWAjwwVAkJPMH74PzPL,a4c5b2b906064e564694152b7e8bb5f6f8cd6dc5d6221b6cacebd79bb43b12962b3a78766935be70d6f79a4b7c83dcf8
jwwVAkJPMH74PzPL,1742057730289,1742057730289@PWAjwwVAkJPMH74PzPL,365bd8021f9edc2495924fea4e52bcce96af505f624e0b99ed1919a69327a138623c1663419244bb324c5e913f7793c0
lD0JRwWa8UFeSfcT,1742057730289,1742057730289@PWAlD0JRwWa8UFeSfcT,c0479d736f150c649135a058c90b59e13aebe37418ccfa6029592016938e13a47c9bf1681eea7c36a45eb75ed9f43c02
lD0JRwWa8UFeSfcT,1742057730289,1742057730289@PWAlD0JRwWa8UFeSfcT,c94eab44f4e4ec6b3e32274a7feb29fb32a24cf8e8f102cdc4e6a045252e85017a01dd725fcebb71c7a1858951f18bf8
lD0JRwWa8UFeSfcT,1742057730289,1742057730289@PWAlD0JRwWa8UFeSfcT,43da0196489aea24d5f2c8c56c89ce1ce20d05212571496cb55d281c0387f8dc0bba55eec078e50e37a3e1bb6bdd5ac0
lD0JRwWa8UFeSfcT,1742057730289,1742057730289@PWAlD0JRwWa8UFeSfcT,c014211bc6fe35ba0adc05c6f46e0380733b0fa01aefd3039fa8c7c68704f4ba5bd6288fa258c4edce5445e9fb8a2e51
lD0JRwWa8UFeSfcT,1742057730289,1742057730289@PWAlD0JRwWa8UFeSfcT,3737a4ca20d1c9e710bc7eca7e4462944f0dbea4fe2d3c8e527473381db830aa73742c293c2d7d16eb8294e61d0eebbb
lD0JRwWa8UFeSfcT,1742057730289,1742057730289@PWAlD0JRwWa8UFeSfcT,b32296f2847affe6788f2e808a99b47c6d59ed14c928484bbcf69574c14dd7c3cd6b537baf055acf8976612ed3822754
lD0JRwWa8UFeSfcT,1742057730289,1742057730289@PWAlD0JRwWa8UFeSfcT,31cf6b1a19dac331f21f997caf198936a578c0b8e415ac029890faf9d2ed07b0541d1dff0e05e6619e7b5a43573c9868
lD0JRwWa8UFeSfcT,1742057730289,1742057730289@PWAlD0JRwWa8UFeSfcT,0ac7ed885475d4e702519678733ce742bebfc232b6be020b8eb7c190cab0a81b673999e904ffc95d2e2acd98518ecbd5
lD0JRwWa8UFeSfcT,1742057730289,1742057730289@PWAlD0JRwWa8UFeSfcT,7e9511aea11c6a7c8cb4692c2c30d9f94038c836c466e42622b5684f7eaee668535267812d1cd06f8993cfd2baa58d37
lD0JRwWa8UFeSfcT,1742057730289,1742057730289@PWAlD0JRwWa8UFeSfcT,ff37194312d5af6dc56897fa79b2546266d5370c0b39d8daa42bedef27a5b25dad7aca0f8572d862ba5306b20638e0ca
lD0JRwWa8UFeSfcT,1742057730289,1742057730289@PWAlD0JRwWa8UFeSfcT,3b67bed9176f8feeab767c5e5fe47cb9a0e21ea3f4ce5d975dd1fe2771cb6f916504e97b695260ab712e8bd400b7c0f0
lD0JRwWa8UFeSfcT,1742057730289,1742057730289@PWAlD0JRwWa8UFeSfcT,9222c6b01e22d055479126762dd540fddf2e10003a2486e818a56e73b61ca3962dd381d05bba8bc1bc930fcc99c0f091
lD0JRwWa8UFeSfcT,1742057730289,1742057730289@PWAlD0JRwWa8UFeSfcT,70a8a40af6eae027d862f67964edaa3c519a7dfe02b7421e3065e64bfcd60a04ad5f0ac39f21382c14124c2c52144b5c
lD0JRwWa8UFeSfcT,1742057730289,1742057730289@PWAlD0JRwWa8UFeSfcT,40b0fc83ee98b65b8d42ca7d1fe1af50ef224b4d71eb0f0d21cff1040ce743cea9bd96fbd35e3c4f269caa1e028fea83
lD0JRwWa8UFeSfcT,1742057730289,1742057730289@PWAlD0JRwWa8UFeSfcT,2a4b5ef9257f762bd97868fbc1c74cf8878e261cfb8e01319bdb4da05780eb8d02e4d9ad96218069720fad398caab876
lD0JRwWa8UFeSfcT,1742057730289,1742057730289@PWAlD0JRwWa8UFeSfcT,a7c3351c24d799940504fcbbf9031e7a4763040edb1382618cce4446418d8646f988abc1b44a8f7e3f47bee73a10ad1d
lD0JRwWa8UFeSfcT,1742057730289,1742057730289@PWAlD0JRwWa8UFeSfcT,4fb6882bc5ff87cf1c4d0580cd7b8a06b86286c1b0a98aefbc0feecd81c6cbee77e518cd1bf12e30504e472090c85374
lD0JRwWa8UFeSfcT,1742057730289,1742057730289@PWAlD0JRwWa8UFeSfcT,04e9b7c64d82ad7929f7d61e5b860113b025a8b771a4f4200f21ff787556528c4b95a9d5bb4e11ec978075e7ea3d1b23
lD0JRwWa8UFeSfcT,1742057730289,1742057730289@PWAlD0JRwWa8UFeSfcT,5cf590acdf01d4eb1a5672948e819bb5aa744876d57671d5e499ef1db98f802732084ca480b6403972cc97cddaca2df1
lD0JRwWa8UFeSfcT,1742057730289,1742057730289@PWAlD0JRwWa8UFeSfcT,6c13543fb3fb6436ef34dd2fdb6562a63ca3612cae37c4a9ca31c8880ed047b94eab4b941e16165d4958a42b24753acf
xAf2fhYv5HyVNBcM,1742057730289,1742057730289@PWAxAf2fhYv5HyVNBcM,06ef728e2c32a6c9bfb582366e6281ba8df73c45c131a59df5e42ee755380af0ef171ca987ef94e01a4fc354796776a2
xAf2fhYv5HyVNBcM,1742057730289,1742057730289@PWAxAf2fhYv5HyVNBcM,1eb2beb0c5d7b58926ae38d5e1e6bb8564e73d7c8589dcfe0f3cadedbde2485a5c4c950c8d62995224fbd4d17e124d8e
xAf2fhYv5HyVNBcM,1742057730289,1742057730289@PWAxAf2fhYv5HyVNBcM,bbc97c38738b9bccc61e9655c934d5279f6a86601d914d44df9de0c84ea8c8f8a0b5f0deced3e2473e0854af9e996f47
xAf2fhYv5HyVNBcM,1742057730289,1742057730289@PWAxAf2fhYv5HyVNBcM,f68d2a6ca2ba664bf46e5088d2f751c654db42b4e06b3ffc0018bc5a10b1ae7fde41de0a942c5a067aa40c76f9e02560
xAf2fhYv5HyVNBcM,1742057730289,1742057730289@PWAxAf2fhYv5HyVNBcM,b579308b6dfeeb4fa8fea3231144bf84eade20ad6819930ddf42cd6017cf14df8cacc1d40cb630551742a3264c7a7922
xAf2fhYv5HyVNBcM,1742057730289,1742057730289@PWAxAf2fhYv5HyVNBcM,65db2acb924ef0c9768ca4dbc8b6c0dc79bb746f488963827733b28624f9c267b1d0a00e75808a50598198cdebb3c993
xAf2fhYv5HyVNBcM,1742057730289,1742057730289@PWAxAf2fhYv5HyVNBcM,71e593a5636b64ee4341ebebecb315bb9706312b8f562408aa57e3d332b7e7729834e4169b39a12001cde54ea366ae3e
xAf2fhYv5HyVNBcM,1742057730289,1742057730289@PWAxAf2fhYv5HyVNBcM,2b8100261071923659e04f8ee1d6ebcce401ebb41c7784a5bd76b9362ae3deb1c8e486f3ed9947cd8aeec3e42d51fa30
xAf2fhYv5HyVNBcM,1742057730289,1742057730289@PWAxAf2fhYv5HyVNBcM,513e7c6fb95bfb26223138bbf30b7b36b3f36024652bba7385a32b73a408ff5b777456ade3b901159c2d8982ee757719
xAf2fhYv5HyVNBcM,1742057730289,1742057730289@PWAxAf2fhYv5HyVNBcM,57fbf23fbf45c2d7ef036e2900bd66605520c9b0ca997d4fe5d322a96dc704772cd97fe079b8a7582ecc8fecac08f5ba
xAf2fhYv5HyVNBcM,1742057730289,1742057730289@PWAxAf2fhYv5HyVNBcM,c8490112b9239bb8ab782045169a86f138ed1e19c8770be5dd1fbc6527f556c3d13d24b91382ca0752a225b5b026a6db
xAf2fhYv5HyVNBcM,1742057730289,1742057730289@PWAxAf2fhYv5HyVNBcM,c44734f0b4e218b760ad6e2ed073b2c2c27b99969fa69be44d0b886912994f5a497f776b171208c1e61e984e6e822971
xAf2fhYv5HyVNBcM,1742057730289,1742057730289@PWAxAf2fhYv5HyVNBcM,314cb52cd0bbc9bfa074cd75fac905115fbcb8b1875311bc2d80215c06f8297ccd668d75c47f50c7a378ca6b01881139
xAf2fhYv5HyVNBcM,1742057730289,1742057730289@PWAxAf2fhYv5HyVNBcM,05d3ef12adab0954f3cd01a97acb1602247465fa83342803fd1bbdad5d859a47a4459a766e6e72146c2bbe991b1e2ca4
xAf2fhYv5HyVNBcM,1742057730289,1742057730289@PWAxAf2fhYv5HyVNBcM,b98ffe829b518e964d6c4b53f4a510a5a4b5f423df890c1c927834e0e2beeff0f0ca1cbb124ec0d7b236b2defbe770b4
xAf2fhYv5HyVNBcM,1742057730289,1742057730289@PWAxAf2fhYv5HyVNBcM,c159d86b6f37c049b38b7b0ea6ea507bf3592c47b4ae1085c89094ba9b501fb0cfc53239ab428e821303fbf8d0888685
xAf2fhYv5HyVNBcM,1742057730289,1742057730289@PWAxAf2fhYv5HyVNBcM,5b348bfd9790af484215a936a51099d8a44044936d05b95b6f6aad84a442b20ca0b85617c8ae32251cefff895067d1e8
xAf2fhYv5HyVNBcM,1742057730289,1742057730289@PWAxAf2fhYv5HyVNBcM,d2876415be3a69961e825cba22531f7673cccdd440ddbd617d87ee6b4ea2663ac42e57c334318d1796d382476bab833c
xAf2fhYv5HyVNBcM,1742057730289,1742057730289@PWAxAf2fhYv5HyVNBcM,ef22e110a734be1361c533bf334a3be10890ea0444313a66191051195077aeca5305267f0e5eeea1930845f62794c256
xAf2fhYv5HyVNBcM,1742057730289,1742057730289@PWAxAf2fhYv5HyVNBcM,f98d8052cb5fdb0e3a9d303ad0f6288ab77a9beab711412a7a5b9deffb27858f5f3dc11b07788dd6ae25a62d54fc6b67
MYkVdbNQB3q5frKQ,1742057730289,1742057730289@PWAMYkVdbNQB3q5frKQ,f2c7e881d2b14f8906eda19f17772a9f535c8327736b38f0d4252ce9ed5397a0fea0f17eea22b47741dfc4ef159d71b7
MYkVdbNQB3q5frKQ,1742057730289,1742057730289@PWAMYkVdbNQB3q5frKQ,f17f7c4ebbb8f79baa6e402ed41372619b042b0f20fcc068763d521e1a2a9808d13c997a14bd178ff06f1e33693fbc96
MYkVdbNQB3q5frKQ,1742057730289,1742057730289@PWAMYkVdbNQB3q5frKQ,0ba524ebfde5eee6c92417038a8b9eb1f8cabd977ab2bf4bbea28e42d6a99b8d17d811ae2de6dc430c004dfb7cce4b25
MYkVdbNQB3q5frKQ,1742057730289,1742057730289@PWAMYkVdbNQB3q5frKQ,10fb63a7890de093e17a620a7c7cc3eede193617159c105f9aad9b919a4e4d7f7cdc08d5fe62df15eb4e4e1d51550a50
MYkVdbNQB3q5frKQ,1742057730289,1742057730289@PWAMYkVdbNQB3q5frKQ,7d7475e626c96c8149960129fcf135265fc3d8706e2567cf0e4640c274d291e227bb84897f5fcae33b1657a636d62950
MYkVdbNQB3q5frKQ,1742057730289,1742057730289@PWAMYkVdbNQB3q5frKQ,48dafd2926373e34e0a38b6af2e678dba972b5d944ad66cdce2dd7d64da3ea1bdb54765194da704e21eef80242676d0d
MYkVdbNQB3q5frKQ,1742057730289,1742057730289@PWAMYkVdbNQB3q5frKQ,fac495de8e26e9b256b03c9e43659269eaaad841e4730a7941435f0be92cb52812088729fade1980533d1c760a0cfccd
MYkVdbNQB3q5frKQ,1742057730289,1742057730289@PWAMYkVdbNQB3q5frKQ,ca47bf006e2e64c43c45813e6ed9eabd0a131457d55b0ef1d3bf61b173bb7fbaa3eec1b51a9b0522724471a3c54725de
MYkVdbNQB3q5frKQ,1742057730289,1742057730289@PWAMYkVdbNQB3q5frKQ,f80817945ed262f968eb59e4d243e73764af5c3abb5aac64869cea756a420738f54bc303b985015e2b2dc918c3cd54bf
MYkVdbNQB3q5frKQ,1742057730289,1742057730289@PWAMYkVdbNQB3q5frKQ,995556975168039108e531f79adf9821d1b7e0b68f1d9fa7e21710eb240a57c3cfa5647fc9f27a8a4c748b5e6e60a66c
MYkVdbNQB3q5frKQ,1742057730289,1742057730289@PWAMYkVdbNQB3q5frKQ,bc1e93b4216fd32945d99d75b273e1b0360c32fb3d3a83bb2f5528856bda5c1a5c7fd5f5270f6a6e3b4f8ad348941a68
MYkVdbNQB3q5frKQ,1742057730289,1742057730289@PWAMYkVdbNQB3q5frKQ,521522916c65debb7c8c48a10b77317c8d13dd0aaea94789cd18308833d6799743162c3526333d198826912e891d2d33
MYkVdbNQB3q5frKQ,1742057730289,1742057730289@PWAMYkVdbNQB3q5frKQ,850cd3212b143d3f768d046c62b75909b63ce790172c175bb5ba10dbc365c69b311dee30d85d53cb1deb258b220db62f
MYkVdbNQB3q5frKQ,1742057730289,1742057730289@PWAMYkVdbNQB3q5frKQ,397769ce39ec41424d1dff9a1f11952a31d6a9dfbb3a09034bb00a38a568e332574befca2fc7871b0555e95b202c5f94
MYkVdbNQB3q5frKQ,1742057730289,1742057730289@PWAMYkVdbNQB3q5frKQ,e721f82ef3523a787af5f82d17c93cb788beda97b2ed47aa253974502dcd936e805cd704d9fc6bd52b95cc73612195ca
MYkVdbNQB3q5frKQ,1742057730289,1742057730289@PWAMYkVdbNQB3q5frKQ,a405e646c3f784cf0df220d51a9df21567a8846cc032fa1db4cabda994d80c03e77133957ba358f1702ae4afe4fe9530
MYkVdbNQB3q5frKQ,1742057730289,1742057730289@PWAMYkVdbNQB3q5frKQ,2d1f0fdfdb85595ff78690fdc1e1703168b9fe81fd3ae1b55e36ea0bb56c51c17cae810f59327458873b9f454c1cc764
MYkVdbNQB3q5frKQ,1742057730289,1742057730289@PWAMYkVdbNQB3q5frKQ,6325052755edd7519134ac8fc6d311ae980490d8b566ae20e3495cd4c62f6913b5d808af1d5be5a79e6b44e0377516f8
MYkVdbNQB3q5frKQ,1742057730289,1742057730289@PWAMYkVdbNQB3q5frKQ,c397c82e7222a540bb99c8312421ac91d9ed8e5018d0b3e03df16b3eb7786bd179ca0afbadf214cc54cface430cc8be0
MYkVdbNQB3q5frKQ,1742057730289,1742057730289@PWAMYkVdbNQB3q5frKQ,0c33ecb46ef679e99fd9ff6ca1430a67955ef315d4b81959268ace8e164e6e56c16598c148621207384137f398845b91
xW09vxEjEtBW6CTY,1742057730289,1742057730289@PWAxW09vxEjEtBW6CTY,5f4bbe6ea3cadd5e0224341ef7fcf7b7ef3f294c2de0b039ae4319f6f0f48e3824c3296c7a99ca40d710cdd97e8e1550
xW09vxEjEtBW6CTY,1742057730289,1742057730289@PWAxW09vxEjEtBW6CTY,8f7fd3c976f1aad83654295a55469e24fe97810b140d698ab87d9d616b41035e27cc0930c8b7530a2d650c221e6c0136
xW09vxEjEtBW6CTY,1742057730289,1742057730289@PWAxW09vxEjEtBW6CTY,497ce1834875066c6463621e286780c2c88f60d57c3a24c129828246a45815e0a18c4545eb6cbae248bf0e74865c747d
xW09vxEjEtBW6CTY,1742057730289,1742057730289@PWAxW09vxEjEtBW6CTY,de186a7f70545bf811805060b16f4ca240c04ca3d52d11d947438f84072800564cc99d646ebbbc8e7f5a26ffca0581db
xW09vxEjEtBW6CTY,1742057730289,1742057730289@PWAxW09vxEjEtBW6CTY,03e36e540c9d3cbb1bd65cd4ef70074832d01a27bec47fcd4b7fbd9adbcfd61ab51b418de27ab680885cb32f71c20dad
xW09vxEjEtBW6CTY,1742057730289,1742057730289@PWAxW09vxEjEtBW6CTY,994e79c19f00b5ff008bb51b19e6fa8f78a85012db161e79d4ec82a3cac7a135d9861a4672b3360c84a1695a56956f2f
xW09vxEjEtBW6CTY,1742057730289,1742057730289@PWAxW09vxEjEtBW6CTY,9be2c30ed28909c714a911cccda267dbe502e1bc5005b53190355e102c92af66113678581b3ac5898f573429d6df14f5
xW09vxEjEtBW6CTY,1742057730289,1742057730289@PWAxW09vxEjEtBW6CTY,bc23a6dcfe53d75e5b39a3b117c2b7d3bd1a125405d298949dc479cd903b2ddc3951be4ee93d34f2fcb5fed283601215
xW09vxEjEtBW6CTY,1742057730289,1742057730289@PWAxW09vxEjEtBW6CTY,51545f768552dbde94c873789e1545d8758e5792849818c2591a928cbe27a29a30af5a63ab564b0dc2d5740eaef6c453
xW09vxEjEtBW6CTY,1742057730289,1742057730289@PWAxW09vxEjEtBW6CTY,b9bd8acfd45783aaec632b24150cfc43510976956141b6e6314cffd5897eb979c635253017cc95d83b05b4f910dd00ff
xW09vxEjEtBW6CTY,1742057730289,1742057730289@PWAxW09vxEjEtBW6CTY,62a1940ede92837973606e77e8d46bdc3e56a025a7d7bfc770800fc5ec77c932183ed311e77f78146b07ae26a7936338
xW09vxEjEtBW6CTY,1742057730289,1742057730289@PWAxW09vxEjEtBW6CTY,056e23928bdb546bc8f9a152035f66aba4199c7ee28cc497c882800abb8a2a3aa43fc5559b05b60c77b20d3c4a63c34e
xW09vxEjEtBW6CTY,1742057730289,1742057730289@PWAxW09vxEjEtBW6CTY,4683863efc5865e7bfe82c3e2dc3fe80145c9f236f7aca3b303f8db2303c6c6e750aadb129d08fc0a5767ef7c761f92f
xW09vxEjEtBW6CTY,1742057730289,1742057730289@PWAxW09vxEjEtBW6CTY,ae2685257199a69ee4fd74054330c90915afddaea3a9117b613c2a74d130c72be0c6eeb15f05e2e0bfe5398079386a2b
xW09vxEjEtBW6CTY,1742057730289,1742057730289@PWAxW09vxEjEtBW6CTY,cdb6ca624d96e04b58c3fc00a81273406728ef88e9e2a4e72c851615be8c5b69e09e3430370047e0b7e4d4fea6ed7f65
xW09vxEjEtBW6CTY,1742057730289,1742057730289@PWAxW09vxEjEtBW6CTY,eed016321bd17c43ae746fdf6cdb024e16f2dbb1bab82d28e9112ef6f9f4d1a4dfededf8a5526e804b1b3e03d76f928b
xW09vxEjEtBW6CTY,1742057730289,1742057730289@PWAxW09vxEjEtBW6CTY,0d0de0793bcbcb9a17e49470d1d1b6523049368964165574d1b6896c8e30e6b885ec4f0d6f5363d448586fb34105e262
xW09vxEjEtBW6CTY,1742057730289,1742057730289@PWAxW09vxEjEtBW6CTY,f3e4f0601347498b357aaec1c9811f9352000539313e162b652e86f34bcaf1a806a7c1a4450a804d76f47e3b9b797bfd
xW09vxEjEtBW6CTY,1742057730289,1742057730289@PWAxW09vxEjEtBW6CTY,32c482891cc64a4d790a7c0cec6953fff6f0114b7cd9ccf264d07ef864de0ee0bbd0d20e5e4e2a0e8baf602ab550c3e4
xW09vxEjEtBW6CTY,1742057730289,1742057730289@PWAxW09vxEjEtBW6CTY,d6221972e850bc670944c911c4ff9f204e684fa45100b1f79f36169b2accddea2e3be6f9c40ff2563d8441128d96a4cc
sp7EGjwFobhprx0M,1742057730289,1742057730289@PWAsp7EGjwFobhprx0M,567265c6e1ff2c8b3fd16273b9b179f0eec4c3769e4efe18fa260f06d407c224c47e4915cad2e1f07b899d2626884256
sp7EGjwFobhprx0M,1742057730289,1742057730289@PWAsp7EGjwFobhprx0M,99ecae35a837deaefc6d56d4f9e5116db2a29d597385f55ef03af912fa50c445949d096a01f23a59103b42a210810678
sp7EGjwFobhprx0M,1742057730289,1742057730289@PWAsp7EGjwFobhprx0M,94469924c80ae45dc9d37fe2af5390efe095d8bf8309719199cb2edd59b4c18592a05faab135fd596c59d650f2ceb7a0
sp7EGjwFobhprx0M,1742057730289,1742057730289@PWAsp7EGjwFobhprx0M,8d20e955931c04abf89f4f958979529c1e476e2062c4a5b8586e64f191d2e8e8a0217ae5fe32d36e911331d3eea244e4
sp7EGjwFobhprx0M,1742057730289,1742057730289@PWAsp7EGjwFobhprx0M,ba9d4eac7954d34fa541d9800a98bfc78c86c01d19c908e757bab3a2b829f08678ad034adec60baebdb8bb9902c29cc9
sp7EGjwFobhprx0M,1742057730289,1742057730289@PWAsp7EGjwFobhprx0M,1a60f831f913cec9f1174a09d480de39419b24a10b5af341967e8d6605fb2de93981d011ea833761278d50fa6793be36
sp7EGjwFobhprx0M,1742057730289,1742057730289@PWAsp7EGjwFobhprx0M,c28132ca04e5cacf36ce133b6126b7173bdd379481dfb0e0f680892ffac26695109de0bd94cab9b60c6e48be8a3db77a
sp7EGjwFobhprx0M,1742057730289,1742057730289@PWAsp7EGjwFobhprx0M,8c3dab97bf4195033ed3b1a2ec58fb278818dff24de15c91bc162dafe83ca321d34670d69f4bbc6b514cb93d96269caf
sp7EGjwFobhprx0M,1742057730289,1742057730289@PWAsp7EGjwFobhprx0M,0afc8b5045c01884fa95243c17087801086ab4ac59472268bd8e1cbabc4a6a3d9f855d695502a78591cf70ca8be2dc65
sp7EGjwFobhprx0M,1742057730289,1742057730289@PWAsp7EGjwFobhprx0M,49aa39d815b5c97fb86c49d72a54d24db87aec5853e3ccb9de86a5395283d4444d24d9879128e5145e03240e4b246808
sp7EGjwFobhprx0M,1742057730289,1742057730289@PWAsp7EGjwFobhprx0M,0fcb5098e7808364bbf81c26d54e159c709f3cf0fb4072e483cbe3484a59ad5d268ba35858633e85770224800ecab064
sp7EGjwFobhprx0M,1742057730289,1742057730289@PWAsp7EGjwFobhprx0M,09d0e7fa0d5a3d720a84983d02fafb9084887218ad9a8ebd08bdbbabc2f8e91079dfbec6597b1d6f342a36762779dc79
sp7EGjwFobhprx0M,1742057730289,1742057730289@PWAsp7EGjwFobhprx0M,7ca357d641af878fc45904b935a316d0226dc058328df9a9193b58e219b7824f41cf9444ef8b7a1cda53103d6676d527
sp7EGjwFobhprx0M,1742057730289,1742057730289@PWAsp7EGjwFobhprx0M,7dbf04e922a3137d3554048d1429e014a364141743863cb8b2616f8ceb2284922aa4940bf85c831ac551966cebc71d82
sp7EGjwFobhprx0M,1742057730289,1742057730289@PWAsp7EGjwFobhprx0M,db5692ce6cdfcd41e38006b4f2b45eaabb092cdebd4e2d94bcd723d8bc3f62c038f6b1bc2e1a8089ebc07e48a976da6c
sp7EGjwFobhprx0M,1742057730289,1742057730289@PWAsp7EGjwFobhprx0M,518e0285f057f33c6dab041c8065dfd904665eb978ee45636a271a913b0fdd5d204e4d6ed81fff91e2d561a32da44003
sp7EGjwFobhprx0M,1742057730289,1742057730289@PWAsp7EGjwFobhprx0M,eda79d8d9f5fa34ce1040d1bf0b9948668271980dda054524fbbbc7680d60c5f67d0064a4bdc00eed0433f4ca7a814e9
sp7EGjwFobhprx0M,1742057730289,1742057730289@PWAsp7EGjwFobhprx0M,44cb040d49c4680bfa7d25957325e4676d72f354ef14e29950d6d313881e44a5937aa04a87dc8e79cd018a6561a783ef
sp7EGjwFobhprx0M,1742057730289,1742057730289@PWAsp7EGjwFobhprx0M,e0dc2845039d8e8b07ce870a3db5226c80ebec8cf0312fabfd82156dea2b3a3349cf688202856467e2c8919e70fa531a
sp7EGjwFobhprx0M,1742057730289,1742057730289@PWAsp7EGjwFobhprx0M,733cc39c12f38b8088c20c7d4b7479a7310a41d488d96011d9f0c72812e865355e5eff9162a56992cacb1ce4aaf3a294
NpMgpoQn7ESTCzUp,1742057730289,1742057730289@PWANpMgpoQn7ESTCzUp,3faceabd7da477814ea2a64b0a406c18735e9379ffe7877dece686e57b62cde21059be09185a8178fb2f7f5f22ac41a5
NpMgpoQn7ESTCzUp,1742057730289,1742057730289@PWANpMgpoQn7ESTCzUp,8bc9d5985aef6ae8f70486be126cf44f62752ec5a9c814fd324ba1b1dd79c507c34318fb470abb3bda19d624662e2ab1
NpMgpoQn7ESTCzUp,1742057730289,1742057730289@PWANpMgpoQn7ESTCzUp,48c849fe2393843f61cbe3e9edc4a6616aeee0ce05faa0cbb13bfa4d58e1f49cf2c169225ef0818143ccd3a96ee9a8ba
NpMgpoQn7ESTCzUp,1742057730289,1742057730289@PWANpMgpoQn7ESTCzUp,daefae4194020077ec2c0138fc5f18873ee4d9134834f9537c181c5c6e05bf4b9b899ecb88a4433541819bf2df121cf5
NpMgpoQn7ESTCzUp,1742057730289,1742057730289@PWANpMgpoQn7ESTCzUp,e218daca19fcb673f9562720d734e78d03d152d0588c7dd29b22a1a439cec24debf05b302aadd829e70722a51d0f8d74
NpMgpoQn7ESTCzUp,1742057730289,1742057730289@PWANpMgpoQn7ESTCzUp,cfb197cbad274ca7735eab04205a4809ca31807bb9fd3e9ab13f4ec0cc2fb3a930c12889dc2b67f839c9ce99d105fe53
NpMgpoQn7ESTCzUp,1742057730289,1742057730289@PWANpMgpoQn7ESTCzUp,fdb5d57b997d64d35b34a836912d96e7afc50396d84f466494d3a83c2cb7b65ecd846e131f6d0e3d0e5c8f91fad9eab8
NpMgpoQn7ESTCzUp,1742057730289,1742057730289@PWANpMgpoQn7ESTCzUp,395b4de3de66fc338ac5288d948e6c347fdb2de471ad982cf979c287f6919e03e30ea75f44e5bf232a77c6640ef2773a
NpMgpoQn7ESTCzUp,1742057730289,1742057730289@PWANpMgpoQn7ESTCzUp,e8bfeace11651564eec808c237e457342d4b3e2f728a50361cc6c00348f9004376a8477dfc6b328d1ccf22ebc016e344
NpMgpoQn7ESTCzUp,1742057730289,1742057730289@PWANpMgpoQn7ESTCzUp,e971aaadba9115912e01a29b1b3f52db7f1e71ce75c809109ff16feda44bd0dc3f13543b47738dca05d1b4566811e818
NpMgpoQn7ESTCzUp,1742057730289,1742057730289@PWANpMgpoQn7ESTCzUp,a5b8b58ec12bff18a8485f9ff1b127e4987dad1ca34a92bfedfbfb677964ad7f9a8a1c073f72406126ed47cb257fa661
NpMgpoQn7ESTCzUp,1742057730289,1742057730289@PWANpMgpoQn7ESTCzUp,a2f450bc7b466cee8c9c3831abd1f538b8e870e9dd34bc01f44b1415b48335f93fb7cae010d94ae13401592a4ea816ab
NpMgpoQn7ESTCzUp,1742057730289,1742057730289@PWANpMgpoQn7ESTCzUp,832a8597177f4d0023a0e32d75478e0e130e83647ab6a4503e0852cadfd2f47527d6811ce98b1743bd46811f112bf127
NpMgpoQn7ESTCzUp,1742057730289,1742057730289@PWANpMgpoQn7ESTCzUp,f4230b0b6264a3ce929cd07fd9a197ac6a014cb53bae615165c30ac4993dd566c3f2a6232d6b38d3983a8e69de86a375
NpMgpoQn7ESTCzUp,1742057730289,1742057730289@PWANpMgpoQn7ESTCzUp,57e834c21e4c609457645d74111699a8f71b83b1267f51a5e5b4d1611a671bdcc4159265168807d020b1b583c6e6dfba
NpMgpoQn7ESTCzUp,1742057730289,1742057730289@PWANpMgpoQn7ESTCzUp,510e015bffbef80212a194c9e08a610dc0168d2d00e8ec51e954cc088e696b0770f3f8ecfd303bfc45e3ff7609248ef1
NpMgpoQn7ESTCzUp,1742057730289,1742057730289@PWANpMgpoQn7ESTCzUp,af4d6dbdc653d4d98c9b0a06995a94bf1410552c360fc6d2cc84f698bcfe7bae8480963010a5f976f2e55780dfec27fa
NpMgpoQn7ESTCzUp,1742057730289,1742057730289@PWANpMgpoQn7ESTCzUp,57cfe88868b05cf437394859cf574e2be9f01deb31d92260dda898ef5c442a8abb3b2447f57ec0606f52030276dda039
NpMgpoQn7ESTCzUp,1742057730289,1742057730289@PWANpMgpoQn7ESTCzUp,d27420c638b8c9a30eae4bc13b700bdb7fccaf7eedf7f86df9e9d8187dd9fe0b3234f131e1f541948cc34f23ed899921
NpMgpoQn7ESTCzUp,1742057730289,1742057730289@PWANpMgpoQn7ESTCzUp,496a54cc8a6201ff90683649aaa2d79d2b53e4d3713506a870b1b88f57fb1e1a26f64fd4096eb1122c0c740fd0ae2e71
7RcFMQHvqHSR3LjV,1742057730289,1742057730289@PWA7RcFMQHvqHSR3LjV,039e1b509373c9f34e04b885246342a6d7132945772d3fbc23776d4f7717f5c69be9d3473352a90269f9ba2c8561a5b3
7RcFMQHvqHSR3LjV,1742057730289,1742057730289@PWA7RcFMQHvqHSR3LjV,97c9711ed7c67eb0b4de41653421a5fd94f567fe6fda62a702610a142af84b02e257083eebd2fe43692720786d1be60f
7RcFMQHvqHSR3LjV,1742057730289,1742057730289@PWA7RcFMQHvqHSR3LjV,3bb604552c05483702c9c635e5b594c3f40b48557c33cea44e6497946093292a1a3cd6221cb2a25a406bbf4af80ef4ed
7RcFMQHvqHSR3LjV,1742057730289,1742057730289@PWA7RcFMQHvqHSR3LjV,eb43d697d07ed3d5d39250b6db811186fe87bdebfd18ca67a9106ff9eeb17f6a87944e49e8eb9e8451ad598ee9464097
7RcFMQHvqHSR3LjV,1742057730289,1742057730289@PWA7RcFMQHvqHSR3LjV,00a9f904011d9b7f3e2c507f0123b8fe331942e392d69b96196e17c65ac6635ef3d003228d74b3d13d85b62ab1f5a66c
7RcFMQHvqHSR3LjV,1742057730289,1742057730289@PWA7RcFMQHvqHSR3LjV,df8716a27b7ead654d93386456027364b51bf78bc6d04cc251f3b9284efbf8a9d0b4eb07fe62c371db6db0e0f8cd65d1
7RcFMQHvqHSR3LjV,1742057730289,1742057730289@PWA7RcFMQHvqHSR3LjV,309ede0577420faa189c38c3e166828838500aabec225c116766aacd0f1e5c952bf2593d0255935f4ea00516e6e5f3ab
7RcFMQHvqHSR3LjV,1742057730289,1742057730289@PWA7RcFMQHvqHSR3LjV,b3b9276816a905407408b1a937458224032de95e61ff511e7c92ab53ca2fddb7fbf22a9ccb136dcd7b7af1e851459767
7RcFMQHvqHSR3LjV,1742057730289,1742057730289@PWA7RcFMQHvqHSR3LjV,41476668325350e75d43cc7800588c0a1c505d59deacdc85518be6860e2a1197d6d0431616e7c6566de6a4acfcf4bb9c
7RcFMQHvqHSR3LjV,1742057730289,1742057730289@PWA7RcFMQHvqHSR3LjV,6e10346d635f81b15de1874e150d6d3af4903ab698e9a3978ea9ff2eabcc08351dcb867d61a9fbf9241466612b5eb880
7RcFMQHvqHSR3LjV,1742057730289,1742057730289@PWA7RcFMQHvqHSR3LjV,f29fde29d3f0fd5b054510914f0567dc11dee693e9bfff922c47033ec0e2d47beeecdc941d860c167aaea01522918cf9
7RcFMQHvqHSR3LjV,1742057730289,1742057730289@PWA7RcFMQHvqHSR3LjV,22e4071d818aed825c0349b63aff34901df162b83d1afd87d7ec2321a248ca5e52aa58d6ac0881363ddc837e55db9532
7RcFMQHvqHSR3LjV,1742057730289,1742057730289@PWA7RcFMQHvqHSR3LjV,2a855ff27c385397d6e4b5748b7fe4f159c2417b789a4b82dcfc7db56cba745e7b0260c0f06aa52888c25c9eb08f5eec
7RcFMQHvqHSR3LjV,1742057730289,1742057730289@PWA7RcFMQHvqHSR3LjV,4801648f146a59f51e859b175f1886dc40b79b0bb999bb444bfcc58286662ae696576780705fafee3f1e3585d1b70f0c
7RcFMQHvqHSR3LjV,1742057730289,1742057730289@PWA7RcFMQHvqHSR3LjV,ef114e3de3767f6928d8e1fdb2140e7d062d7476627512a7ce8f9b002f8fb214240f024066e29dd77c7ff1eba06af12e
7RcFMQHvqHSR3LjV,1742057730289,1742057730289@PWA7RcFMQHvqHSR3LjV,6c3e2184b0f6f48d6c6374fe5a966e061e7aa2d9b7b88a132b1cbd30d6662c07980879fabe97f0cf498c12197d603962
7RcFMQHvqHSR3LjV,1742057730289,1742057730289@PWA7RcFMQHvqHSR3LjV,beac80b3dbac8ca16eba4eab24f52ba7764f4235f0587afd13c9487b80e4df3d70d5871b77a32aa54142f2abe4ee327d
7RcFMQHvqHSR3LjV,1742057730289,1742057730289@PWA7RcFMQHvqHSR3LjV,bb29fda60a952a8c3c6e0bea5865d3d550b891414ac498c1d609e67b14794b149bb780f5483482d0a161c2dae3662f48
7RcFMQHvqHSR3LjV,1742057730289,1742057730289@PWA7RcFMQHvqHSR3LjV,27976273a48517c4357c9fc2d863d08b83b13007f2d556a61eeefb97b1dca1cc8fc5e4138976044f774f3d485e98e7d7
7RcFMQHvqHSR3LjV,1742057730289,1742057730289@PWA7RcFMQHvqHSR3LjV,7ca01af3740f73c9c62c3f1e97e7866202c483eaf8b450b65db73fe7cf90f8c3b670f5090a65aa8b1b819442e5798961
nn4mFcQGC8LcIolu,1742057730289,1742057730289@PWAnn4mFcQGC8LcIolu,d3f05a8b24817965eed0fc09493cb363053e60acdbd4b37e2ce9213d5afb8a19dfc2fed9df54b5d29e5401c73625103c
nn4mFcQGC8LcIolu,1742057730290,1742057730290@PWAnn4mFcQGC8LcIolu,1b73d628160c25216742b2064130690aef0487a47316010e372a224caba8299b6d6a31f48a32a910945049e2fcac93ca
nn4mFcQGC8LcIolu,1742057730290,1742057730290@PWAnn4mFcQGC8LcIolu,947ce427b0f8c43c4e78216c30d5592f8de71c266d7731503dc4348c0cefdfa05377a0332babc9c63f8976ca7a34efcd
nn4mFcQGC8LcIolu,1742057730290,1742057730290@PWAnn4mFcQGC8LcIolu,8ed0a5cc7bff63d6b3478a2d82feabf2bf1873b2533926222f1aec202b12e4ffa7aa1f6666ac551b4b24eccd326fb344
nn4mFcQGC8LcIolu,1742057730290,1742057730290@PWAnn4mFcQGC8LcIolu,cc9a838678df8ef2cbf1e9bdfebcfdebf37e7386cb9b294163891c5da800150156ee6e54f4f0b689ffd4581b98384265
nn4mFcQGC8LcIolu,1742057730290,1742057730290@PWAnn4mFcQGC8LcIolu,b5a72e3ee05c15d316a8b470e563376e05b0584df62eeec67d4b6eab0fcbbba90b49a4e8e4daca995833bb4c73c667aa
nn4mFcQGC8LcIolu,1742057730290,1742057730290@PWAnn4mFcQGC8LcIolu,20ef9d6a22db03cd95926dec2a8bcdabfc4c1fae7e937693b5fe7298e4419790009861a1947b28c1015eeab2101989d6
nn4mFcQGC8LcIolu,1742057730290,1742057730290@PWAnn4mFcQGC8LcIolu,19852ebca2bae71f5887c5c6724f5aad9e04d226639050c1944a5625ecaf296a06a41b5e690a62ebba5c85c4dd21e314
nn4mFcQGC8LcIolu,1742057730290,1742057730290@PWAnn4mFcQGC8LcIolu,3d6ab7b40295a133feab5a29f4205bd722008d80dc9dc5bf4f70ee62ac0ca310f00a2e56d568c5c6b8a6623f5a1082d2
nn4mFcQGC8LcIolu,1742057730290,1742057730290@PWAnn4mFcQGC8LcIolu,e8520917f9f49ce7d4009feb2dc78b72122a91506d7bbd205a598203322af45387e8ab93f21621a2df7622bd9010cb20
nn4mFcQGC8LcIolu,1742057730290,1742057730290@PWAnn4mFcQGC8LcIolu,a10cbf2c9cf71bf6fd02e33fa6f9956a4d55d0cd7ba09918fc224249e3636262fa164c0d06c363b52c045f6e34dc978e
nn4mFcQGC8LcIolu,1742057730290,1742057730290@PWAnn4mFcQGC8LcIolu,20bee403029dfd2afbed2e58402ebd81def8c3cfdf2ae2df752110f4371ff86c2ee8b91626f5b8eed15878722e14300e
nn4mFcQGC8LcIolu,1742057730290,1742057730290@PWAnn4mFcQGC8LcIolu,ad4de6311bbb5741aa4627ad042b98a7eb0bbb507c2a66bdb46804989c6ad1e54d809d65ce12e24b2436b1365a6e4d18
nn4mFcQGC8LcIolu,1742057730290,1742057730290@PWAnn4mFcQGC8LcIolu,4ac9b83e446843fc3480b8adc1e051c43e04566adb81acc0216f5a4a4cf7ca9124bf7a92b47ef1ecb5939743f8963e0e
nn4mFcQGC8LcIolu,1742057730290,1742057730290@PWAnn4mFcQGC8LcIolu,905d08b431d17cb15dcf3a3cd9f22123a31e00e35df117c81fb2726e15bc99bbd78c36d930b41117233fe99d346c2381
nn4mFcQGC8LcIolu,1742057730290,1742057730290@PWAnn4mFcQGC8LcIolu,ff230f0e83925715d632da79c8e378e31acb3f43443ec7247140ef0f6a1f21e5a09544ab47276d0f5c4fbe157ecdf90d
nn4mFcQGC8LcIolu,1742057730290,1742057730290@PWAnn4mFcQGC8LcIolu,dce75e9fe5569b9e82610653e614c47243fb3c22cfcf85e18b7bdb0d27720fa3db8f65c034cf4b125ff134345496deec
nn4mFcQGC8LcIolu,1742057730290,1742057730290@PWAnn4mFcQGC8LcIolu,c2be055727367b7a52ebf8f50c3808120bb03b326c831f77cb937662a7113ba34de9a549e8b9666863cb9e8184542329
nn4mFcQGC8LcIolu,1742057730290,1742057730290@PWAnn4mFcQGC8LcIolu,f22a8f3436906b59a0b015dbab190b2a48e42ffc898a9de9be76eec6ce153640e6279b7a5e26f9902de4f75ad2f5001c
nn4mFcQGC8LcIolu,1742057730290,1742057730290@PWAnn4mFcQGC8LcIolu,272c329689a53e483690cfedb1217b04c0de19e3b1d46c616f350d7ddbbf3353caff0c7c1b24c9cb38b224c504df19fe
8IKLNh23xFFpeEli,1742057730290,1742057730290@PWA8IKLNh23xFFpeEli,98bb0110694805f30551aa1a1f1d976a19a27562e1d213de093caf2637ae35de893a833712532d0fbad63908d3879b92
8IKLNh23xFFpeEli,1742057730290,1742057730290@PWA8IKLNh23xFFpeEli,f498534e350e1890b47b89cc80c538a4d350f15728a2758cb99442129da3afab1c9feccfb1fa411ec9c1760e9e1c61c3
8IKLNh23xFFpeEli,1742057730290,1742057730290@PWA8IKLNh23xFFpeEli,9556ded1aecf1a7d2f0019f24cd97c7d2d166b0ce1afb59a9dd65550898ebb21fc8e8a670173999d78450865bf7bc693
8IKLNh23xFFpeEli,1742057730290,1742057730290@PWA8IKLNh23xFFpeEli,390019c9a111a8293ef87a5d175440e7b146732837a53ca094d803b5ba9c364494c91ab9b129328605cfc52a67032d49
8IKLNh23xFFpeEli,1742057730290,1742057730290@PWA8IKLNh23xFFpeEli,a5143ffe1883224a8dce205f5326e1359bcdbb5a7b502a75b5a0954f515117a2620a144218be4616fa5ee83a5e2e6340
8IKLNh23xFFpeEli,1742057730290,1742057730290@PWA8IKLNh23xFFpeEli,ddbfc655ac6b0f47886ad571d98f56c70d52983f7a7f1c517b0480e397a4753863e8aed62db437670fbf188010b9830d
8IKLNh23xFFpeEli,1742057730290,1742057730290@PWA8IKLNh23xFFpeEli,c2c189391b7febed017c604251cf89a80c7bb329a76940cbfb2728c710de62509898a0e2e2d90b7d4691eefd5dedccc6
8IKLNh23xFFpeEli,1742057730290,1742057730290@PWA8IKLNh23xFFpeEli,1abe6132168e8ca1fb8957e0f4328ee2325a96da6ec668996ea80cc711ff3555fccb3a9705f67da688bd19dcb70d0fee
8IKLNh23xFFpeEli,1742057730290,1742057730290@PWA8IKLNh23xFFpeEli,dc331c68b307571932c5134674e1cc93430b7cee90e978ddce1204cdba4e284aed3e24675a144c1f98d95c6541ec789d
8IKLNh23xFFpeEli,1742057730290,1742057730290@PWA8IKLNh23xFFpeEli,b6b7bec8cca18fcee50aaa252d00c71071e339b942bc93b14b317640800514b99bbc22f4162cb6b4ff5df5bf1624d2ae
8IKLNh23xFFpeEli,1742057730290,1742057730290@PWA8IKLNh23xFFpeEli,358e1c083078efce9c31eb110aca0d9215de2bdeffe1da901260c88df6ae69f49c6f1dcb252ec30628dc80fca1dc1312
8IKLNh23xFFpeEli,1742057730290,1742057730290@PWA8IKLNh23xFFpeEli,ef5c96dc59f890403307967bb113a8350a5dc746c3ce942471ff18ef2212ba31f6c96750714d0cb52ef1543c3472e10e
8IKLNh23xFFpeEli,1742057730290,1742057730290@PWA8IKLNh23xFFpeEli,dbac7868cfaafd8a646396fefc8b9b754e7f9eb39f1302300f8a1e921dfa5dc8ad26a6c278e512fd57ec660af9053c4a
8IKLNh23xFFpeEli,1742057730290,1742057730290@PWA8IKLNh23xFFpeEli,08f4b22aa763cef1a89216f3d1bd4929dc64c245f98af4a7f33de9f0e2ea200672ecfec825fb34462c0ffbce32e6710c
8IKLNh23xFFpeEli,1742057730290,1742057730290@PWA8IKLNh23xFFpeEli,95cbbfdbc4ee7cc5a9f541e1cbda746e3bc4554c09b1133544d223681a86f2dd7f965518c76d58ea1251a75f5175ff18
8IKLNh23xFFpeEli,1742057730290,1742057730290@PWA8IKLNh23xFFpeEli,9f8b6616af875ca96866175c02f9c187b31f7dbf39feaefafb64ff0e9c832b17e21dd119694f1e90e12727073ad06c0c
8IKLNh23xFFpeEli,1742057730290,1742057730290@PWA8IKLNh23xFFpeEli,0b6fe9a9ecb30daa76ea619c3748eb3527f84f1915e9cc01bdeaeaf2910381ae25c94b5365ace5a0297c7c9c9ac04719
8IKLNh23xFFpeEli,1742057730290,1742057730290@PWA8IKLNh23xFFpeEli,68b7d2397402c41d4039fa8894e3ac1f3db9e964c81f41a512bed8db6206a1b681144a720ebdbdea03dd29f9464f2f3e
8IKLNh23xFFpeEli,1742057730290,1742057730290@PWA8IKLNh23xFFpeEli,ad838819358b8ad03632007313bb15e93a9f57ac006106ea8f27a02617028bcca3cc92c44aa60aa6fc5f65761661dbe1
8IKLNh23xFFpeEli,1742057730290,1742057730290@PWA8IKLNh23xFFpeEli,09331714e277cc27cbcd8954cd490a83ee0a93f886948acc3632021556af0838252bd0ec443c81fdbe1bb5f5a78c9749
dnd7kaXsVu3CC5AT,1742057730290,1742057730290@PWAdnd7kaXsVu3CC5AT,d4b583afb49857c59194763593ece2b92396d92c288a82361f9bbb0aaa6c2c82f0f6956b049dbbc8544782a8d69b8f62
dnd7kaXsVu3CC5AT,1742057730290,1742057730290@PWAdnd7kaXsVu3CC5AT,e13b8061ba51ba4683ffb254cfad9f73f1d90dc3ff3f1e20a9ac92d477f23ba9cb8bcc4b76ba1b176d85c62d00708e78
dnd7kaXsVu3CC5AT,1742057730290,1742057730290@PWAdnd7kaXsVu3CC5AT,a2e077cde75f8b00f64156164d7df05142a75862cb4f56cbdddde62bc66b365812681cedf21d87de67b7e05037be098c
dnd7kaXsVu3CC5AT,1742057730290,1742057730290@PWAdnd7kaXsVu3CC5AT,bd4e3696e508ad48635446f7bbd1ef8cad8a3bb6a1f6ce23f3bbdf1d5c0aca22fd78049ea762abae8f3b31a64a6923c1
dnd7kaXsVu3CC5AT,1742057730290,1742057730290@PWAdnd7kaXsVu3CC5AT,ce8642fd3dfbba8cc6a193520ac1b16b130e6b99b9d4b62869f939710b7f89f51a9d188a9bba1809425baffbb3fc4054
dnd7kaXsVu3CC5AT,1742057730290,1742057730290@PWAdnd7kaXsVu3CC5AT,70fbd87dd3e6acd6f0a1b6c6eb5689e761733be7ba62104bc9c20079565d67b40578106d4318be7c6fc46c3a4a3225f3
dnd7kaXsVu3CC5AT,1742057730290,1742057730290@PWAdnd7kaXsVu3CC5AT,edb22d4beae810232ecb0de45ba4b9ca02e871b4f8d9896355b808426d0e732ab2eb9f58674667768552e600ac61c556
dnd7kaXsVu3CC5AT,1742057730290,1742057730290@PWAdnd7kaXsVu3CC5AT,aaa6b384a69e1e205495a5b4e4473ee6a91f8c8042dae6ba6eb3cf14432c2f2cee68b5fb40d3fbd87299fe387ba92e94
dnd7kaXsVu3CC5AT,1742057730290,1742057730290@PWAdnd7kaXsVu3CC5AT,24958700c19627d11b1b06abc82fddf6b8a8d1ae75474189980e417bab31112b560e1229d1c8ef43be8cc590d4a27244
dnd7kaXsVu3CC5AT,1742057730290,1742057730290@PWAdnd7kaXsVu3CC5AT,160d3301c2c8b9a5b6b0f41cba2eaf5038a7261b3d5dc707415889452dce91c7b0d58d4dff6931e6faf5339a25557c36
dnd7kaXsVu3CC5AT,1742057730290,1742057730290@PWAdnd7kaXsVu3CC5AT,5ab60ba142dcc618d71e1e7bc1256edfd90be51692a25a40d700218e70f21ba3c72f760476a1991c87b3effd6104b431
dnd7kaXsVu3CC5AT,1742057730290,1742057730290@PWAdnd7kaXsVu3CC5AT,979a3cf1f4422af554f5d57ffde28d084fa2c7f372dc567371893277a8f0edc0579ba9abf66192a8a5b12e793b8572f3
dnd7kaXsVu3CC5AT,1742057730290,1742057730290@PWAdnd7kaXsVu3CC5AT,906162169044c5d446750056dc3fdc2ae922f83f4e06a977768b09c17002897c07412a47de29d48a344b6622dff2e401
dnd7kaXsVu3CC5AT,1742057730290,1742057730290@PWAdnd7kaXsVu3CC5AT,654b24dd1cc04352e9ac4aa4a07af9e595ff531b1268c6d57dc53d1b10cd354b5985416de1cd5bb54b29d9e89b899a70
dnd7kaXsVu3CC5AT,1742057730290,1742057730290@PWAdnd7kaXsVu3CC5AT,6d30faa505938baca45b537640fd7905fc32036417f5199c2fc5244aee514efb80c960247f8b342f9950064d06af8a52
dnd7kaXsVu3CC5AT,1742057730290,1742057730290@PWAdnd7kaXsVu3CC5AT,ff6dd9b4316e33a932ba170cf05d34329e7315473889108583b3b56e4a52686db75dce0ba6c9ecb8cd62060453e8fdf3
dnd7kaXsVu3CC5AT,1742057730290,1742057730290@PWAdnd7kaXsVu3CC5AT,9462d23548a466534d6b705d3c908f94161939a4bccd27a985d2fdb353961405f4c98dbd07c63c027e86d40b5eae8234
dnd7kaXsVu3CC5AT,1742057730290,1742057730290@PWAdnd7kaXsVu3CC5AT,59efae82bcfb0787461c63692e8f716f8825469e103be3ad13f169ef1ae320126df9caeb392fe8f5394e4dd7a0cc19e8
dnd7kaXsVu3CC5AT,1742057730290,1742057730290@PWAdnd7kaXsVu3CC5AT,97556431cfb171868ac2a2be246938545936b9e842060afc3a51c866a65ce8689cdc6992f7d2fff21eaa0a222114a9c3
dnd7kaXsVu3CC5AT,1742057730290,1742057730290@PWAdnd7kaXsVu3CC5AT,8c34fc26c585ef4cad0c25aaa47859b65eb2357ad554ad4526110c209837fd7d6579c1d00875e49cb24d6dcf8580395c
9R6infiAbK6TPb61,1742057730290,1742057730290@PWA9R6infiAbK6TPb61,3a253a55b5b3f78aaffb6907334fee0d7feef4391f5e01f372b253579e4271b2ca1e3db091e083657e39351327ad15a4
9R6infiAbK6TPb61,1742057730290,1742057730290@PWA9R6infiAbK6TPb61,f67b93fe8d1b581b7860d00eb930b24a77b13d5be294c650042129a35624268f24ac12d3d7cf355be64f7352c3c48350
9R6infiAbK6TPb61,1742057730290,1742057730290@PWA9R6infiAbK6TPb61,6faca0760ab03b5a4830b860eaeb6cd9bf6b6bf649857f2729a7960a1539c21bedb2c7db9d75e646ea813d0d1dfe178a
9R6infiAbK6TPb61,1742057730290,1742057730290@PWA9R6infiAbK6TPb61,67397f9eeff71f1ff02471dbfdc5c67a50f21462ae7ec2173ebacc01966dc97fc1776241ef7b24cd176b9692be0da488
9R6infiAbK6TPb61,1742057730290,1742057730290@PWA9R6infiAbK6TPb61,2ea1841cafb5c40ea1686a4ff35dfabb547b18d26c914eff75759d053ed9dfbbedf6c4e998e370540ef7049a020bfa92
9R6infiAbK6TPb61,1742057730290,1742057730290@PWA9R6infiAbK6TPb61,918dace5c9fc74f76056ba0c18406af9328d202707943e25e27e9a963b8962ba566356159d083355e62ef6c8fb61616d
9R6infiAbK6TPb61,1742057730290,1742057730290@PWA9R6infiAbK6TPb61,f8fb1f9d96aa62a055c45319c3b9f682b9deba0c0a2efa7a67168b3a20f995ce97c458caee92c1c628f865eb30e64080
9R6infiAbK6TPb61,1742057730290,1742057730290@PWA9R6infiAbK6TPb61,fa208bc329b1a18da31b4cd92f06e589c6b4c00aa56d3ea59a3fdfa66d1c99ecb4a08dc9cf5c4ae7d7b7de9e02a892c5
9R6infiAbK6TPb61,1742057730290,1742057730290@PWA9R6infiAbK6TPb61,f300248c5b19f7ef04f211441bcc8505b4f224706e7805da009d7e7cb4349982b3a245620a148b09396fa26347ee3fbc
9R6infiAbK6TPb61,1742057730290,1742057730290@PWA9R6infiAbK6TPb61,3fdd09f468ee303dac4b5ed4df8d139bd8652ed6019821b8347af73f7114bb5d3aa65b039dc86ffecb6d4ca421abd492
9R6infiAbK6TPb61,1742057730290,1742057730290@PWA9R6infiAbK6TPb61,c71a0b8a631cb56a78248c5652df2d2eeaff6579117d7a650337d6e0b2cc7edad7c031799433eac8382319db23a1ac29
9R6infiAbK6TPb61,1742057730290,1742057730290@PWA9R6infiAbK6TPb61,0833f48e0d30410c8da4aed66bd2c21a18180c2a04dcd9bd9e45a23a6a41b9707bd9ec29f6bb9ba341a064831fd0be74
9R6infiAbK6TPb61,1742057730290,1742057730290@PWA9R6infiAbK6TPb61,91c038e992dac261bf5fa055a1f21729754e50be51b3325892e5e6f3031e1788cf346a2ee5fe0e146422772074886b8d
9R6infiAbK6TPb61,1742057730290,1742057730290@PWA9R6infiAbK6TPb61,029d54800f6fd8d45ebabc37a794014ff591e303072b211c9ffd201e5810e36c7e52a1cb5a319359cacb0c79e07d166d
9R6infiAbK6TPb61,1742057730290,1742057730290@PWA9R6infiAbK6TPb61,293e74f2d3b46c08bd44ab24deabcafc5428196330c817d2ed59dc0088815e5bfb6590905854e8eda9ecaadfd0eef937
9R6infiAbK6TPb61,1742057730290,1742057730290@PWA9R6infiAbK6TPb61,8b2c9b80a0d3e389fe0dca0fb1d177829d91e4f893cbe5bb45b8dbbfdc2f32f9b060be2d51e168ef5a5ecf934ad0156f
9R6infiAbK6TPb61,1742057730290,1742057730290@PWA9R6infiAbK6TPb61,8aab14fdf1e00b898452416b857dd811bfff1a89ab0a1d891263956e22cb776d35b4bc319ca4b7c64280020a662088f5
9R6infiAbK6TPb61,1742057730290,1742057730290@PWA9R6infiAbK6TPb61,7d2e7b1d2ba25cdf88ccf781c582346e655acb47e30756d9b3d9bd7babfae8b9ee03260aebb447bcf682493b2200388d
9R6infiAbK6TPb61,1742057730290,1742057730290@PWA9R6infiAbK6TPb61,6f659af71ce21d83d8f332d65b9218ddd54becc72dd92a179b8b7cc3e29290f0a93d03dec6d2c9cbc4333ce33a6f886f
9R6infiAbK6TPb61,1742057730290,1742057730290@PWA9R6infiAbK6TPb61,09785c27e1cd5ab76b097a472b580c582c66574a2e18af9a089676b6db9b44f09395aa2ef7148dc705337e3631714420
Tlh4dmD9kZh7xaNl,1742057730290,1742057730290@PWATlh4dmD9kZh7xaNl,d8be0837a2174fafecd3dce66147cedc83e2cf3aa28cb8f85de8c12a6c6ff5273483cac9f76df0f865cabae93c23a63d
Tlh4dmD9kZh7xaNl,1742057730290,1742057730290@PWATlh4dmD9kZh7xaNl,d16dc65cd91d7566c88489bc29df3900c33b06002b8599ca6e5ac37e7ef257c8f7f1c93526353749a162404dc10eea1b
Tlh4dmD9kZh7xaNl,1742057730290,1742057730290@PWATlh4dmD9kZh7xaNl,1360ebec4c983a3f440d148cd11b5bf5de4f58f59ca8f10ba702ae7015ac2f3d2237725eec9d52de32925bb8ec040b35
Tlh4dmD9kZh7xaNl,1742057730290,1742057730290@PWATlh4dmD9kZh7xaNl,6c7f7a81ef540a96894d94f7e5aa7bfe858c1c45f1fc973eaef27c486195b8ae63704eec47d611307cd1f5785cdbaa12
Tlh4dmD9kZh7xaNl,1742057730290,1742057730290@PWATlh4dmD9kZh7xaNl,a4169e3196458df6e5e51005c8c3771bc94103a4ef71a8a6d3f62c8b98b1529fe73b9eed5d8277a746fb4460509c6da3
Tlh4dmD9kZh7xaNl,1742057730290,1742057730290@PWATlh4dmD9kZh7xaNl,8da9649a6d6daf122de71ff8a627206147e6e229fec4bb602b4f03acad44ccbd23962d3e5ba1f503d54b93c32f9575a7
Tlh4dmD9kZh7xaNl,1742057730290,1742057730290@PWATlh4dmD9kZh7xaNl,235b2c32b3e4eb95459d4403f83c69946fb327bb9392d410851e2f65312d8c68ab7a8283cd91eb610c5e5e534f90ef53
Tlh4dmD9kZh7xaNl,1742057730290,1742057730290@PWATlh4dmD9kZh7xaNl,b4d925d28fc84effbb1d5b1860098c9dbc393f00be51a035392eeddc56b9ce9aad5b2d0d725190f3e8b62699869f8852
Tlh4dmD9kZh7xaNl,1742057730290,1742057730290@PWATlh4dmD9kZh7xaNl,9203d291c56851164ee508e35c9c4bb85f3d0557bf2d706856ba7814bd4597cc856ad9fd1dd4e6adcebaf1bbf7dd0ccf
Tlh4dmD9kZh7xaNl,1742057730290,1742057730290@PWATlh4dmD9kZh7xaNl,9f21cf66d7e2d23db978e9426185429a3f1b748ab73f0906b0b9f3246abc0e441d6b8e3014c2a4afa7a8f49a2bc7b905
Tlh4dmD9kZh7xaNl,1742057730290,1742057730290@PWATlh4dmD9kZh7xaNl,db01ce3f5cb3f24aaaf1b5c6403b5d7cf69a6b229cc18ed1d990b1e71f80e0ad2718424ebc3d0c8495fe2af7e2a405d8
Tlh4dmD9kZh7xaNl,1742057730290,1742057730290@PWATlh4dmD9kZh7xaNl,90db85537e634b11ac2583c01ddaa5c34d13685d2b8c8f95c828ba65d934b5134d5af427ae3050228020e8717ca6ff7f
Tlh4dmD9kZh7xaNl,1742057730290,1742057730290@PWATlh4dmD9kZh7xaNl,c4c201ba95861d370a92f11a39c89dff0fd34e688383b21ccc144b0d71ee4a2a1d0b4de0a73db3332fafb9a4049d89cd
Tlh4dmD9kZh7xaNl,1742057730290,1742057730290@PWATlh4dmD9kZh7xaNl,711603d396dc3a35a35b13fb5a07bbf24f190388850505532f86c47cc38cb76fc9683142283015f894e15038b46b1f71
Tlh4dmD9kZh7xaNl,1742057730290,1742057730290@PWATlh4dmD9kZh7xaNl,b32c2692dfecf3774a2f0269ea6290bac734fbb54c2161252cf8e3b629f484486cde9f9868488eba86ad9254d34d3b9e
Tlh4dmD9kZh7xaNl,1742057730290,1742057730290@PWATlh4dmD9kZh7xaNl,3e924a468ebbfc0bf224327b19fa4e525c4fc81eb56546b321d33853c5feca1f12532d268ad85c73aa70c621040d71ed
Tlh4dmD9kZh7xaNl,1742057730290,1742057730290@PWATlh4dmD9kZh7xaNl,4d81da80642e760d23daa2b1617d1b8ffb65215fdc79d9fbaf2fc33b1cc6ddcc785ad04a4a0a92cb59cfe5fb7b6e57a1
Tlh4dmD9kZh7xaNl,1742057730290,1742057730290@PWATlh4dmD9kZh7xaNl,bf79395344e95911fcd8222571b85755622ee817314c4c8b7132d3502890c703401fedf258d1b3b91cb55a6cf6e31c50
Tlh4dmD9kZh7xaNl,1742057730290,1742057730290@PWATlh4dmD9kZh7xaNl,e12fff4e2ba39d2adc9a856ceb2de7213d1a7969cd59922ff2a7e53605974b9df42459fcba2fc51d385da8d157040eed
Tlh4dmD9kZh7xaNl,1742057730290,1742057730290@PWATlh4dmD9kZh7xaNl,92f415e0e2447bfc0ddc41b82459dc7e66d77a60fab5e8e8567da3a7082b899d25a15207110f269af97b4d2ae8900acb
SiAZVv3zQVP76UTD,1742057730290,1742057730290@PWASiAZVv3zQVP76UTD,8877523d542c52a0a6860c80d5419066fecb647cfac13dc783fd8b69b7e2d83d56cf991e5e64b8f97fbd86720bb91fe3
SiAZVv3zQVP76UTD,1742057730290,1742057730290@PWASiAZVv3zQVP76UTD,6d76dbfe536aaf08289b4b0c0c1a9eebc37a3c998710e57d5d424217a7a1fb55852c138656b3c531759c10c2c51dd243
SiAZVv3zQVP76UTD,1742057730290,1742057730290@PWASiAZVv3zQVP76UTD,b2eeaeb7177270bca6b5b801cdf3128473f179c4bc72c40f9fc1e58802c8c5ad11df855c61ee925808cc97c808b4805c
SiAZVv3zQVP76UTD,1742057730290,1742057730290@PWASiAZVv3zQVP76UTD,e773b72b5d7eb7877066e343e1d1f1b63814b444dcb4a5898ea2e2cb1a9615ef9c62dac8e78196d06d77036a420dcc74
SiAZVv3zQVP76UTD,1742057730290,1742057730290@PWASiAZVv3zQVP76UTD,b3ddbccb4ac8fa47c7ed51cf2f3116f0389b0378d1d697d79a7b421516f08144c2d59a6d5d58ed277e4f5274e9ad21d4
SiAZVv3zQVP76UTD,1742057730290,1742057730290@PWASiAZVv3zQVP76UTD,5920ed1c180bcafdddba80ee1fd1b25c84800ce2c6cebfaa009fef416b8f022c0c2605f86317c875c6d660553b3dd4d5
SiAZVv3zQVP76UTD,1742057730290,1742057730290@PWASiAZVv3zQVP76UTD,7e451734a76ca6824ab0d2f6348707469a55b02a99a8862471ea5358a323d4ffe94be17caf90b3613146a31ed72a4b07
SiAZVv3zQVP76UTD,1742057730290,1742057730290@PWASiAZVv3zQVP76UTD,335cb5d5481694107ea17063eeb1e7b409054d3e2ebbf2191625e472faba3e2edbf8dc5140b5dafe0f36e92e6e0f7571
SiAZVv3zQVP76UTD,1742057730290,1742057730290@PWASiAZVv3zQVP76UTD,9a31d3997e4d6902f4cbc923576958143148a6a59daa8e8bf538571e23af1356395baba4144cdf1d7380fc16ba227c2d
SiAZVv3zQVP76UTD,1742057730290,1742057730290@PWASiAZVv3zQVP76UTD,fce24f4d8af4415e9da5e1ed56f0568e2864aeeb481d0fe4f3e044a47594d6c5c405272cd773c5c03a68e7b3d4ac2a93
SiAZVv3zQVP76UTD,1742057730290,1742057730290@PWASiAZVv3zQVP76UTD,7526417cd634192d429150431c49a50925483629eeae9b40738b718e1c7fe115c562d0bd03824b26929176c98f5c9bc9
SiAZVv3zQVP76UTD,1742057730290,1742057730290@PWASiAZVv3zQVP76UTD,be3466006001c31a100233364bff9a1a1e98e525e0bd2947a2ec534aafe64cd3b93d70f8227c0018639bfb676675d1c2
SiAZVv3zQVP76UTD,1742057730290,1742057730290@PWASiAZVv3zQVP76UTD,34db6826dba64a51b584a383e39ba466d0d2ad9432464c680a5ca75ab452f07956d1858a137319cc5dc199adce374806
SiAZVv3zQVP76UTD,1742057730290,1742057730290@PWASiAZVv3zQVP76UTD,fb08e53dd8ea3eeed379943cfbface5d3a0ad15e2c2344fbf8d7464c0cc3379b0737d1717caf002d95707f473ef8f121
SiAZVv3zQVP76UTD,1742057730290,1742057730290@PWASiAZVv3zQVP76UTD,21502b198b7f3aa3285cb372e9a89a10b5d4d9bb64ac05a984e192fdb7fc4959169df378d9c57c3a66f29d4adcc311d1
SiAZVv3zQVP76UTD,1742057730290,1742057730290@PWASiAZVv3zQVP76UTD,b473dea61cc1c5020ccdf088caad5b584e106a93cfdbf275c89302655d0c940a5c8c7c2a37eb05291a5fd5c552886c93
SiAZVv3zQVP76UTD,1742057730290,1742057730290@PWASiAZVv3zQVP76UTD,29d0c5685e675e34a44b3a74589e08b7205a0a555b4f05f1f75d7e910bb3cc5662d018a4dcb005b26eefddede6cb6246
SiAZVv3zQVP76UTD,1742057730290,1742057730290@PWASiAZVv3zQVP76UTD,6d6ab6ba3302fc0cea3822dcfb26d9b450cb79d4d1f9741712b115b08ab635b2b956a6851439684e125c0c7d55e45f35
SiAZVv3zQVP76UTD,1742057730290,1742057730290@PWASiAZVv3zQVP76UTD,f6d6be96aa161d45ca7610cf38ff10e6ee9dec2a88b9519faacd2349d1e1a0a49a27c08ff3f9b952f43967b6fb1b3e65
SiAZVv3zQVP76UTD,1742057730290,1742057730290@PWASiAZVv3zQVP76UTD,b5b0ef6f16ccd0dc990603c67f548bce7401e53d5938b8b3a243b6f83c10b96ed8101fc0f7829f85828261f7937417ed
tSMyQk6YIv4tg3hF,1742057730290,1742057730290@PWAtSMyQk6YIv4tg3hF,6e4b7566c8a74add564376958cfd062505350f835cd0cfee1f6635f2729aee09d15a5dda907766ce713c361aa43e286a
tSMyQk6YIv4tg3hF,1742057730290,1742057730290@PWAtSMyQk6YIv4tg3hF,89c5efc699f874ffbd7c914e4f8c786f1b51f064b8426dd35d3a9ccdf0c42c7e54721658e6c01b221edd5e4868d28bb8
tSMyQk6YIv4tg3hF,1742057730290,1742057730290@PWAtSMyQk6YIv4tg3hF,fa7a3fa632e0822456661523fe31220baa296f409596c2792347b7978dfaaa5e043970c95ebc3bfd8d3068709cdabd28
tSMyQk6YIv4tg3hF,1742057730290,1742057730290@PWAtSMyQk6YIv4tg3hF,6a29350cb44fd021d8cf3fd53179543c65b37e61d7d3b773a39f0cf60211c49d4f56af3fab710ac809e8d32c3527273b
tSMyQk6YIv4tg3hF,1742057730290,1742057730290@PWAtSMyQk6YIv4tg3hF,61687932cf878e8ecbd08677e70a9928f9a899b857774622d6eaa050d4103035aeb7a4564ced170c9d0e8ca2c4517502
tSMyQk6YIv4tg3hF,1742057730290,1742057730290@PWAtSMyQk6YIv4tg3hF,0ea71b0e1aa461fe2b7594cf10f74498d88083c951c82033d3598ecd30bc0e5448f8d271d93ac1154d182a31237f0a41
tSMyQk6YIv4tg3hF,1742057730290,1742057730290@PWAtSMyQk6YIv4tg3hF,0d953a73c2cb2d79e577796d00260ee7b81936a55d4f800d17048e46317984b00d504928e82868dcbbfe471e8eebe2b6
tSMyQk6YIv4tg3hF,1742057730290,1742057730290@PWAtSMyQk6YIv4tg3hF,12e8eb1f63a1a92bbe9e02caf601d1bb1d6323a698b553bedee399cef72fb9b2e94ff5826736cdc5fd82ccfd561e9afa
tSMyQk6YIv4tg3hF,1742057730290,1742057730290@PWAtSMyQk6YIv4tg3hF,3ea7085e5e2c8532a6fdc7e833532729f0ad6682bca5e1a91b667788cd777559df8bf5d1fa250285c44b72f7f4501fe7
tSMyQk6YIv4tg3hF,1742057730290,1742057730290@PWAtSMyQk6YIv4tg3hF,918b3dfd4db2881e7512c311cd349fb2e51fea5b38020c9db060bb216cdc60f3cc77c16fc3a60aa3de759ec525985e99
tSMyQk6YIv4tg3hF,1742057730290,1742057730290@PWAtSMyQk6YIv4tg3hF,6c3235b69faa6efdc64f8a0a22895a005520e04480f0fe22f70cab71814def9ebf49ef1725408022621af88a5dc91199
tSMyQk6YIv4tg3hF,1742057730290,1742057730290@PWAtSMyQk6YIv4tg3hF,54f3724e4dffec11926d76a080629fae9c506f914aeda3358198ab08742550165c042b6c5387800152af2cff3ac8ba91
tSMyQk6YIv4tg3hF,1742057730290,1742057730290@PWAtSMyQk6YIv4tg3hF,81317ab2f8b03d966892bbc83d0f0eefa7c385079bab9a56718efd02cf1ee0ee4880b8862d087953e5d099f29a9f976d
tSMyQk6YIv4tg3hF,1742057730290,1742057730290@PWAtSMyQk6YIv4tg3hF,e526368ab367360e12bcc0b1d1f5c888edce11f5465a7acd0d3081628261ab09f1b2972702cbc118da5adba9aba6f46d
tSMyQk6YIv4tg3hF,1742057730290,1742057730290@PWAtSMyQk6YIv4tg3hF,87fa307c5cebd89cfa872987b0d01aa373179d1f48f29e8224eeccff4df88d29384daa9bee4bfa840b64e3bde2e7572d
tSMyQk6YIv4tg3hF,1742057730290,1742057730290@PWAtSMyQk6YIv4tg3hF,e447f7908d9b617d7807e3d5ef90f5788a772973b91d799e3894a3cc18aa654272f94740ccdf7334d060da16dc8007f2
tSMyQk6YIv4tg3hF,1742057730290,1742057730290@PWAtSMyQk6YIv4tg3hF,a2f808a56f8a594c2dc3000880a58266b7510ff580e868649db7e06e307d945c7e6b3489017253a5dba2a12439c2a3be
tSMyQk6YIv4tg3hF,1742057730290,1742057730290@PWAtSMyQk6YIv4tg3hF,5a9c482a4e4a58b3870e32e3eb212a28d7d8e4f2cb7074ce61a99b2c3faa546ec5fc3e294d7ef0dc863cac0229d378a4
tSMyQk6YIv4tg3hF,1742057730290,1742057730290@PWAtSMyQk6YIv4tg3hF,286c68f5db213d9cf37293b5bf375b376f4fc80f47f5be5494c6fc7922cf80637fff3f783f03e367b80004227b4bc197
tSMyQk6YIv4tg3hF,1742057730290,1742057730290@PWAtSMyQk6YIv4tg3hF,b19e7ef4e2fb1e1235c52f502c46e63b7fbce4a82d426c2bd6202ebd4a146a550a9cc7338108c18506829d624b246649
VHXQdaBUzTQHySWt,1742057730290,1742057730290@PWAVHXQdaBUzTQHySWt,6b22087c9c482df76ec3f84037aa9247abd3fa7d485e89a6b2d69dba9a917fde3793818bf7d2bd1b3f5f81f2e19d1efe
VHXQdaBUzTQHySWt,1742057730290,1742057730290@PWAVHXQdaBUzTQHySWt,8c5bc3842b31b62811cecee0197352c4ec56d43b37e3643efbea3f2d4eb44d881efe3d0ef04d9057f7548d86b6a90f09
VHXQdaBUzTQHySWt,1742057730290,1742057730290@PWAVHXQdaBUzTQHySWt,75a8780c6d66b6f8ff928469f852f37f549eb5906613117854971432250c64238c74230b096d888cb0f7e6a348c473bb
VHXQdaBUzTQHySWt,1742057730290,1742057730290@PWAVHXQdaBUzTQHySWt,7d4bc8d73a963fa09dc01bb7ed0006c4b5846e16824195551fbd59d87862b61bfec342b127fffeacda10c1e89e17920d
VHXQdaBUzTQHySWt,1742057730290,1742057730290@PWAVHXQdaBUzTQHySWt,aa09ab95982a173a02024f7a51a346fc3a97b320fc536699c825c482076e79c6a82cbf19ae163c39fb31cc9a62faf804
VHXQdaBUzTQHySWt,1742057730290,1742057730290@PWAVHXQdaBUzTQHySWt,b9a64bee4baf18fe8ea4b16b3dac4e484c3c271b9e20c2187a8a156c284b4d97471de06ce06f78103e7bd690e8604ba3
VHXQdaBUzTQHySWt,1742057730290,1742057730290@PWAVHXQdaBUzTQHySWt,85762523451ef260f553673add1a08238db32c6c9eed3d51c38a69eda5f24f76073721ea60795ee4859803718771b3bc
VHXQdaBUzTQHySWt,1742057730290,1742057730290@PWAVHXQdaBUzTQHySWt,9338e5fbad19383c7ef3e92834941a33a253df4f148736733093a121e3acb66c31d342ff6069c769b9819522b42ede24
VHXQdaBUzTQHySWt,1742057730290,1742057730290@PWAVHXQdaBUzTQHySWt,9350d20f4cf431ed3d8cb432b7f43a62cd3c062b6e07855b4b34d84d35f703e6d49f58c1f130c88935f843eae51bc172
VHXQdaBUzTQHySWt,1742057730290,1742057730290@PWAVHXQdaBUzTQHySWt,87543fd4594d6510c444ef7be07c6f9701b65c7ea54409525a7dfbb59aba17c08377a82b7029618e5d5ab042cf7e5ac2
VHXQdaBUzTQHySWt,1742057730290,1742057730290@PWAVHXQdaBUzTQHySWt,03f54cd798cc329e13632d7cf398ae63adb5df3cff28889780e9ad835d66889da90c344d5f0c4bbdfb92a310702f1202
VHXQdaBUzTQHySWt,1742057730290,1742057730290@PWAVHXQdaBUzTQHySWt,b1debd5e464640be44a32bc2161a4fdfd029858e2c44254c70616fb5e5d0cd2a3186467977f68edd0f59fd8d0f603a31
VHXQdaBUzTQHySWt,1742057730290,1742057730290@PWAVHXQdaBUzTQHySWt,73708cb4621105930f8b6567f267a6e2af92e527b1e0d6f93ab6b1946808946f5a3c6fce7db10d618d3beceefc500eab
VHXQdaBUzTQHySWt,1742057730290,1742057730290@PWAVHXQdaBUzTQHySWt,dda8634d5d4b0bdd16c975fac72bb68e5f9ca0b234efd8f714170e80e3c0e3adbd37b6fa1b3a5bcf79b7b57f90128194
VHXQdaBUzTQHySWt,1742057730290,1742057730290@PWAVHXQdaBUzTQHySWt,cfe7fe06ef2121c80baf3fe10796b7c244434bdf4922de11ba0535f041dee13209fa6a81a816221c014d1fdde7c0707d
VHXQdaBUzTQHySWt,1742057730290,1742057730290@PWAVHXQdaBUzTQHySWt,0eaecf1b580fb0d73c49d1e1222013f40fc07d3a629c7a7d28dc2e9a3dac9643dca5a0c58294328afc69b1ee8b65e057
VHXQdaBUzTQHySWt,1742057730290,1742057730290@PWAVHXQdaBUzTQHySWt,4d68ad6dd9968b08cefd441f3d0f82467be1742df00f55dabd1226e698ba80ae785d190f2db8016124aba451b43eb92f
VHXQdaBUzTQHySWt,1742057730290,1742057730290@PWAVHXQdaBUzTQHySWt,b6a2e492301039dbc46f9f61404de97fc6a0b752b993f316b82cec73a805e558a7b2147dfdf827fa7631d4a14cd9c118
VHXQdaBUzTQHySWt,1742057730290,1742057730290@PWAVHXQdaBUzTQHySWt,da13b4ffb5f26add43d5ac2145cafd618dee7e681b1e994b1c4c0a1186b690236a369e59cdd457a99727102d56295956
VHXQdaBUzTQHySWt,1742057730290,1742057730290@PWAVHXQdaBUzTQHySWt,c6631cd10a432a47ff02fd9c48d2f4f3f4343d253e48f5ab33c659c7afe51833b6ed71821a3f93b512b607183e46b6fe
R1TxbB3VdoMzVKHY,1742057730290,1742057730290@PWAR1TxbB3VdoMzVKHY,0053f0cb1b684cbdc99e53d6e3af9d517edefe1e7a9e679f321ba73bef27f08988adc299ed8316769a49ea99d5633d6c
R1TxbB3VdoMzVKHY,1742057730290,1742057730290@PWAR1TxbB3VdoMzVKHY,b64322108989a1ff130c2bf86a94defc90f71d6bfe2ed643676339e34273207fce1aae55dacb575d2beefd5ad10e4686
R1TxbB3VdoMzVKHY,1742057730290,1742057730290@PWAR1TxbB3VdoMzVKHY,ec25cdd1b04569a74f4e431520ccaec0313694cd847b69d12ce01d6c878e6439f2b1fb898613234a2bbef437d7b73b82
R1TxbB3VdoMzVKHY,1742057730290,1742057730290@PWAR1TxbB3VdoMzVKHY,ce4d488bf79b25f8d2ec588a68b5685dd811ec34969bb1adfba9298bb093117ca0fb7b99d17ef789cc1d880093abc49f
R1TxbB3VdoMzVKHY,1742057730290,1742057730290@PWAR1TxbB3VdoMzVKHY,0f6d96715e146df8be6d13c02d0c1610d85a6c07516f74aac82bd473d1c7c849cc36c063eeb342c098e87aa7bf4fb5b6
R1TxbB3VdoMzVKHY,1742057730290,1742057730290@PWAR1TxbB3VdoMzVKHY,0843546ed5904e3454c64f2d93883dab787d75ecd33b3fe2e2a40b16d9216ef33df389e757dce0f26e0b0eafe4807691
R1TxbB3VdoMzVKHY,1742057730290,1742057730290@PWAR1TxbB3VdoMzVKHY,fa04fc3bfd090f42043e4a8a7704ab92bbb4be5d0b52a57a8bf9e5147772cbb964a1381028a1fd73ff98087e72ffe7f7
R1TxbB3VdoMzVKHY,1742057730290,1742057730290@PWAR1TxbB3VdoMzVKHY,a549aa14e770d185b0b80c738819cd618b3bc07c1185048059b10fff5c40cddba50577028455b26a47ac0cc2a82f3f49
R1TxbB3VdoMzVKHY,1742057730290,1742057730290@PWAR1TxbB3VdoMzVKHY,344253b65777bc9122673a668b8900d5de51b326af378191a1e64bb8c765d2a71f8555275a6b8ff55b89ff53d3b513c5
R1TxbB3VdoMzVKHY,1742057730290,1742057730290@PWAR1TxbB3VdoMzVKHY,b81078970d01ce5a81deb90a755654fab3a2926079b04725aef9c225a3de9669e087ce32d5eb30c68502dd8cd5620c07
R1TxbB3VdoMzVKHY,1742057730290,1742057730290@PWAR1TxbB3VdoMzVKHY,1874daad7e1bcfda606b78ff59be9cc6db1f9025aa5f4166b85ba54f5ae1f3f926f008be9d72b0e8bd2e220318bec15f
R1TxbB3VdoMzVKHY,1742057730290,1742057730290@PWAR1TxbB3VdoMzVKHY,8f46e82f2da53670e59253b05742593de52994ceb350f9bfc1ef446410e58ae84d0c31cd7dfacf1309f1d46e2a3f4209
R1TxbB3VdoMzVKHY,1742057730290,1742057730290@PWAR1TxbB3VdoMzVKHY,7fd22bcb398e1b5fb389a7588d94b0fe7d949c6e5a47c5a93b20382759102b9763a2c3467629e12e42e7de118d5de9fa
R1TxbB3VdoMzVKHY,1742057730290,1742057730290@PWAR1TxbB3VdoMzVKHY,9642a555348869c3021c7e6c19dac7d283108e6b19a60fb3aa51bf229ec2e30da19c487615722ac7ea19498bac05d3bd
R1TxbB3VdoMzVKHY,1742057730290,1742057730290@PWAR1TxbB3VdoMzVKHY,dc6903d73facf4ad177964d22b6ca4e05764cb7d2e751a11cdb36453dada383bb2359aded13d44669a9e6e01853b7437
R1TxbB3VdoMzVKHY,1742057730290,1742057730290@PWAR1TxbB3VdoMzVKHY,3198cb770328c037129ee70c2390863f33d1051f95e49cdf80f707fe4497f02a064ffc2d6b7579abcfc11fa01c9aab68
R1TxbB3VdoMzVKHY,1742057730290,1742057730290@PWAR1TxbB3VdoMzVKHY,3494028a086efd719e2aad29dd4edc6daf26972fb7a180e753e677702ffce785f19e53feb7f95f6e1f1a37f52778a9ec
R1TxbB3VdoMzVKHY,1742057730290,1742057730290@PWAR1TxbB3VdoMzVKHY,18115856a349a71cef341611f0ef48ce0289eb271a79ed118d9611b928ed0d3e4f52ee0a328f7cd9c71736ab25dd404d
R1TxbB3VdoMzVKHY,1742057730290,1742057730290@PWAR1TxbB3VdoMzVKHY,213df50a8b44f6b4291e38007b4ffd218fc37db023a6239eceb150e46838a52f4d96bcd10f0f253957d6c60e68955d7e
R1TxbB3VdoMzVKHY,1742057730290,1742057730290@PWAR1TxbB3VdoMzVKHY,8cc1369e3d5139b6a7b02614a5374b172c284434b8c6ea39de8b4b12c39dde7302dd157c6a17a0120ce7634bf7b671e2
TVtLu9aGFyKZ4xtq,1742057730290,1742057730290@PWATVtLu9aGFyKZ4xtq,57338b744c07cabef3d10d84298171147e8b3aaebf8862542c942af3af3f10d9abf6acc2b978e30dcd44962a91d7bec6
TVtLu9aGFyKZ4xtq,1742057730290,1742057730290@PWATVtLu9aGFyKZ4xtq,1ab99bd15d10096b40d1daf16b9ce240e78a2a4cde715c14387960b27cf4425b733d4dabb703c5aa19577807313d4890
TVtLu9aGFyKZ4xtq,1742057730290,1742057730290@PWATVtLu9aGFyKZ4xtq,272473e91c44874c046dd911541ecd40095daf6805f4e0cdbb68753088627a50c8e518f87ca28158c448292c1708de90
TVtLu9aGFyKZ4xtq,1742057730290,1742057730290@PWATVtLu9aGFyKZ4xtq,a0fe4c2ef09ee5222e625c733d22869b12fb9909738aa44350d8ee3e55dfb56362c35c800ceb37a572af3ef741e60f7d
TVtLu9aGFyKZ4xtq,1742057730290,1742057730290@PWATVtLu9aGFyKZ4xtq,3fb418a62adc0c745b9c4c6c84ce7f3f20d4d503b3f37467f8f532f3b6496786afc500bb3661a8feb5c472ef1d55f191
TVtLu9aGFyKZ4xtq,1742057730290,1742057730290@PWATVtLu9aGFyKZ4xtq,4c77126d424c1630f5c55a050091c60c14141d62e849b4e1e23fbb95334a10f26655b695d74cc6f52f354cd31b6c5956
TVtLu9aGFyKZ4xtq,1742057730290,1742057730290@PWATVtLu9aGFyKZ4xtq,bcad3d1f71617cf61d0a7b9333e7ab1aeb6e6b3e0315b46121ffb4afae8b732112c8b1603bf29f85394f2c4c956590eb
TVtLu9aGFyKZ4xtq,1742057730290,1742057730290@PWATVtLu9aGFyKZ4xtq,e5fabea548c6050c1c197e2f5d04decc3a7d7c56237156351fa337bcc5a465160097fc25b34d21daab106a047bd4d916
TVtLu9aGFyKZ4xtq,1742057730290,1742057730290@PWATVtLu9aGFyKZ4xtq,df8f9e1a55568ee9155d4e0591c6875fd3b33ba32e4f50a8c6bcb884a74d22f3ae091c716cb10173bcd83d31459e0f0d
TVtLu9aGFyKZ4xtq,1742057730290,1742057730290@PWATVtLu9aGFyKZ4xtq,357dcec4464f384e084d5e6c283a2e616dc811431103a565a2cc4151da34965c2f2d385e784c3b098f8ac5d591a921a7
TVtLu9aGFyKZ4xtq,1742057730290,1742057730290@PWATVtLu9aGFyKZ4xtq,088d4601c3fff338fd12c8f27dceffa510c605e740e77b06ccaa94729557d9aaceadc406948a05f1e1a0dc8d913196a3
TVtLu9aGFyKZ4xtq,1742057730290,1742057730290@PWATVtLu9aGFyKZ4xtq,41bdfeb7fac712b9d8dddeda5742aa9a426acb2aa7c8378c4d4b181449c10d9d22bc90f52bcb2c6ae6a8efeca4e06d97
TVtLu9aGFyKZ4xtq,1742057730290,1742057730290@PWATVtLu9aGFyKZ4xtq,ac5c62f1b0ec09e761e087896d67a727ff812993e8481bdbf1ce5126172482af6d55fe60ddd1dc2a4559ca2cb1fa76ba
TVtLu9aGFyKZ4xtq,1742057730290,1742057730290@PWATVtLu9aGFyKZ4xtq,57e5d8bc2c9c346279595382444df9e84a4d58fbf4b4d746e004bc2b9efbaebdfb6e80812f36124ad7cffdc0e1d49fe2
TVtLu9aGFyKZ4xtq,1742057730290,1742057730290@PWATVtLu9aGFyKZ4xtq,5387a833576ffc08f55fb607bd11fef6e54d5bbbee701ce6766e8910e15533fed26238d02e78846c275b8646ec58aa22
TVtLu9aGFyKZ4xtq,1742057730290,1742057730290@PWATVtLu9aGFyKZ4xtq,7d45c3bc503f87c594e527e4b08a1dfaa06e7e21ea11ef6e086b2d9868061f10036be84a61b38c96a89fa3774fd7614a
TVtLu9aGFyKZ4xtq,1742057730290,1742057730290@PWATVtLu9aGFyKZ4xtq,fdbc34fda5f0273241ddda7c3ed3b033b55ca6bbba883be937a019312f93086b103734f85ae36dec568e01abc09ec4e1
TVtLu9aGFyKZ4xtq,1742057730290,1742057730290@PWATVtLu9aGFyKZ4xtq,e82e5a5ed88a7cd1bfccbd692c55699932cf9f54996498e22073c376030fcb1ef8bf69f7149ce8644986e4df4509a490
TVtLu9aGFyKZ4xtq,1742057730290,1742057730290@PWATVtLu9aGFyKZ4xtq,2fec2f4b2bd72f6c263eddb5af84e12e2be31201742531fd083c165b9a7097a06ffd503009d1acdfe77ea77e946a4b2d
TVtLu9aGFyKZ4xtq,1742057730290,1742057730290@PWATVtLu9aGFyKZ4xtq,fa65cc1794eb203cda45cac932667e1fb37083bbd3c7a067bba29a3024177b68ed78bdcbbe7757f9d0c0fe764498a98e
akqngfX2AR4Uxm7j,1742057730290,1742057730290@PWAakqngfX2AR4Uxm7j,1f53bf23a042a6cbcc534577d0cc52a3e9884fe671f5f8790f7d5fcc08380ab8b58d092e5868be36ae6c9234cada5f38
akqngfX2AR4Uxm7j,1742057730290,1742057730290@PWAakqngfX2AR4Uxm7j,27447c88f11183d001b95afc5d6331b6a3a1b09cc7bb10d2a3890639983971496312112cefeb98324067fec5ae85e4a7
akqngfX2AR4Uxm7j,1742057730290,1742057730290@PWAakqngfX2AR4Uxm7j,eeb52ae786516183bb46c9ab8c9f476c37ef7845e03f0bf29bb66612383c43689bfe7603c079448e36de490e78966bb7
akqngfX2AR4Uxm7j,1742057730290,1742057730290@PWAakqngfX2AR4Uxm7j,1f36f9ef5f2b4366afbae933cf7abb6d4efa766e96e0a79f9b50b73830f45de9058a638b504decbb9482e04785c9fb40
akqngfX2AR4Uxm7j,1742057730290,1742057730290@PWAakqngfX2AR4Uxm7j,ab1aa953ec0832c38654060d3ff2dd50024a8cdde7634c2a0680fcd299410f272c0a330956ac0fce881c7df3838df5aa
akqngfX2AR4Uxm7j,1742057730290,1742057730290@PWAakqngfX2AR4Uxm7j,cd25b4ce8385465a6e422c75ea27af8cee0be32c1f04ecd800c5f94d9c98ba380d44ea251b5696780e02bc98bba9b15d
akqngfX2AR4Uxm7j,1742057730290,1742057730290@PWAakqngfX2AR4Uxm7j,6c38a7f464640062f28d676936433aa5224d7c8a7a11ecc2270799985521a80d25445993c380d7fa20b8688c45279f5d
akqngfX2AR4Uxm7j,1742057730290,1742057730290@PWAakqngfX2AR4Uxm7j,837a4893571160a3eb77666ebdc796a7e7e01ebf4fba0f31ffbbdb9457f639f54c6b609d934e35481fe02b429b920468
akqngfX2AR4Uxm7j,1742057730290,1742057730290@PWAakqngfX2AR4Uxm7j,b4b742693694ef17cfe5ec6096a97223356f4a82500c625cc9939b736c4f6f3e85e631e85b831499c7fa988ccc1ca0ad
akqngfX2AR4Uxm7j,1742057730290,1742057730290@PWAakqngfX2AR4Uxm7j,3a9550b50381f1ef7e95406ed41db739a59d44c424a8b78404b6aee9a93612a8bac56ea9cd12b458f7fd275e57fbab5b
akqngfX2AR4Uxm7j,1742057730290,1742057730290@PWAakqngfX2AR4Uxm7j,c4f93bc247d0cec1401f7cb1082ea0c4dafd7dc4f970e8d75794fcb89960151bddc0f5b5fa4a59b68806da5de8b6a086
akqngfX2AR4Uxm7j,1742057730290,1742057730290@PWAakqngfX2AR4Uxm7j,0a2b8a1bab333b48131680657a28c08639aa3f2ff7988c961d9f8b6e4dfe12b18d1272bcb5870202516a79538d997fa2
akqngfX2AR4Uxm7j,1742057730290,1742057730290@PWAakqngfX2AR4Uxm7j,5cafcd493b169beb245338044c3524028fe39a5007da0647222c3769c085cd00e5ae55251aa7e17065964ed6235f4302
akqngfX2AR4Uxm7j,1742057730290,1742057730290@PWAakqngfX2AR4Uxm7j,df623d00634a19d5e15bc25ba0976e46e303f19242c732cd0e87dc946c65923eed9736f22d596ad760104ceb8f71419f
akqngfX2AR4Uxm7j,1742057730290,1742057730290@PWAakqngfX2AR4Uxm7j,7552d4b1655cddd4635bfca1ed1c682c80af668fc473ce2423942e8e46c09fcfdca3d93824fe47be8cc8c9db3ea59d0a
akqngfX2AR4Uxm7j,1742057730290,1742057730290@PWAakqngfX2AR4Uxm7j,850504900b825893990912d2d1a9f18eb7dff8e5d260f36ae29564c04865bd8f7fe3554fc2de51ab77eb48a2ee4cc2fb
akqngfX2AR4Uxm7j,1742057730290,1742057730290@PWAakqngfX2AR4Uxm7j,f05305f8a97bf74c381b58ed25dba578249b2ac8bb820a0dcdc33c3deee7210aec6c4aceb19b3660af330de7bea9e8ad
akqngfX2AR4Uxm7j,1742057730290,1742057730290@PWAakqngfX2AR4Uxm7j,3b9f2f49e6c1bf8341bc59b785f3b745ea0193abb22a879c6e1e5ec73d07c5d5ae736a3d05a9c0e92c5f383fe1c82919
akqngfX2AR4Uxm7j,1742057730290,1742057730290@PWAakqngfX2AR4Uxm7j,2e6de6e9894f6fe58cf89e7fd3e5ae37374b0ad6dbcea970431746e99acd13380cb360b318a41893e204b104d0904fb6
akqngfX2AR4Uxm7j,1742057730290,1742057730290@PWAakqngfX2AR4Uxm7j,b2865df89ffe7aeb84066ea18f0864b8aa380dd4af44da679645fc3ccf182330a8ea4249c558b217300cade6daf74cfb
