deviceID,timestamp,response_status,response_message,raw_response
bCNUBb0ZB5XAwL21,1744466230829,200,Success,"{'message': 'Success', 'quote': 'Nothing is impossible, the word itself says ‘I’m possible’!', 'writer': 'Audrey Hepburn'}"
bCNUBb0ZB5XAwL21,1744450852829,200,Success,"{'message': 'Success', 'quote': ""Believe you can and you're halfway there."", 'writer': 'Theodore Roosevelt'}"
bCNUBb0ZB5XAwL21,1744429350829,200,Success,"{'message': 'Success', 'quote': 'I never dreamed about success. I worked for it.', 'writer': 'Estee Lauder'}"
bCNUBb0ZB5XAwL21,1744470201829,200,Success,"{'message': 'Success', 'quote': 'Keep your face always toward the sunshine—and shadows will fall behind you.', 'writer': 'Walt Whitman'}"
bCNUBb0ZB5XAwL21,1744470014829,200,Success,"{'message': 'Success', 'quote': 'People who are crazy enough to think they can change the world, are the ones who do.', 'writer': 'Rob Siltanen'}"
bCNUBb0ZB5XAwL21,1744435707829,200,Success,"{'message': 'Success', 'quote': 'It does not matter how slowly you go as long as you do not stop.', 'writer': 'Confucius'}"
bCNUBb0ZB5XAwL21,1744459829829,200,Success,"{'message': 'Success', 'quote': 'We become what we think about.', 'writer': 'Earl Nightingale'}"
bCNUBb0ZB5XAwL21,1744452401829,200,Success,"{'message': 'Success', 'quote': 'Do what you can, with what you have, where you are.', 'writer': 'Theodore Roosevelt'}"
bCNUBb0ZB5XAwL21,1744451312829,200,Success,"{'message': 'Success', 'quote': 'The purpose of our lives is to be happy.', 'writer': 'Dalai Lama'}"
bCNUBb0ZB5XAwL21,1744440336829,200,Success,"{'message': 'Success', 'quote': 'It always seems impossible until it’s done.', 'writer': 'Nelson Mandela'}"
bCNUBb0ZB5XAwL21,1744463299829,200,Success,"{'message': 'Success', 'quote': 'A person who never made a mistake never tried anything new.', 'writer': 'Albert Einstein'}"
bCNUBb0ZB5XAwL21,1744453133829,200,Success,"{'message': 'Success', 'quote': 'A journey of a thousand miles begins with a single step.', 'writer': 'Lao Tzu'}"
bCNUBb0ZB5XAwL21,1744433993829,200,Success,"{'message': 'Success', 'quote': 'It’s not whether you get knocked down, it’s whether you get up.', 'writer': 'Vince Lombardi'}"
bCNUBb0ZB5XAwL21,1744436744829,200,Success,"{'message': 'Success', 'quote': 'Happiness depends upon ourselves.', 'writer': 'Aristotle'}"
bCNUBb0ZB5XAwL21,1744481615829,200,Success,"{'message': 'Success', 'quote': 'A person who never made a mistake never tried anything new.', 'writer': 'Albert Einstein'}"
bCNUBb0ZB5XAwL21,1744457774829,200,Success,"{'message': 'Success', 'quote': 'Do what you can, with what you have, where you are.', 'writer': 'Theodore Roosevelt'}"
bCNUBb0ZB5XAwL21,1744456847829,200,Success,"{'message': 'Success', 'quote': 'Do not go where the path may lead, go instead where there is no path and leave a trail.', 'writer': 'Ralph Waldo Emerson'}"
bCNUBb0ZB5XAwL21,1744441357829,200,Success,"{'message': 'Success', 'quote': 'Nothing is impossible, the word itself says ‘I’m possible’!', 'writer': 'Audrey Hepburn'}"
bCNUBb0ZB5XAwL21,1744473820829,200,Success,"{'message': 'Success', 'quote': 'Success usually comes to those who are too busy to be looking for it.', 'writer': 'Henry David Thoreau'}"
bCNUBb0ZB5XAwL21,1744472239829,200,Success,"{'message': 'Success', 'quote': 'Success is getting what you want. Happiness is wanting what you get.', 'writer': 'Dale Carnegie'}"
bCNUBb0ZB5XAwL21,1744463440829,200,Success,"{'message': 'Success', 'quote': 'People who are crazy enough to think they can change the world, are the ones who do.', 'writer': 'Rob Siltanen'}"
bCNUBb0ZB5XAwL21,1744449342829,200,Success,"{'message': 'Success', 'quote': 'It always seems impossible until it’s done.', 'writer': 'Nelson Mandela'}"
bCNUBb0ZB5XAwL21,1744456324829,200,Success,"{'message': 'Success', 'quote': 'Happiness depends upon ourselves.', 'writer': 'Aristotle'}"
bCNUBb0ZB5XAwL21,1744416621829,200,Success,"{'message': 'Success', 'quote': 'It’s not whether you get knocked down, it’s whether you get up.', 'writer': 'Vince Lombardi'}"
bCNUBb0ZB5XAwL21,1744422760829,200,Success,"{'message': 'Success', 'quote': 'Nothing is impossible, the word itself says ‘I’m possible’!', 'writer': 'Audrey Hepburn'}"
bCNUBb0ZB5XAwL21,1744436706829,200,Success,"{'message': 'Success', 'quote': 'You have within you right now, everything you need to deal with whatever the world can throw at you.', 'writer': 'Brian Tracy'}"
bCNUBb0ZB5XAwL21,1744438355829,200,Success,"{'message': 'Success', 'quote': 'Hardships often prepare ordinary people for an extraordinary destiny.', 'writer': 'C.S. Lewis'}"
bCNUBb0ZB5XAwL21,1744474683829,200,Success,"{'message': 'Success', 'quote': ""If everything seems under control, you're not going fast enough."", 'writer': 'Mario Andretti'}"
bCNUBb0ZB5XAwL21,1744427167829,200,Success,"{'message': 'Success', 'quote': 'Do what you feel in your heart to be right – for you’ll be criticized anyway.', 'writer': 'Eleanor Roosevelt'}"
bCNUBb0ZB5XAwL21,1744447565829,200,Success,"{'message': 'Success', 'quote': 'If opportunity doesn’t knock, build a door.', 'writer': 'Milton Berle'}"
bCNUBb0ZB5XAwL21,1744442959829,200,Success,"{'message': 'Success', 'quote': 'We become what we think about.', 'writer': 'Earl Nightingale'}"
bCNUBb0ZB5XAwL21,1744422814829,200,Success,"{'message': 'Success', 'quote': 'What you get by achieving your goals is not as important as what you become by achieving your goals.', 'writer': 'Zig Ziglar'}"
bCNUBb0ZB5XAwL21,1744446006829,200,Success,"{'message': 'Success', 'quote': 'Everything you can imagine is real.', 'writer': 'Pablo Picasso'}"
bCNUBb0ZB5XAwL21,1744455454829,200,Success,"{'message': 'Success', 'quote': 'Hardships often prepare ordinary people for an extraordinary destiny.', 'writer': 'C.S. Lewis'}"
bCNUBb0ZB5XAwL21,1744443079829,200,Success,"{'message': 'Success', 'quote': 'To be yourself in a world that is constantly trying to make you something else is the greatest accomplishment.', 'writer': 'Ralph Waldo Emerson'}"
bCNUBb0ZB5XAwL21,1744415710829,429,Access limit reached,"{'error': 'Access limit reached', 'retry_after': '23 hours 33 minutes'}"
bCNUBb0ZB5XAwL21,1744455478829,429,Access limit reached,"{'error': 'Access limit reached', 'retry_after': '23 hours 33 minutes'}"
bCNUBb0ZB5XAwL21,1744483751829,429,Access limit reached,"{'error': 'Access limit reached', 'retry_after': '23 hours 33 minutes'}"
bCNUBb0ZB5XAwL21,1744433908829,429,Access limit reached,"{'error': 'Access limit reached', 'retry_after': '23 hours 33 minutes'}"
bCNUBb0ZB5XAwL21,1744446349829,429,Access limit reached,"{'error': 'Access limit reached', 'retry_after': '23 hours 33 minutes'}"
bCNUBb0ZB5XAwL21,1744421791829,429,Access limit reached,"{'error': 'Access limit reached', 'retry_after': '23 hours 33 minutes'}"
bCNUBb0ZB5XAwL21,1744420050829,429,Access limit reached,"{'error': 'Access limit reached', 'retry_after': '23 hours 33 minutes'}"
bCNUBb0ZB5XAwL21,1744474449829,429,Access limit reached,"{'error': 'Access limit reached', 'retry_after': '23 hours 33 minutes'}"
bCNUBb0ZB5XAwL21,1744451220829,429,Access limit reached,"{'error': 'Access limit reached', 'retry_after': '23 hours 33 minutes'}"
bCNUBb0ZB5XAwL21,1744469449829,429,Access limit reached,"{'error': 'Access limit reached', 'retry_after': '23 hours 33 minutes'}"
bCNUBb0ZB5XAwL21,1744455716829,429,Access limit reached,"{'error': 'Access limit reached', 'retry_after': '23 hours 33 minutes'}"
bCNUBb0ZB5XAwL21,1744434934829,429,Access limit reached,"{'error': 'Access limit reached', 'retry_after': '23 hours 33 minutes'}"
bCNUBb0ZB5XAwL21,1744434189829,429,Access limit reached,"{'error': 'Access limit reached', 'retry_after': '23 hours 33 minutes'}"
bCNUBb0ZB5XAwL21,1744416501829,429,Access limit reached,"{'error': 'Access limit reached', 'retry_after': '23 hours 33 minutes'}"
bCNUBb0ZB5XAwL21,1744424656829,429,Access limit reached,"{'error': 'Access limit reached', 'retry_after': '23 hours 33 minutes'}"
bCNUBb0ZB5XAwL21,1744460764829,429,Access limit reached,"{'error': 'Access limit reached', 'retry_after': '23 hours 33 minutes'}"
bCNUBb0ZB5XAwL21,1744422961829,429,Access limit reached,"{'error': 'Access limit reached', 'retry_after': '23 hours 33 minutes'}"
bCNUBb0ZB5XAwL21,1744453728829,429,Access limit reached,"{'error': 'Access limit reached', 'retry_after': '23 hours 33 minutes'}"
bCNUBb0ZB5XAwL21,1744459829829,400,Already Existing Data,{'error': 'Already Existing Data'}
bCNUBb0ZB5XAwL21,1744479159829,429,Access limit reached,"{'error': 'Access limit reached', 'retry_after': '23 hours 33 minutes'}"
bCNUBb0ZB5XAwL21,1744459663829,429,Access limit reached,"{'error': 'Access limit reached', 'retry_after': '23 hours 33 minutes'}"
bCNUBb0ZB5XAwL21,1744475220829,429,Access limit reached,"{'error': 'Access limit reached', 'retry_after': '23 hours 33 minutes'}"
bCNUBb0ZB5XAwL21,1744443654829,429,Access limit reached,"{'error': 'Access limit reached', 'retry_after': '23 hours 33 minutes'}"
bCNUBb0ZB5XAwL21,1744440878829,429,Access limit reached,"{'error': 'Access limit reached', 'retry_after': '23 hours 33 minutes'}"
bCNUBb0ZB5XAwL21,1744440362829,429,Access limit reached,"{'error': 'Access limit reached', 'retry_after': '23 hours 33 minutes'}"
bCNUBb0ZB5XAwL21,1744471939829,429,Access limit reached,"{'error': 'Access limit reached', 'retry_after': '23 hours 33 minutes'}"
bCNUBb0ZB5XAwL21,1744433907829,429,Access limit reached,"{'error': 'Access limit reached', 'retry_after': '23 hours 33 minutes'}"
bCNUBb0ZB5XAwL21,1744472830829,429,Access limit reached,"{'error': 'Access limit reached', 'retry_after': '23 hours 33 minutes'}"
bCNUBb0ZB5XAwL21,1744479640829,429,Access limit reached,"{'error': 'Access limit reached', 'retry_after': '23 hours 33 minutes'}"
bCNUBb0ZB5XAwL21,1744482731829,429,Access limit reached,"{'error': 'Access limit reached', 'retry_after': '23 hours 33 minutes'}"
bCNUBb0ZB5XAwL21,1744477402829,429,Access limit reached,"{'error': 'Access limit reached', 'retry_after': '23 hours 33 minutes'}"
bCNUBb0ZB5XAwL21,1744432648829,429,Access limit reached,"{'error': 'Access limit reached', 'retry_after': '23 hours 33 minutes'}"
bCNUBb0ZB5XAwL21,1744425430829,429,Access limit reached,"{'error': 'Access limit reached', 'retry_after': '23 hours 33 minutes'}"
bCNUBb0ZB5XAwL21,1744472336829,429,Access limit reached,"{'error': 'Access limit reached', 'retry_after': '23 hours 33 minutes'}"
bCNUBb0ZB5XAwL21,1744485052829,429,Access limit reached,"{'error': 'Access limit reached', 'retry_after': '23 hours 33 minutes'}"
bCNUBb0ZB5XAwL21,1744448218829,429,Access limit reached,"{'error': 'Access limit reached', 'retry_after': '23 hours 33 minutes'}"
a5tiLbFquXXPddYz,1744470164829,200,Success,"{'message': 'Success', 'quote': 'Live as if you were to die tomorrow. Learn as if you were to live forever.', 'writer': 'Mahatma Gandhi'}"
a5tiLbFquXXPddYz,1744473254829,200,Success,"{'message': 'Success', 'quote': 'The best way to predict the future is to create it.', 'writer': 'Peter Drucker'}"
a5tiLbFquXXPddYz,1744478044829,200,Success,"{'message': 'Success', 'quote': 'I attribute my success to this: I never gave or took any excuse.', 'writer': 'Florence Nightingale'}"
a5tiLbFquXXPddYz,1744472212829,200,Success,"{'message': 'Success', 'quote': 'Everything has beauty, but not everyone sees it.', 'writer': 'Confucius'}"
a5tiLbFquXXPddYz,1744483897829,200,Success,"{'message': 'Success', 'quote': 'Everything has beauty, but not everyone sees it.', 'writer': 'Confucius'}"
a5tiLbFquXXPddYz,1744468124829,200,Success,"{'message': 'Success', 'quote': 'The only limit to our realization of tomorrow is our doubts of today.', 'writer': 'Franklin D. Roosevelt'}"
a5tiLbFquXXPddYz,1744417952829,200,Success,"{'message': 'Success', 'quote': 'Act as if what you do makes a difference. It does.', 'writer': 'William James'}"
a5tiLbFquXXPddYz,1744477024829,200,Success,"{'message': 'Success', 'quote': 'Turn your wounds into wisdom.', 'writer': 'Oprah Winfrey'}"
a5tiLbFquXXPddYz,1744435007829,200,Success,"{'message': 'Success', 'quote': 'Failure is simply the opportunity to begin again, this time more intelligently.', 'writer': 'Henry Ford'}"
a5tiLbFquXXPddYz,1744424816829,200,Success,"{'message': 'Success', 'quote': 'You have within you right now, everything you need to deal with whatever the world can throw at you.', 'writer': 'Brian Tracy'}"
a5tiLbFquXXPddYz,1744424746829,200,Success,"{'message': 'Success', 'quote': 'Keep your face always toward the sunshine—and shadows will fall behind you.', 'writer': 'Walt Whitman'}"
a5tiLbFquXXPddYz,1744431598829,200,Success,"{'message': 'Success', 'quote': ""Life is what happens when you're busy making other plans."", 'writer': 'John Lennon'}"
a5tiLbFquXXPddYz,1744477143829,200,Success,"{'message': 'Success', 'quote': 'Quality means doing it right when no one is looking.', 'writer': 'Henry Ford'}"
a5tiLbFquXXPddYz,1744428884829,200,Success,"{'message': 'Success', 'quote': 'It does not matter how slowly you go as long as you do not stop.', 'writer': 'Confucius'}"
a5tiLbFquXXPddYz,1744433206829,200,Success,"{'message': 'Success', 'quote': 'It’s not whether you get knocked down, it’s whether you get up.', 'writer': 'Vince Lombardi'}"
a5tiLbFquXXPddYz,1744470900829,200,Success,"{'message': 'Success', 'quote': ""If everything seems under control, you're not going fast enough."", 'writer': 'Mario Andretti'}"
a5tiLbFquXXPddYz,1744431652829,200,Success,"{'message': 'Success', 'quote': 'Do what you feel in your heart to be right – for you’ll be criticized anyway.', 'writer': 'Eleanor Roosevelt'}"
a5tiLbFquXXPddYz,1744449772829,200,Success,"{'message': 'Success', 'quote': ""Believe you can and you're halfway there."", 'writer': 'Theodore Roosevelt'}"
a5tiLbFquXXPddYz,1744449262829,200,Success,"{'message': 'Success', 'quote': 'The way to get started is to quit talking and begin doing.', 'writer': 'Walt Disney'}"
a5tiLbFquXXPddYz,1744437018829,200,Success,"{'message': 'Success', 'quote': 'What you get by achieving your goals is not as important as what you become by achieving your goals.', 'writer': 'Zig Ziglar'}"
a5tiLbFquXXPddYz,1744443724829,200,Success,"{'message': 'Success', 'quote': 'Be yourself; everyone else is already taken.', 'writer': 'Oscar Wilde'}"
a5tiLbFquXXPddYz,1744458393829,200,Success,"{'message': 'Success', 'quote': ""If everything seems under control, you're not going fast enough."", 'writer': 'Mario Andretti'}"
a5tiLbFquXXPddYz,1744419599829,200,Success,"{'message': 'Success', 'quote': ""Believe you can and you're halfway there."", 'writer': 'Theodore Roosevelt'}"
a5tiLbFquXXPddYz,1744434061829,200,Success,"{'message': 'Success', 'quote': 'Small deeds done are better than great deeds planned.', 'writer': 'Peter Marshall'}"
a5tiLbFquXXPddYz,1744446533829,200,Success,"{'message': 'Success', 'quote': 'Do what you feel in your heart to be right—for you’ll be criticized anyway.', 'writer': 'Eleanor Roosevelt'}"
a5tiLbFquXXPddYz,1744439101829,200,Success,"{'message': 'Success', 'quote': 'It always seems impossible until it’s done.', 'writer': 'Nelson Mandela'}"
a5tiLbFquXXPddYz,1744424631829,200,Success,"{'message': 'Success', 'quote': ""Believe you can and you're halfway there."", 'writer': 'Theodore Roosevelt'}"
a5tiLbFquXXPddYz,1744445800829,200,Success,"{'message': 'Success', 'quote': 'Success is not how high you have climbed, but how you make a positive difference to the world.', 'writer': 'Roy T. Bennett'}"
a5tiLbFquXXPddYz,1744446953829,200,Success,"{'message': 'Success', 'quote': 'The way to get started is to quit talking and begin doing.', 'writer': 'Walt Disney'}"
a5tiLbFquXXPddYz,1744424793829,200,Success,"{'message': 'Success', 'quote': 'I never dreamed about success. I worked for it.', 'writer': 'Estee Lauder'}"
a5tiLbFquXXPddYz,1744423579829,200,Success,"{'message': 'Success', 'quote': ""Life is what happens when you're busy making other plans."", 'writer': 'John Lennon'}"
a5tiLbFquXXPddYz,1744474599829,200,Success,"{'message': 'Success', 'quote': 'We become what we think about.', 'writer': 'Earl Nightingale'}"
a5tiLbFquXXPddYz,1744478316829,200,Success,"{'message': 'Success', 'quote': 'It’s not whether you get knocked down, it’s whether you get up.', 'writer': 'Vince Lombardi'}"
a5tiLbFquXXPddYz,1744446382829,200,Success,"{'message': 'Success', 'quote': 'Nothing is impossible, the word itself says ‘I’m possible’!', 'writer': 'Audrey Hepburn'}"
a5tiLbFquXXPddYz,1744447104829,200,Success,"{'message': 'Success', 'quote': 'Happiness depends upon ourselves.', 'writer': 'Aristotle'}"
a5tiLbFquXXPddYz,1744453925829,429,Access limit reached,"{'error': 'Access limit reached', 'retry_after': '23 hours 55 minutes'}"
a5tiLbFquXXPddYz,1744469247829,429,Access limit reached,"{'error': 'Access limit reached', 'retry_after': '23 hours 55 minutes'}"
a5tiLbFquXXPddYz,1744474437829,429,Access limit reached,"{'error': 'Access limit reached', 'retry_after': '23 hours 55 minutes'}"
a5tiLbFquXXPddYz,1744427673829,429,Access limit reached,"{'error': 'Access limit reached', 'retry_after': '23 hours 55 minutes'}"
a5tiLbFquXXPddYz,1744419122829,429,Access limit reached,"{'error': 'Access limit reached', 'retry_after': '23 hours 55 minutes'}"
a5tiLbFquXXPddYz,1744472654829,429,Access limit reached,"{'error': 'Access limit reached', 'retry_after': '23 hours 55 minutes'}"
a5tiLbFquXXPddYz,1744458571829,429,Access limit reached,"{'error': 'Access limit reached', 'retry_after': '23 hours 55 minutes'}"
a5tiLbFquXXPddYz,1744481109829,429,Access limit reached,"{'error': 'Access limit reached', 'retry_after': '23 hours 55 minutes'}"
P0acg5UDOR66HScM,1744487325829,200,Success,"{'message': 'Success', 'quote': 'We become what we think about.', 'writer': 'Earl Nightingale'}"
P0acg5UDOR66HScM,1744432785829,200,Success,"{'message': 'Success', 'quote': 'You must be the change you wish to see in the world.', 'writer': 'Mahatma Gandhi'}"
P0acg5UDOR66HScM,1744464048829,200,Success,"{'message': 'Success', 'quote': 'Do what you can, with what you have, where you are.', 'writer': 'Theodore Roosevelt'}"
P0acg5UDOR66HScM,1744429758829,200,Success,"{'message': 'Success', 'quote': ""Life is what happens when you're busy making other plans."", 'writer': 'John Lennon'}"
P0acg5UDOR66HScM,1744419753829,200,Success,"{'message': 'Success', 'quote': ""Opportunities don't happen. You create them."", 'writer': 'Chris Grosser'}"
P0acg5UDOR66HScM,1744477936829,200,Success,"{'message': 'Success', 'quote': 'People who are crazy enough to think they can change the world, are the ones who do.', 'writer': 'Rob Siltanen'}"
P0acg5UDOR66HScM,1744460090829,200,Success,"{'message': 'Success', 'quote': 'It’s not whether you get knocked down, it’s whether you get up.', 'writer': 'Vince Lombardi'}"
P0acg5UDOR66HScM,1744439997829,200,Success,"{'message': 'Success', 'quote': ""If everything seems under control, you're not going fast enough."", 'writer': 'Mario Andretti'}"
P0acg5UDOR66HScM,1744467781829,200,Success,"{'message': 'Success', 'quote': 'The way to get started is to quit talking and begin doing.', 'writer': 'Walt Disney'}"
P0acg5UDOR66HScM,1744430248829,200,Success,"{'message': 'Success', 'quote': 'Do what you feel in your heart to be right – for you’ll be criticized anyway.', 'writer': 'Eleanor Roosevelt'}"
P0acg5UDOR66HScM,1744417382829,200,Success,"{'message': 'Success', 'quote': 'If opportunity doesn’t knock, build a door.', 'writer': 'Milton Berle'}"
P0acg5UDOR66HScM,1744449080829,200,Success,"{'message': 'Success', 'quote': 'It does not matter how slowly you go as long as you do not stop.', 'writer': 'Confucius'}"
P0acg5UDOR66HScM,1744479518829,200,Success,"{'message': 'Success', 'quote': 'Do not go where the path may lead, go instead where there is no path and leave a trail.', 'writer': 'Ralph Waldo Emerson'}"
P0acg5UDOR66HScM,1744480770829,200,Success,"{'message': 'Success', 'quote': 'Act as if what you do makes a difference. It does.', 'writer': 'William James'}"
P0acg5UDOR66HScM,1744435013829,200,Success,"{'message': 'Success', 'quote': 'Everything has beauty, but not everyone sees it.', 'writer': 'Confucius'}"
P0acg5UDOR66HScM,1744473290829,200,Success,"{'message': 'Success', 'quote': 'Do what you can, with what you have, where you are.', 'writer': 'Theodore Roosevelt'}"
P0acg5UDOR66HScM,1744462536829,200,Success,"{'message': 'Success', 'quote': ""Opportunities don't happen. You create them."", 'writer': 'Chris Grosser'}"
P0acg5UDOR66HScM,1744485997829,200,Success,"{'message': 'Success', 'quote': 'Success is a journey, not a destination.', 'writer': 'Arthur Ashe'}"
P0acg5UDOR66HScM,1744474135829,200,Success,"{'message': 'Success', 'quote': 'What you get by achieving your goals is not as important as what you become by achieving your goals.', 'writer': 'Zig Ziglar'}"
P0acg5UDOR66HScM,1744425179829,200,Success,"{'message': 'Success', 'quote': ""Don't watch the clock; do what it does. Keep going."", 'writer': 'Sam Levenson'}"
P0acg5UDOR66HScM,1744460836829,200,Success,"{'message': 'Success', 'quote': 'I attribute my success to this: I never gave or took any excuse.', 'writer': 'Florence Nightingale'}"
P0acg5UDOR66HScM,1744465501829,200,Success,"{'message': 'Success', 'quote': 'Success usually comes to those who are too busy to be looking for it.', 'writer': 'Henry David Thoreau'}"
P0acg5UDOR66HScM,1744449542829,200,Success,"{'message': 'Success', 'quote': 'Do what you love and the money will follow.', 'writer': 'Marsha Sinetar'}"
P0acg5UDOR66HScM,1744431293829,200,Success,"{'message': 'Success', 'quote': 'What lies behind us and what lies before us are tiny matters compared to what lies within us.', 'writer': 'Ralph Waldo Emerson'}"
P0acg5UDOR66HScM,1744478441829,200,Success,"{'message': 'Success', 'quote': 'Success usually comes to those who are too busy to be looking for it.', 'writer': 'Henry David Thoreau'}"
P0acg5UDOR66HScM,1744451739829,200,Success,"{'message': 'Success', 'quote': 'Success usually comes to those who are too busy to be looking for it.', 'writer': 'Henry David Thoreau'}"
P0acg5UDOR66HScM,1744469655829,200,Success,"{'message': 'Success', 'quote': 'Quality means doing it right when no one is looking.', 'writer': 'Henry Ford'}"
P0acg5UDOR66HScM,1744462204829,200,Success,"{'message': 'Success', 'quote': 'Success is a journey, not a destination.', 'writer': 'Arthur Ashe'}"
P0acg5UDOR66HScM,1744456978829,200,Success,"{'message': 'Success', 'quote': 'Success is getting what you want. Happiness is wanting what you get.', 'writer': 'Dale Carnegie'}"
P0acg5UDOR66HScM,1744432861829,200,Success,"{'message': 'Success', 'quote': 'Keep your face always toward the sunshine—and shadows will fall behind you.', 'writer': 'Walt Whitman'}"
P0acg5UDOR66HScM,1744473952829,200,Success,"{'message': 'Success', 'quote': 'To be yourself in a world that is constantly trying to make you something else is the greatest accomplishment.', 'writer': 'Ralph Waldo Emerson'}"
P0acg5UDOR66HScM,1744480553829,200,Success,"{'message': 'Success', 'quote': 'People who are crazy enough to think they can change the world, are the ones who do.', 'writer': 'Rob Siltanen'}"
P0acg5UDOR66HScM,1744479291829,200,Success,"{'message': 'Success', 'quote': 'It’s not whether you get knocked down, it’s whether you get up.', 'writer': 'Vince Lombardi'}"
P0acg5UDOR66HScM,1744427812829,200,Success,"{'message': 'Success', 'quote': 'Success is a journey, not a destination.', 'writer': 'Arthur Ashe'}"
P0acg5UDOR66HScM,1744466542829,200,Success,"{'message': 'Success', 'quote': 'Do not go where the path may lead, go instead where there is no path and leave a trail.', 'writer': 'Ralph Waldo Emerson'}"
P0acg5UDOR66HScM,1744421169829,429,Access limit reached,"{'error': 'Access limit reached', 'retry_after': '23 hours 45 minutes'}"
P0acg5UDOR66HScM,1744425747829,429,Access limit reached,"{'error': 'Access limit reached', 'retry_after': '23 hours 45 minutes'}"
P0acg5UDOR66HScM,1744475481829,429,Access limit reached,"{'error': 'Access limit reached', 'retry_after': '23 hours 45 minutes'}"
P0acg5UDOR66HScM,1744443292829,429,Access limit reached,"{'error': 'Access limit reached', 'retry_after': '23 hours 45 minutes'}"
P0acg5UDOR66HScM,1744482076829,429,Access limit reached,"{'error': 'Access limit reached', 'retry_after': '23 hours 45 minutes'}"
P0acg5UDOR66HScM,1744458352829,429,Access limit reached,"{'error': 'Access limit reached', 'retry_after': '23 hours 45 minutes'}"
P0acg5UDOR66HScM,1744471563829,429,Access limit reached,"{'error': 'Access limit reached', 'retry_after': '23 hours 45 minutes'}"
P0acg5UDOR66HScM,1744442382829,429,Access limit reached,"{'error': 'Access limit reached', 'retry_after': '23 hours 45 minutes'}"
P0acg5UDOR66HScM,1744462693829,429,Access limit reached,"{'error': 'Access limit reached', 'retry_after': '23 hours 45 minutes'}"
P0acg5UDOR66HScM,1744436487829,429,Access limit reached,"{'error': 'Access limit reached', 'retry_after': '23 hours 45 minutes'}"
P0acg5UDOR66HScM,1744434884829,429,Access limit reached,"{'error': 'Access limit reached', 'retry_after': '23 hours 45 minutes'}"
P0acg5UDOR66HScM,1744483308829,429,Access limit reached,"{'error': 'Access limit reached', 'retry_after': '23 hours 45 minutes'}"
P0acg5UDOR66HScM,1744435030829,429,Access limit reached,"{'error': 'Access limit reached', 'retry_after': '23 hours 45 minutes'}"
P0acg5UDOR66HScM,1744444981829,429,Access limit reached,"{'error': 'Access limit reached', 'retry_after': '23 hours 45 minutes'}"
P0acg5UDOR66HScM,1744460194829,429,Access limit reached,"{'error': 'Access limit reached', 'retry_after': '23 hours 45 minutes'}"
P0acg5UDOR66HScM,1744472275829,429,Access limit reached,"{'error': 'Access limit reached', 'retry_after': '23 hours 45 minutes'}"
P0acg5UDOR66HScM,1744463376829,429,Access limit reached,"{'error': 'Access limit reached', 'retry_after': '23 hours 45 minutes'}"
P0acg5UDOR66HScM,1744427843829,429,Access limit reached,"{'error': 'Access limit reached', 'retry_after': '23 hours 45 minutes'}"
P0acg5UDOR66HScM,1744481169829,429,Access limit reached,"{'error': 'Access limit reached', 'retry_after': '23 hours 45 minutes'}"
P0acg5UDOR66HScM,1744475918829,429,Access limit reached,"{'error': 'Access limit reached', 'retry_after': '23 hours 45 minutes'}"
P0acg5UDOR66HScM,1744426672829,429,Access limit reached,"{'error': 'Access limit reached', 'retry_after': '23 hours 45 minutes'}"
P0acg5UDOR66HScM,1744434190829,429,Access limit reached,"{'error': 'Access limit reached', 'retry_after': '23 hours 45 minutes'}"
P0acg5UDOR66HScM,1744426702829,429,Access limit reached,"{'error': 'Access limit reached', 'retry_after': '23 hours 45 minutes'}"
P0acg5UDOR66HScM,1744432792829,429,Access limit reached,"{'error': 'Access limit reached', 'retry_after': '23 hours 45 minutes'}"
P0acg5UDOR66HScM,1744464262829,429,Access limit reached,"{'error': 'Access limit reached', 'retry_after': '23 hours 45 minutes'}"
P0acg5UDOR66HScM,1744438479829,429,Access limit reached,"{'error': 'Access limit reached', 'retry_after': '23 hours 45 minutes'}"
P0acg5UDOR66HScM,1744444305829,429,Access limit reached,"{'error': 'Access limit reached', 'retry_after': '23 hours 45 minutes'}"
P0acg5UDOR66HScM,1744479927829,429,Access limit reached,"{'error': 'Access limit reached', 'retry_after': '23 hours 45 minutes'}"
P0acg5UDOR66HScM,1744448923829,429,Access limit reached,"{'error': 'Access limit reached', 'retry_after': '23 hours 45 minutes'}"
P0acg5UDOR66HScM,1744456737829,429,Access limit reached,"{'error': 'Access limit reached', 'retry_after': '23 hours 45 minutes'}"
P0acg5UDOR66HScM,1744458877829,429,Access limit reached,"{'error': 'Access limit reached', 'retry_after': '23 hours 45 minutes'}"
P0acg5UDOR66HScM,1744482942829,429,Access limit reached,"{'error': 'Access limit reached', 'retry_after': '23 hours 45 minutes'}"
P0acg5UDOR66HScM,1744422913829,429,Access limit reached,"{'error': 'Access limit reached', 'retry_after': '23 hours 45 minutes'}"
BMNPAKeiIWK2kEsq,1744440943829,200,Success,"{'message': 'Success', 'quote': ""Opportunities don't happen. You create them."", 'writer': 'Chris Grosser'}"
BMNPAKeiIWK2kEsq,1744420950829,200,Success,"{'message': 'Success', 'quote': 'To be yourself in a world that is constantly trying to make you something else is the greatest accomplishment.', 'writer': 'Ralph Waldo Emerson'}"
BMNPAKeiIWK2kEsq,1744486617829,200,Success,"{'message': 'Success', 'quote': 'You must be the change you wish to see in the world.', 'writer': 'Mahatma Gandhi'}"
BMNPAKeiIWK2kEsq,1744418638829,200,Success,"{'message': 'Success', 'quote': 'It’s not whether you get knocked down, it’s whether you get up.', 'writer': 'Vince Lombardi'}"
BMNPAKeiIWK2kEsq,1744430473829,200,Success,"{'message': 'Success', 'quote': 'People who are crazy enough to think they can change the world, are the ones who do.', 'writer': 'Rob Siltanen'}"
BMNPAKeiIWK2kEsq,1744442004829,200,Success,"{'message': 'Success', 'quote': 'Everything you’ve ever wanted is on the other side of fear.', 'writer': 'George Addair'}"
BMNPAKeiIWK2kEsq,1744445110829,200,Success,"{'message': 'Success', 'quote': 'It’s not whether you get knocked down, it’s whether you get up.', 'writer': 'Vince Lombardi'}"
BMNPAKeiIWK2kEsq,1744481444829,200,Success,"{'message': 'Success', 'quote': 'A journey of a thousand miles begins with a single step.', 'writer': 'Lao Tzu'}"
BMNPAKeiIWK2kEsq,1744469136829,200,Success,"{'message': 'Success', 'quote': 'Success is a journey, not a destination.', 'writer': 'Arthur Ashe'}"
BMNPAKeiIWK2kEsq,1744435091829,200,Success,"{'message': 'Success', 'quote': 'To succeed in life, you need two things: ignorance and confidence.', 'writer': 'Mark Twain'}"
BMNPAKeiIWK2kEsq,1744458629829,200,Success,"{'message': 'Success', 'quote': 'Everything you’ve ever wanted is on the other side of fear.', 'writer': 'George Addair'}"
BMNPAKeiIWK2kEsq,1744455476829,200,Success,"{'message': 'Success', 'quote': 'If opportunity doesn’t knock, build a door.', 'writer': 'Milton Berle'}"
BMNPAKeiIWK2kEsq,1744457086829,200,Success,"{'message': 'Success', 'quote': 'The way to get started is to quit talking and begin doing.', 'writer': 'Walt Disney'}"
BMNPAKeiIWK2kEsq,1744485649829,200,Success,"{'message': 'Success', 'quote': 'Do what you feel in your heart to be right—for you’ll be criticized anyway.', 'writer': 'Eleanor Roosevelt'}"
BMNPAKeiIWK2kEsq,1744466985829,200,Success,"{'message': 'Success', 'quote': 'The best way to predict the future is to create it.', 'writer': 'Peter Drucker'}"
BMNPAKeiIWK2kEsq,1744456321829,200,Success,"{'message': 'Success', 'quote': 'Success is getting what you want. Happiness is wanting what you get.', 'writer': 'Dale Carnegie'}"
BMNPAKeiIWK2kEsq,1744457533829,200,Success,"{'message': 'Success', 'quote': 'Do what you can, with what you have, where you are.', 'writer': 'Theodore Roosevelt'}"
BMNPAKeiIWK2kEsq,1744424389829,200,Success,"{'message': 'Success', 'quote': 'Hardships often prepare ordinary people for an extraordinary destiny.', 'writer': 'C.S. Lewis'}"
BMNPAKeiIWK2kEsq,1744452573829,200,Success,"{'message': 'Success', 'quote': 'Small deeds done are better than great deeds planned.', 'writer': 'Peter Marshall'}"
BMNPAKeiIWK2kEsq,1744462726829,200,Success,"{'message': 'Success', 'quote': 'If opportunity doesn’t knock, build a door.', 'writer': 'Milton Berle'}"
BMNPAKeiIWK2kEsq,1744471452829,200,Success,"{'message': 'Success', 'quote': 'Quality means doing it right when no one is looking.', 'writer': 'Henry Ford'}"
BMNPAKeiIWK2kEsq,1744470482829,200,Success,"{'message': 'Success', 'quote': ""If everything seems under control, you're not going fast enough."", 'writer': 'Mario Andretti'}"
BMNPAKeiIWK2kEsq,1744439944829,200,Success,"{'message': 'Success', 'quote': 'Do what you feel in your heart to be right—for you’ll be criticized anyway.', 'writer': 'Eleanor Roosevelt'}"
BMNPAKeiIWK2kEsq,1744457951829,200,Success,"{'message': 'Success', 'quote': 'The mind is everything. What you think you become.', 'writer': 'Buddha'}"
BMNPAKeiIWK2kEsq,1744455945829,200,Success,"{'message': 'Success', 'quote': 'Success is not in what you have, but who you are.', 'writer': 'Bo Bennett'}"
BMNPAKeiIWK2kEsq,1744428126829,200,Success,"{'message': 'Success', 'quote': 'Do not go where the path may lead, go instead where there is no path and leave a trail.', 'writer': 'Ralph Waldo Emerson'}"
BMNPAKeiIWK2kEsq,1744420474829,200,Success,"{'message': 'Success', 'quote': 'The way to get started is to quit talking and begin doing.', 'writer': 'Walt Disney'}"
BMNPAKeiIWK2kEsq,1744440825829,200,Success,"{'message': 'Success', 'quote': 'What lies behind us and what lies before us are tiny matters compared to what lies within us.', 'writer': 'Ralph Waldo Emerson'}"
BMNPAKeiIWK2kEsq,1744454051829,200,Success,"{'message': 'Success', 'quote': 'Act as if what you do makes a difference. It does.', 'writer': 'William James'}"
BMNPAKeiIWK2kEsq,1744450959829,200,Success,"{'message': 'Success', 'quote': 'I never dreamed about success. I worked for it.', 'writer': 'Estee Lauder'}"
BMNPAKeiIWK2kEsq,1744458372829,200,Success,"{'message': 'Success', 'quote': 'When you reach the end of your rope, tie a knot in it and hang on.', 'writer': 'Franklin D. Roosevelt'}"
BMNPAKeiIWK2kEsq,1744440520829,200,Success,"{'message': 'Success', 'quote': 'Success usually comes to those who are too busy to be looking for it.', 'writer': 'Henry David Thoreau'}"
BMNPAKeiIWK2kEsq,1744420395829,200,Success,"{'message': 'Success', 'quote': 'Do what you can, with what you have, where you are.', 'writer': 'Theodore Roosevelt'}"
BMNPAKeiIWK2kEsq,1744482664829,200,Success,"{'message': 'Success', 'quote': ""Don't watch the clock; do what it does. Keep going."", 'writer': 'Sam Levenson'}"
BMNPAKeiIWK2kEsq,1744479856829,200,Success,"{'message': 'Success', 'quote': 'Failure is simply the opportunity to begin again, this time more intelligently.', 'writer': 'Henry Ford'}"
BMNPAKeiIWK2kEsq,1744417616829,429,Access limit reached,"{'error': 'Access limit reached', 'retry_after': '0 hours 6 minutes'}"
BMNPAKeiIWK2kEsq,1744471690829,429,Access limit reached,"{'error': 'Access limit reached', 'retry_after': '0 hours 6 minutes'}"
BMNPAKeiIWK2kEsq,1744478429829,429,Access limit reached,"{'error': 'Access limit reached', 'retry_after': '0 hours 6 minutes'}"
BMNPAKeiIWK2kEsq,1744430191829,429,Access limit reached,"{'error': 'Access limit reached', 'retry_after': '0 hours 6 minutes'}"
BMNPAKeiIWK2kEsq,1744458293829,429,Access limit reached,"{'error': 'Access limit reached', 'retry_after': '0 hours 6 minutes'}"
BMNPAKeiIWK2kEsq,1744486734829,429,Access limit reached,"{'error': 'Access limit reached', 'retry_after': '0 hours 6 minutes'}"
BMNPAKeiIWK2kEsq,1744443933829,429,Access limit reached,"{'error': 'Access limit reached', 'retry_after': '0 hours 6 minutes'}"
BMNPAKeiIWK2kEsq,1744475044829,429,Access limit reached,"{'error': 'Access limit reached', 'retry_after': '0 hours 6 minutes'}"
BMNPAKeiIWK2kEsq,1744445396829,429,Access limit reached,"{'error': 'Access limit reached', 'retry_after': '0 hours 6 minutes'}"
bCNUBb0ZB5XAwL21,1744475285829,429,Access limit reached,"{'error': 'Access limit reached', 'retry_after': '23 hours 33 minutes'}"
bCNUBb0ZB5XAwL21,1744422139829,429,Access limit reached,"{'error': 'Access limit reached', 'retry_after': '23 hours 33 minutes'}"
bCNUBb0ZB5XAwL21,1744432537829,429,Access limit reached,"{'error': 'Access limit reached', 'retry_after': '23 hours 33 minutes'}"
bCNUBb0ZB5XAwL21,1744446237829,429,Access limit reached,"{'error': 'Access limit reached', 'retry_after': '23 hours 33 minutes'}"
bCNUBb0ZB5XAwL21,1744480588829,429,Access limit reached,"{'error': 'Access limit reached', 'retry_after': '23 hours 33 minutes'}"
bCNUBb0ZB5XAwL21,1744484953829,429,Access limit reached,"{'error': 'Access limit reached', 'retry_after': '23 hours 33 minutes'}"
bCNUBb0ZB5XAwL21,1744483963829,429,Access limit reached,"{'error': 'Access limit reached', 'retry_after': '23 hours 33 minutes'}"
bCNUBb0ZB5XAwL21,1744486351829,429,Access limit reached,"{'error': 'Access limit reached', 'retry_after': '23 hours 33 minutes'}"
bCNUBb0ZB5XAwL21,1744444693829,429,Access limit reached,"{'error': 'Access limit reached', 'retry_after': '23 hours 33 minutes'}"
bCNUBb0ZB5XAwL21,1744431846829,429,Access limit reached,"{'error': 'Access limit reached', 'retry_after': '23 hours 33 minutes'}"
bCNUBb0ZB5XAwL21,1744456263829,429,Access limit reached,"{'error': 'Access limit reached', 'retry_after': '23 hours 33 minutes'}"
bCNUBb0ZB5XAwL21,1744436014829,429,Access limit reached,"{'error': 'Access limit reached', 'retry_after': '23 hours 33 minutes'}"
bCNUBb0ZB5XAwL21,1744465921829,429,Access limit reached,"{'error': 'Access limit reached', 'retry_after': '23 hours 33 minutes'}"
bCNUBb0ZB5XAwL21,1744423242829,429,Access limit reached,"{'error': 'Access limit reached', 'retry_after': '23 hours 33 minutes'}"
bCNUBb0ZB5XAwL21,1744472792829,429,Access limit reached,"{'error': 'Access limit reached', 'retry_after': '23 hours 33 minutes'}"
bCNUBb0ZB5XAwL21,1744445790829,429,Access limit reached,"{'error': 'Access limit reached', 'retry_after': '23 hours 33 minutes'}"
bCNUBb0ZB5XAwL21,1744462851829,429,Access limit reached,"{'error': 'Access limit reached', 'retry_after': '23 hours 33 minutes'}"
bCNUBb0ZB5XAwL21,1744451888829,429,Access limit reached,"{'error': 'Access limit reached', 'retry_after': '23 hours 33 minutes'}"
bCNUBb0ZB5XAwL21,1744445286829,429,Access limit reached,"{'error': 'Access limit reached', 'retry_after': '23 hours 33 minutes'}"
bCNUBb0ZB5XAwL21,1744482631829,429,Access limit reached,"{'error': 'Access limit reached', 'retry_after': '23 hours 33 minutes'}"
bCNUBb0ZB5XAwL21,1744438369829,429,Access limit reached,"{'error': 'Access limit reached', 'retry_after': '23 hours 33 minutes'}"
bCNUBb0ZB5XAwL21,1744434136829,429,Access limit reached,"{'error': 'Access limit reached', 'retry_after': '23 hours 33 minutes'}"
bCNUBb0ZB5XAwL21,1744426179829,429,Access limit reached,"{'error': 'Access limit reached', 'retry_after': '23 hours 33 minutes'}"
bCNUBb0ZB5XAwL21,1744419048829,429,Access limit reached,"{'error': 'Access limit reached', 'retry_after': '23 hours 33 minutes'}"
bCNUBb0ZB5XAwL21,1744457598829,429,Access limit reached,"{'error': 'Access limit reached', 'retry_after': '23 hours 33 minutes'}"
bCNUBb0ZB5XAwL21,1744441222829,429,Access limit reached,"{'error': 'Access limit reached', 'retry_after': '23 hours 33 minutes'}"
bCNUBb0ZB5XAwL21,1744486659829,429,Access limit reached,"{'error': 'Access limit reached', 'retry_after': '23 hours 33 minutes'}"
bCNUBb0ZB5XAwL21,1744472603829,429,Access limit reached,"{'error': 'Access limit reached', 'retry_after': '23 hours 33 minutes'}"
bCNUBb0ZB5XAwL21,1744477632829,429,Access limit reached,"{'error': 'Access limit reached', 'retry_after': '23 hours 33 minutes'}"
bCNUBb0ZB5XAwL21,1744415394829,429,Access limit reached,"{'error': 'Access limit reached', 'retry_after': '23 hours 33 minutes'}"
bCNUBb0ZB5XAwL21,1744422591829,429,Access limit reached,"{'error': 'Access limit reached', 'retry_after': '23 hours 33 minutes'}"
bCNUBb0ZB5XAwL21,1744453649829,429,Access limit reached,"{'error': 'Access limit reached', 'retry_after': '23 hours 33 minutes'}"
bCNUBb0ZB5XAwL21,1744475212829,429,Access limit reached,"{'error': 'Access limit reached', 'retry_after': '23 hours 33 minutes'}"
bCNUBb0ZB5XAwL21,1744431570829,429,Access limit reached,"{'error': 'Access limit reached', 'retry_after': '23 hours 33 minutes'}"
bCNUBb0ZB5XAwL21,1744478403829,429,Access limit reached,"{'error': 'Access limit reached', 'retry_after': '23 hours 33 minutes'}"
bCNUBb0ZB5XAwL21,1744424991829,429,Access limit reached,"{'error': 'Access limit reached', 'retry_after': '23 hours 33 minutes'}"
bCNUBb0ZB5XAwL21,1744445706829,429,Access limit reached,"{'error': 'Access limit reached', 'retry_after': '23 hours 33 minutes'}"
bCNUBb0ZB5XAwL21,1744455351829,429,Access limit reached,"{'error': 'Access limit reached', 'retry_after': '23 hours 33 minutes'}"
bCNUBb0ZB5XAwL21,1744474264829,429,Access limit reached,"{'error': 'Access limit reached', 'retry_after': '23 hours 33 minutes'}"
bCNUBb0ZB5XAwL21,1744422183829,429,Access limit reached,"{'error': 'Access limit reached', 'retry_after': '23 hours 33 minutes'}"
bCNUBb0ZB5XAwL21,1744422244829,429,Access limit reached,"{'error': 'Access limit reached', 'retry_after': '23 hours 33 minutes'}"
bCNUBb0ZB5XAwL21,1744427876829,429,Access limit reached,"{'error': 'Access limit reached', 'retry_after': '23 hours 33 minutes'}"
bCNUBb0ZB5XAwL21,1744440677829,429,Access limit reached,"{'error': 'Access limit reached', 'retry_after': '23 hours 33 minutes'}"
bCNUBb0ZB5XAwL21,1744459561829,429,Access limit reached,"{'error': 'Access limit reached', 'retry_after': '23 hours 33 minutes'}"
bCNUBb0ZB5XAwL21,1744473404829,429,Access limit reached,"{'error': 'Access limit reached', 'retry_after': '23 hours 33 minutes'}"
P0acg5UDOR66HScM,1744468355829,429,Access limit reached,"{'error': 'Access limit reached', 'retry_after': '23 hours 45 minutes'}"
P0acg5UDOR66HScM,1744469359829,429,Access limit reached,"{'error': 'Access limit reached', 'retry_after': '23 hours 45 minutes'}"
P0acg5UDOR66HScM,1744473985829,429,Access limit reached,"{'error': 'Access limit reached', 'retry_after': '23 hours 45 minutes'}"
P0acg5UDOR66HScM,1744462489829,429,Access limit reached,"{'error': 'Access limit reached', 'retry_after': '23 hours 45 minutes'}"
P0acg5UDOR66HScM,1744461392829,429,Access limit reached,"{'error': 'Access limit reached', 'retry_after': '23 hours 45 minutes'}"
P0acg5UDOR66HScM,1744423197829,429,Access limit reached,"{'error': 'Access limit reached', 'retry_after': '23 hours 45 minutes'}"
P0acg5UDOR66HScM,1744426685829,429,Access limit reached,"{'error': 'Access limit reached', 'retry_after': '23 hours 45 minutes'}"
P0acg5UDOR66HScM,1744478419829,429,Access limit reached,"{'error': 'Access limit reached', 'retry_after': '23 hours 45 minutes'}"
P0acg5UDOR66HScM,1744485489829,429,Access limit reached,"{'error': 'Access limit reached', 'retry_after': '23 hours 45 minutes'}"
P0acg5UDOR66HScM,1744457350829,429,Access limit reached,"{'error': 'Access limit reached', 'retry_after': '23 hours 45 minutes'}"
P0acg5UDOR66HScM,1744428113829,429,Access limit reached,"{'error': 'Access limit reached', 'retry_after': '23 hours 45 minutes'}"
P0acg5UDOR66HScM,1744474559829,429,Access limit reached,"{'error': 'Access limit reached', 'retry_after': '23 hours 45 minutes'}"
P0acg5UDOR66HScM,1744460205829,429,Access limit reached,"{'error': 'Access limit reached', 'retry_after': '23 hours 45 minutes'}"
P0acg5UDOR66HScM,1744461493829,429,Access limit reached,"{'error': 'Access limit reached', 'retry_after': '23 hours 45 minutes'}"
P0acg5UDOR66HScM,1744431316829,429,Access limit reached,"{'error': 'Access limit reached', 'retry_after': '23 hours 45 minutes'}"
P0acg5UDOR66HScM,1744416641829,429,Access limit reached,"{'error': 'Access limit reached', 'retry_after': '23 hours 45 minutes'}"
P0acg5UDOR66HScM,1744430809829,429,Access limit reached,"{'error': 'Access limit reached', 'retry_after': '23 hours 45 minutes'}"
P0acg5UDOR66HScM,1744457905829,429,Access limit reached,"{'error': 'Access limit reached', 'retry_after': '23 hours 45 minutes'}"
P0acg5UDOR66HScM,1744425898829,429,Access limit reached,"{'error': 'Access limit reached', 'retry_after': '23 hours 45 minutes'}"
P0acg5UDOR66HScM,1744479421829,429,Access limit reached,"{'error': 'Access limit reached', 'retry_after': '23 hours 45 minutes'}"
P0acg5UDOR66HScM,1744479187829,429,Access limit reached,"{'error': 'Access limit reached', 'retry_after': '23 hours 45 minutes'}"
P0acg5UDOR66HScM,1744481779829,429,Access limit reached,"{'error': 'Access limit reached', 'retry_after': '23 hours 45 minutes'}"
P0acg5UDOR66HScM,1744448098829,429,Access limit reached,"{'error': 'Access limit reached', 'retry_after': '23 hours 45 minutes'}"
P0acg5UDOR66HScM,1744432597829,429,Access limit reached,"{'error': 'Access limit reached', 'retry_after': '23 hours 45 minutes'}"
P0acg5UDOR66HScM,1744478590829,429,Access limit reached,"{'error': 'Access limit reached', 'retry_after': '23 hours 45 minutes'}"
P0acg5UDOR66HScM,1744433326829,429,Access limit reached,"{'error': 'Access limit reached', 'retry_after': '23 hours 45 minutes'}"
P0acg5UDOR66HScM,1744475762829,429,Access limit reached,"{'error': 'Access limit reached', 'retry_after': '23 hours 45 minutes'}"
P0acg5UDOR66HScM,1744472092829,429,Access limit reached,"{'error': 'Access limit reached', 'retry_after': '23 hours 45 minutes'}"
BMNPAKeiIWK2kEsq,1744462423829,429,Access limit reached,"{'error': 'Access limit reached', 'retry_after': '0 hours 6 minutes'}"
BMNPAKeiIWK2kEsq,1744417447829,429,Access limit reached,"{'error': 'Access limit reached', 'retry_after': '0 hours 6 minutes'}"
BMNPAKeiIWK2kEsq,1744481390829,429,Access limit reached,"{'error': 'Access limit reached', 'retry_after': '0 hours 6 minutes'}"
BMNPAKeiIWK2kEsq,1744422939829,429,Access limit reached,"{'error': 'Access limit reached', 'retry_after': '0 hours 6 minutes'}"
BMNPAKeiIWK2kEsq,1744479427829,429,Access limit reached,"{'error': 'Access limit reached', 'retry_after': '0 hours 6 minutes'}"
BMNPAKeiIWK2kEsq,1744421082829,429,Access limit reached,"{'error': 'Access limit reached', 'retry_after': '0 hours 6 minutes'}"
BMNPAKeiIWK2kEsq,1744425664829,429,Access limit reached,"{'error': 'Access limit reached', 'retry_after': '0 hours 6 minutes'}"
BMNPAKeiIWK2kEsq,1744436379829,429,Access limit reached,"{'error': 'Access limit reached', 'retry_after': '0 hours 6 minutes'}"
BMNPAKeiIWK2kEsq,1744487167829,429,Access limit reached,"{'error': 'Access limit reached', 'retry_after': '0 hours 6 minutes'}"
BMNPAKeiIWK2kEsq,1744469576829,429,Access limit reached,"{'error': 'Access limit reached', 'retry_after': '0 hours 6 minutes'}"
BMNPAKeiIWK2kEsq,1744428854829,429,Access limit reached,"{'error': 'Access limit reached', 'retry_after': '0 hours 6 minutes'}"
BMNPAKeiIWK2kEsq,1744441819829,429,Access limit reached,"{'error': 'Access limit reached', 'retry_after': '0 hours 6 minutes'}"
BMNPAKeiIWK2kEsq,1744417984829,429,Access limit reached,"{'error': 'Access limit reached', 'retry_after': '0 hours 6 minutes'}"
BMNPAKeiIWK2kEsq,1744441997829,429,Access limit reached,"{'error': 'Access limit reached', 'retry_after': '0 hours 6 minutes'}"
BMNPAKeiIWK2kEsq,1744439276829,429,Access limit reached,"{'error': 'Access limit reached', 'retry_after': '0 hours 6 minutes'}"
BMNPAKeiIWK2kEsq,1744456468829,429,Access limit reached,"{'error': 'Access limit reached', 'retry_after': '0 hours 6 minutes'}"
BMNPAKeiIWK2kEsq,1744440254829,429,Access limit reached,"{'error': 'Access limit reached', 'retry_after': '0 hours 6 minutes'}"
BMNPAKeiIWK2kEsq,1744470348829,429,Access limit reached,"{'error': 'Access limit reached', 'retry_after': '0 hours 6 minutes'}"
BMNPAKeiIWK2kEsq,1744422232829,429,Access limit reached,"{'error': 'Access limit reached', 'retry_after': '0 hours 6 minutes'}"
BMNPAKeiIWK2kEsq,1744453992829,429,Access limit reached,"{'error': 'Access limit reached', 'retry_after': '0 hours 6 minutes'}"
BMNPAKeiIWK2kEsq,1744466179829,429,Access limit reached,"{'error': 'Access limit reached', 'retry_after': '0 hours 6 minutes'}"
BMNPAKeiIWK2kEsq,1744478838829,429,Access limit reached,"{'error': 'Access limit reached', 'retry_after': '0 hours 6 minutes'}"
BMNPAKeiIWK2kEsq,1744466157829,429,Access limit reached,"{'error': 'Access limit reached', 'retry_after': '0 hours 6 minutes'}"
BMNPAKeiIWK2kEsq,1744445789829,429,Access limit reached,"{'error': 'Access limit reached', 'retry_after': '0 hours 6 minutes'}"
BMNPAKeiIWK2kEsq,1744428073829,429,Access limit reached,"{'error': 'Access limit reached', 'retry_after': '0 hours 6 minutes'}"
BMNPAKeiIWK2kEsq,1744470593829,429,Access limit reached,"{'error': 'Access limit reached', 'retry_after': '0 hours 6 minutes'}"
BMNPAKeiIWK2kEsq,1744452999829,429,Access limit reached,"{'error': 'Access limit reached', 'retry_after': '0 hours 6 minutes'}"
BMNPAKeiIWK2kEsq,1744432107829,429,Access limit reached,"{'error': 'Access limit reached', 'retry_after': '0 hours 6 minutes'}"
BMNPAKeiIWK2kEsq,1744458753829,429,Access limit reached,"{'error': 'Access limit reached', 'retry_after': '0 hours 6 minutes'}"
BMNPAKeiIWK2kEsq,1744438520829,429,Access limit reached,"{'error': 'Access limit reached', 'retry_after': '0 hours 6 minutes'}"
BMNPAKeiIWK2kEsq,1744481611829,429,Access limit reached,"{'error': 'Access limit reached', 'retry_after': '0 hours 6 minutes'}"
BMNPAKeiIWK2kEsq,1744448025829,429,Access limit reached,"{'error': 'Access limit reached', 'retry_after': '0 hours 6 minutes'}"
BMNPAKeiIWK2kEsq,1744484374829,429,Access limit reached,"{'error': 'Access limit reached', 'retry_after': '0 hours 6 minutes'}"
BMNPAKeiIWK2kEsq,1744441412829,429,Access limit reached,"{'error': 'Access limit reached', 'retry_after': '0 hours 6 minutes'}"
BMNPAKeiIWK2kEsq,1744440210829,429,Access limit reached,"{'error': 'Access limit reached', 'retry_after': '0 hours 6 minutes'}"
BMNPAKeiIWK2kEsq,1744452487829,429,Access limit reached,"{'error': 'Access limit reached', 'retry_after': '0 hours 6 minutes'}"
BMNPAKeiIWK2kEsq,1744445093829,429,Access limit reached,"{'error': 'Access limit reached', 'retry_after': '0 hours 6 minutes'}"
BMNPAKeiIWK2kEsq,1744463837829,429,Access limit reached,"{'error': 'Access limit reached', 'retry_after': '0 hours 6 minutes'}"
bCNUBb0ZB5XAwL21,1744463122829,429,Access limit reached,"{'error': 'Access limit reached', 'retry_after': '23 hours 32 minutes'}"
bCNUBb0ZB5XAwL21,1744459489829,429,Access limit reached,"{'error': 'Access limit reached', 'retry_after': '23 hours 32 minutes'}"
bCNUBb0ZB5XAwL21,1744463065829,429,Access limit reached,"{'error': 'Access limit reached', 'retry_after': '23 hours 32 minutes'}"
bCNUBb0ZB5XAwL21,1744479449829,429,Access limit reached,"{'error': 'Access limit reached', 'retry_after': '23 hours 32 minutes'}"
bCNUBb0ZB5XAwL21,1744426124829,429,Access limit reached,"{'error': 'Access limit reached', 'retry_after': '23 hours 32 minutes'}"
bCNUBb0ZB5XAwL21,1744417867829,429,Access limit reached,"{'error': 'Access limit reached', 'retry_after': '23 hours 32 minutes'}"
bCNUBb0ZB5XAwL21,1744425875829,429,Access limit reached,"{'error': 'Access limit reached', 'retry_after': '23 hours 32 minutes'}"
bCNUBb0ZB5XAwL21,1744420487829,429,Access limit reached,"{'error': 'Access limit reached', 'retry_after': '23 hours 32 minutes'}"
bCNUBb0ZB5XAwL21,1744433537829,429,Access limit reached,"{'error': 'Access limit reached', 'retry_after': '23 hours 32 minutes'}"
bCNUBb0ZB5XAwL21,1744458177829,429,Access limit reached,"{'error': 'Access limit reached', 'retry_after': '23 hours 32 minutes'}"
bCNUBb0ZB5XAwL21,1744438013829,429,Access limit reached,"{'error': 'Access limit reached', 'retry_after': '23 hours 32 minutes'}"
bCNUBb0ZB5XAwL21,1744448503829,429,Access limit reached,"{'error': 'Access limit reached', 'retry_after': '23 hours 32 minutes'}"
bCNUBb0ZB5XAwL21,1744424499829,429,Access limit reached,"{'error': 'Access limit reached', 'retry_after': '23 hours 32 minutes'}"
bCNUBb0ZB5XAwL21,1744445271829,429,Access limit reached,"{'error': 'Access limit reached', 'retry_after': '23 hours 32 minutes'}"
bCNUBb0ZB5XAwL21,1744452899829,429,Access limit reached,"{'error': 'Access limit reached', 'retry_after': '23 hours 32 minutes'}"
bCNUBb0ZB5XAwL21,1744468480829,429,Access limit reached,"{'error': 'Access limit reached', 'retry_after': '23 hours 32 minutes'}"
bCNUBb0ZB5XAwL21,1744415614829,429,Access limit reached,"{'error': 'Access limit reached', 'retry_after': '23 hours 32 minutes'}"
bCNUBb0ZB5XAwL21,1744417177829,429,Access limit reached,"{'error': 'Access limit reached', 'retry_after': '23 hours 32 minutes'}"
bCNUBb0ZB5XAwL21,1744459557829,429,Access limit reached,"{'error': 'Access limit reached', 'retry_after': '23 hours 32 minutes'}"
bCNUBb0ZB5XAwL21,1744439834829,429,Access limit reached,"{'error': 'Access limit reached', 'retry_after': '23 hours 32 minutes'}"
bCNUBb0ZB5XAwL21,1744476012829,429,Access limit reached,"{'error': 'Access limit reached', 'retry_after': '23 hours 32 minutes'}"
bCNUBb0ZB5XAwL21,1744424199829,429,Access limit reached,"{'error': 'Access limit reached', 'retry_after': '23 hours 32 minutes'}"
bCNUBb0ZB5XAwL21,1744433746829,429,Access limit reached,"{'error': 'Access limit reached', 'retry_after': '23 hours 32 minutes'}"
bCNUBb0ZB5XAwL21,1744452674829,429,Access limit reached,"{'error': 'Access limit reached', 'retry_after': '23 hours 32 minutes'}"
bCNUBb0ZB5XAwL21,1744469146829,429,Access limit reached,"{'error': 'Access limit reached', 'retry_after': '23 hours 32 minutes'}"
bCNUBb0ZB5XAwL21,1744454018829,429,Access limit reached,"{'error': 'Access limit reached', 'retry_after': '23 hours 32 minutes'}"
bCNUBb0ZB5XAwL21,1744435289829,429,Access limit reached,"{'error': 'Access limit reached', 'retry_after': '23 hours 32 minutes'}"
bCNUBb0ZB5XAwL21,1744444570829,429,Access limit reached,"{'error': 'Access limit reached', 'retry_after': '23 hours 32 minutes'}"
bCNUBb0ZB5XAwL21,1744463678829,429,Access limit reached,"{'error': 'Access limit reached', 'retry_after': '23 hours 32 minutes'}"
bCNUBb0ZB5XAwL21,1744477351829,429,Access limit reached,"{'error': 'Access limit reached', 'retry_after': '23 hours 32 minutes'}"
bCNUBb0ZB5XAwL21,1744446559829,429,Access limit reached,"{'error': 'Access limit reached', 'retry_after': '23 hours 32 minutes'}"
bCNUBb0ZB5XAwL21,1744465594829,429,Access limit reached,"{'error': 'Access limit reached', 'retry_after': '23 hours 32 minutes'}"
bCNUBb0ZB5XAwL21,1744480683829,429,Access limit reached,"{'error': 'Access limit reached', 'retry_after': '23 hours 32 minutes'}"
bCNUBb0ZB5XAwL21,1744450054829,429,Access limit reached,"{'error': 'Access limit reached', 'retry_after': '23 hours 32 minutes'}"
bCNUBb0ZB5XAwL21,1744416052829,429,Access limit reached,"{'error': 'Access limit reached', 'retry_after': '23 hours 32 minutes'}"
bCNUBb0ZB5XAwL21,1744457467829,429,Access limit reached,"{'error': 'Access limit reached', 'retry_after': '23 hours 32 minutes'}"
bCNUBb0ZB5XAwL21,1744425724829,429,Access limit reached,"{'error': 'Access limit reached', 'retry_after': '23 hours 32 minutes'}"
bCNUBb0ZB5XAwL21,1744428189829,429,Access limit reached,"{'error': 'Access limit reached', 'retry_after': '23 hours 32 minutes'}"
bCNUBb0ZB5XAwL21,1744428111829,429,Access limit reached,"{'error': 'Access limit reached', 'retry_after': '23 hours 32 minutes'}"
bCNUBb0ZB5XAwL21,1744430634829,429,Access limit reached,"{'error': 'Access limit reached', 'retry_after': '23 hours 32 minutes'}"
bCNUBb0ZB5XAwL21,1744485912829,429,Access limit reached,"{'error': 'Access limit reached', 'retry_after': '23 hours 32 minutes'}"
bCNUBb0ZB5XAwL21,1744463250829,429,Access limit reached,"{'error': 'Access limit reached', 'retry_after': '23 hours 32 minutes'}"
bCNUBb0ZB5XAwL21,1744474378829,429,Access limit reached,"{'error': 'Access limit reached', 'retry_after': '23 hours 32 minutes'}"
bCNUBb0ZB5XAwL21,1744461636829,429,Access limit reached,"{'error': 'Access limit reached', 'retry_after': '23 hours 32 minutes'}"
bCNUBb0ZB5XAwL21,1744441942829,429,Access limit reached,"{'error': 'Access limit reached', 'retry_after': '23 hours 32 minutes'}"
bCNUBb0ZB5XAwL21,1744458813829,429,Access limit reached,"{'error': 'Access limit reached', 'retry_after': '23 hours 32 minutes'}"
bCNUBb0ZB5XAwL21,1744423588829,429,Access limit reached,"{'error': 'Access limit reached', 'retry_after': '23 hours 32 minutes'}"
bCNUBb0ZB5XAwL21,1744462780829,429,Access limit reached,"{'error': 'Access limit reached', 'retry_after': '23 hours 32 minutes'}"
bCNUBb0ZB5XAwL21,1744444564829,429,Access limit reached,"{'error': 'Access limit reached', 'retry_after': '23 hours 32 minutes'}"
bCNUBb0ZB5XAwL21,1744457219829,429,Access limit reached,"{'error': 'Access limit reached', 'retry_after': '23 hours 32 minutes'}"
bCNUBb0ZB5XAwL21,1744456665829,429,Access limit reached,"{'error': 'Access limit reached', 'retry_after': '23 hours 32 minutes'}"
bCNUBb0ZB5XAwL21,1744459744829,429,Access limit reached,"{'error': 'Access limit reached', 'retry_after': '23 hours 32 minutes'}"
bCNUBb0ZB5XAwL21,1744451601829,429,Access limit reached,"{'error': 'Access limit reached', 'retry_after': '23 hours 32 minutes'}"
bCNUBb0ZB5XAwL21,1744465308829,429,Access limit reached,"{'error': 'Access limit reached', 'retry_after': '23 hours 32 minutes'}"
bCNUBb0ZB5XAwL21,1744458987829,429,Access limit reached,"{'error': 'Access limit reached', 'retry_after': '23 hours 32 minutes'}"
bCNUBb0ZB5XAwL21,1744436106829,429,Access limit reached,"{'error': 'Access limit reached', 'retry_after': '23 hours 32 minutes'}"
bCNUBb0ZB5XAwL21,1744442916829,429,Access limit reached,"{'error': 'Access limit reached', 'retry_after': '23 hours 32 minutes'}"
bCNUBb0ZB5XAwL21,1744428424829,429,Access limit reached,"{'error': 'Access limit reached', 'retry_after': '23 hours 32 minutes'}"
bCNUBb0ZB5XAwL21,1744446422829,429,Access limit reached,"{'error': 'Access limit reached', 'retry_after': '23 hours 32 minutes'}"
bCNUBb0ZB5XAwL21,1744475840829,429,Access limit reached,"{'error': 'Access limit reached', 'retry_after': '23 hours 32 minutes'}"
bCNUBb0ZB5XAwL21,1744463628829,429,Access limit reached,"{'error': 'Access limit reached', 'retry_after': '23 hours 32 minutes'}"
bCNUBb0ZB5XAwL21,1744432990829,429,Access limit reached,"{'error': 'Access limit reached', 'retry_after': '23 hours 32 minutes'}"
bCNUBb0ZB5XAwL21,1744423118829,429,Access limit reached,"{'error': 'Access limit reached', 'retry_after': '23 hours 32 minutes'}"
BMNPAKeiIWK2kEsq,1744430214829,429,Access limit reached,"{'error': 'Access limit reached', 'retry_after': '0 hours 6 minutes'}"
BMNPAKeiIWK2kEsq,1744432996829,429,Access limit reached,"{'error': 'Access limit reached', 'retry_after': '0 hours 6 minutes'}"
BMNPAKeiIWK2kEsq,1744484264829,429,Access limit reached,"{'error': 'Access limit reached', 'retry_after': '0 hours 6 minutes'}"
BMNPAKeiIWK2kEsq,1744470635829,429,Access limit reached,"{'error': 'Access limit reached', 'retry_after': '0 hours 6 minutes'}"
BMNPAKeiIWK2kEsq,1744443009829,429,Access limit reached,"{'error': 'Access limit reached', 'retry_after': '0 hours 6 minutes'}"
BMNPAKeiIWK2kEsq,1744460510829,429,Access limit reached,"{'error': 'Access limit reached', 'retry_after': '0 hours 6 minutes'}"
BMNPAKeiIWK2kEsq,1744457729829,429,Access limit reached,"{'error': 'Access limit reached', 'retry_after': '0 hours 6 minutes'}"
BMNPAKeiIWK2kEsq,1744457829829,429,Access limit reached,"{'error': 'Access limit reached', 'retry_after': '0 hours 6 minutes'}"
BMNPAKeiIWK2kEsq,1744484888829,429,Access limit reached,"{'error': 'Access limit reached', 'retry_after': '0 hours 6 minutes'}"
BMNPAKeiIWK2kEsq,1744464920829,429,Access limit reached,"{'error': 'Access limit reached', 'retry_after': '0 hours 6 minutes'}"
BMNPAKeiIWK2kEsq,1744482682829,429,Access limit reached,"{'error': 'Access limit reached', 'retry_after': '0 hours 6 minutes'}"
BMNPAKeiIWK2kEsq,1744445552829,429,Access limit reached,"{'error': 'Access limit reached', 'retry_after': '0 hours 6 minutes'}"
BMNPAKeiIWK2kEsq,1744477895829,429,Access limit reached,"{'error': 'Access limit reached', 'retry_after': '0 hours 6 minutes'}"
BMNPAKeiIWK2kEsq,1744421380829,429,Access limit reached,"{'error': 'Access limit reached', 'retry_after': '0 hours 6 minutes'}"
BMNPAKeiIWK2kEsq,1744451175829,429,Access limit reached,"{'error': 'Access limit reached', 'retry_after': '0 hours 6 minutes'}"
BMNPAKeiIWK2kEsq,1744425687829,429,Access limit reached,"{'error': 'Access limit reached', 'retry_after': '0 hours 6 minutes'}"
BMNPAKeiIWK2kEsq,1744418544829,429,Access limit reached,"{'error': 'Access limit reached', 'retry_after': '0 hours 6 minutes'}"
BMNPAKeiIWK2kEsq,1744445961829,429,Access limit reached,"{'error': 'Access limit reached', 'retry_after': '0 hours 6 minutes'}"
BMNPAKeiIWK2kEsq,1744441280829,429,Access limit reached,"{'error': 'Access limit reached', 'retry_after': '0 hours 6 minutes'}"
BMNPAKeiIWK2kEsq,1744434712829,429,Access limit reached,"{'error': 'Access limit reached', 'retry_after': '0 hours 6 minutes'}"
BMNPAKeiIWK2kEsq,1744447780829,429,Access limit reached,"{'error': 'Access limit reached', 'retry_after': '0 hours 6 minutes'}"
BMNPAKeiIWK2kEsq,1744478789829,429,Access limit reached,"{'error': 'Access limit reached', 'retry_after': '0 hours 6 minutes'}"
BMNPAKeiIWK2kEsq,1744426081829,429,Access limit reached,"{'error': 'Access limit reached', 'retry_after': '0 hours 6 minutes'}"
BMNPAKeiIWK2kEsq,1744431132829,429,Access limit reached,"{'error': 'Access limit reached', 'retry_after': '0 hours 6 minutes'}"
BMNPAKeiIWK2kEsq,1744439525829,429,Access limit reached,"{'error': 'Access limit reached', 'retry_after': '0 hours 6 minutes'}"
BMNPAKeiIWK2kEsq,1744431077829,429,Access limit reached,"{'error': 'Access limit reached', 'retry_after': '0 hours 6 minutes'}"
BMNPAKeiIWK2kEsq,1744423707829,429,Access limit reached,"{'error': 'Access limit reached', 'retry_after': '0 hours 6 minutes'}"
BMNPAKeiIWK2kEsq,1744476420829,429,Access limit reached,"{'error': 'Access limit reached', 'retry_after': '0 hours 6 minutes'}"
BMNPAKeiIWK2kEsq,1744419413829,429,Access limit reached,"{'error': 'Access limit reached', 'retry_after': '0 hours 6 minutes'}"
BMNPAKeiIWK2kEsq,1744439291829,429,Access limit reached,"{'error': 'Access limit reached', 'retry_after': '0 hours 6 minutes'}"
BMNPAKeiIWK2kEsq,1744425623829,429,Access limit reached,"{'error': 'Access limit reached', 'retry_after': '0 hours 6 minutes'}"
BMNPAKeiIWK2kEsq,1744421216829,429,Access limit reached,"{'error': 'Access limit reached', 'retry_after': '0 hours 6 minutes'}"
BMNPAKeiIWK2kEsq,1744453469829,429,Access limit reached,"{'error': 'Access limit reached', 'retry_after': '0 hours 6 minutes'}"
BMNPAKeiIWK2kEsq,1744447820829,429,Access limit reached,"{'error': 'Access limit reached', 'retry_after': '0 hours 6 minutes'}"
BMNPAKeiIWK2kEsq,1744422558829,429,Access limit reached,"{'error': 'Access limit reached', 'retry_after': '0 hours 6 minutes'}"
BMNPAKeiIWK2kEsq,1744424154829,429,Access limit reached,"{'error': 'Access limit reached', 'retry_after': '0 hours 6 minutes'}"
P0acg5UDOR66HScM,1744448250829,429,Access limit reached,"{'error': 'Access limit reached', 'retry_after': '23 hours 45 minutes'}"
P0acg5UDOR66HScM,1744436048829,429,Access limit reached,"{'error': 'Access limit reached', 'retry_after': '23 hours 45 minutes'}"
P0acg5UDOR66HScM,1744436578829,429,Access limit reached,"{'error': 'Access limit reached', 'retry_after': '23 hours 45 minutes'}"
P0acg5UDOR66HScM,1744416157829,429,Access limit reached,"{'error': 'Access limit reached', 'retry_after': '23 hours 45 minutes'}"
P0acg5UDOR66HScM,1744470912829,429,Access limit reached,"{'error': 'Access limit reached', 'retry_after': '23 hours 45 minutes'}"
P0acg5UDOR66HScM,1744478943829,429,Access limit reached,"{'error': 'Access limit reached', 'retry_after': '23 hours 45 minutes'}"
P0acg5UDOR66HScM,1744423904829,429,Access limit reached,"{'error': 'Access limit reached', 'retry_after': '23 hours 45 minutes'}"
P0acg5UDOR66HScM,1744464789829,429,Access limit reached,"{'error': 'Access limit reached', 'retry_after': '23 hours 45 minutes'}"
P0acg5UDOR66HScM,1744468280829,429,Access limit reached,"{'error': 'Access limit reached', 'retry_after': '23 hours 45 minutes'}"
P0acg5UDOR66HScM,1744439289829,429,Access limit reached,"{'error': 'Access limit reached', 'retry_after': '23 hours 45 minutes'}"
P0acg5UDOR66HScM,1744476154829,429,Access limit reached,"{'error': 'Access limit reached', 'retry_after': '23 hours 45 minutes'}"
P0acg5UDOR66HScM,1744427111829,429,Access limit reached,"{'error': 'Access limit reached', 'retry_after': '23 hours 45 minutes'}"
P0acg5UDOR66HScM,1744464611829,429,Access limit reached,"{'error': 'Access limit reached', 'retry_after': '23 hours 45 minutes'}"
P0acg5UDOR66HScM,1744461648829,429,Access limit reached,"{'error': 'Access limit reached', 'retry_after': '23 hours 45 minutes'}"
P0acg5UDOR66HScM,1744417185829,429,Access limit reached,"{'error': 'Access limit reached', 'retry_after': '23 hours 45 minutes'}"
P0acg5UDOR66HScM,1744485306829,429,Access limit reached,"{'error': 'Access limit reached', 'retry_after': '23 hours 45 minutes'}"
P0acg5UDOR66HScM,1744471451829,429,Access limit reached,"{'error': 'Access limit reached', 'retry_after': '23 hours 45 minutes'}"
P0acg5UDOR66HScM,1744483619829,429,Access limit reached,"{'error': 'Access limit reached', 'retry_after': '23 hours 45 minutes'}"
P0acg5UDOR66HScM,1744474421829,429,Access limit reached,"{'error': 'Access limit reached', 'retry_after': '23 hours 45 minutes'}"
P0acg5UDOR66HScM,1744433348829,429,Access limit reached,"{'error': 'Access limit reached', 'retry_after': '23 hours 45 minutes'}"
P0acg5UDOR66HScM,1744438303829,429,Access limit reached,"{'error': 'Access limit reached', 'retry_after': '23 hours 45 minutes'}"
P0acg5UDOR66HScM,1744433740829,429,Access limit reached,"{'error': 'Access limit reached', 'retry_after': '23 hours 45 minutes'}"
P0acg5UDOR66HScM,1744438932829,429,Access limit reached,"{'error': 'Access limit reached', 'retry_after': '23 hours 45 minutes'}"
P0acg5UDOR66HScM,1744470200829,429,Access limit reached,"{'error': 'Access limit reached', 'retry_after': '23 hours 45 minutes'}"
P0acg5UDOR66HScM,1744442619829,429,Access limit reached,"{'error': 'Access limit reached', 'retry_after': '23 hours 45 minutes'}"
P0acg5UDOR66HScM,1744422395829,429,Access limit reached,"{'error': 'Access limit reached', 'retry_after': '23 hours 45 minutes'}"
P0acg5UDOR66HScM,1744427793829,429,Access limit reached,"{'error': 'Access limit reached', 'retry_after': '23 hours 45 minutes'}"
h7iAMFUTARxNYWvt,1744477266829,200,Success,"{'message': 'Success', 'quote': 'The purpose of our lives is to be happy.', 'writer': 'Dalai Lama'}"
h7iAMFUTARxNYWvt,1744427926829,200,Success,"{'message': 'Success', 'quote': 'What lies behind us and what lies before us are tiny matters compared to what lies within us.', 'writer': 'Ralph Waldo Emerson'}"
h7iAMFUTARxNYWvt,1744417883829,200,Success,"{'message': 'Success', 'quote': 'It is never too late to be what you might have been.', 'writer': 'George Eliot'}"
h7iAMFUTARxNYWvt,1744483935829,200,Success,"{'message': 'Success', 'quote': 'Do what you can, with what you have, where you are.', 'writer': 'Theodore Roosevelt'}"
h7iAMFUTARxNYWvt,1744458944829,200,Success,"{'message': 'Success', 'quote': 'Live as if you were to die tomorrow. Learn as if you were to live forever.', 'writer': 'Mahatma Gandhi'}"
h7iAMFUTARxNYWvt,1744476065829,200,Success,"{'message': 'Success', 'quote': 'Don’t count the days, make the days count.', 'writer': 'Muhammad Ali'}"
h7iAMFUTARxNYWvt,1744443081829,200,Success,"{'message': 'Success', 'quote': ""If everything seems under control, you're not going fast enough."", 'writer': 'Mario Andretti'}"
h7iAMFUTARxNYWvt,1744450397829,200,Success,"{'message': 'Success', 'quote': 'Success is not final, failure is not fatal: It is the courage to continue that counts.', 'writer': 'Winston Churchill'}"
h7iAMFUTARxNYWvt,1744445762829,200,Success,"{'message': 'Success', 'quote': ""Believe you can and you're halfway there."", 'writer': 'Theodore Roosevelt'}"
h7iAMFUTARxNYWvt,1744459627829,200,Success,"{'message': 'Success', 'quote': 'Get busy living or get busy dying.', 'writer': 'Stephen King'}"
h7iAMFUTARxNYWvt,1744457032829,200,Success,"{'message': 'Success', 'quote': 'Nothing is impossible, the word itself says ‘I’m possible’!', 'writer': 'Audrey Hepburn'}"
h7iAMFUTARxNYWvt,1744464909829,200,Success,"{'message': 'Success', 'quote': 'The best way to predict the future is to create it.', 'writer': 'Peter Drucker'}"
h7iAMFUTARxNYWvt,1744420719829,200,Success,"{'message': 'Success', 'quote': 'Small deeds done are better than great deeds planned.', 'writer': 'Peter Marshall'}"
h7iAMFUTARxNYWvt,1744453846829,200,Success,"{'message': 'Success', 'quote': 'Small deeds done are better than great deeds planned.', 'writer': 'Peter Marshall'}"
h7iAMFUTARxNYWvt,1744467174829,200,Success,"{'message': 'Success', 'quote': 'The way to get started is to quit talking and begin doing.', 'writer': 'Walt Disney'}"
h7iAMFUTARxNYWvt,1744483302829,200,Success,"{'message': 'Success', 'quote': 'Do what you love and the money will follow.', 'writer': 'Marsha Sinetar'}"
h7iAMFUTARxNYWvt,1744415360829,200,Success,"{'message': 'Success', 'quote': 'To succeed in life, you need two things: ignorance and confidence.', 'writer': 'Mark Twain'}"
h7iAMFUTARxNYWvt,1744476732829,200,Success,"{'message': 'Success', 'quote': 'When you reach the end of your rope, tie a knot in it and hang on.', 'writer': 'Franklin D. Roosevelt'}"
h7iAMFUTARxNYWvt,1744432400829,200,Success,"{'message': 'Success', 'quote': ""Life is what happens when you're busy making other plans."", 'writer': 'John Lennon'}"
h7iAMFUTARxNYWvt,1744437170829,200,Success,"{'message': 'Success', 'quote': ""If everything seems under control, you're not going fast enough."", 'writer': 'Mario Andretti'}"
h7iAMFUTARxNYWvt,1744442223829,200,Success,"{'message': 'Success', 'quote': ""Believe you can and you're halfway there."", 'writer': 'Theodore Roosevelt'}"
h7iAMFUTARxNYWvt,1744462828829,200,Success,"{'message': 'Success', 'quote': 'You have within you right now, everything you need to deal with whatever the world can throw at you.', 'writer': 'Brian Tracy'}"
h7iAMFUTARxNYWvt,1744449870829,200,Success,"{'message': 'Success', 'quote': 'You must be the change you wish to see in the world.', 'writer': 'Mahatma Gandhi'}"
h7iAMFUTARxNYWvt,1744435991829,200,Success,"{'message': 'Success', 'quote': 'Failure is simply the opportunity to begin again, this time more intelligently.', 'writer': 'Henry Ford'}"
h7iAMFUTARxNYWvt,1744428123829,200,Success,"{'message': 'Success', 'quote': 'When you reach the end of your rope, tie a knot in it and hang on.', 'writer': 'Franklin D. Roosevelt'}"
h7iAMFUTARxNYWvt,1744430486829,200,Success,"{'message': 'Success', 'quote': 'We become what we think about.', 'writer': 'Earl Nightingale'}"
h7iAMFUTARxNYWvt,1744437440829,200,Success,"{'message': 'Success', 'quote': 'Success usually comes to those who are too busy to be looking for it.', 'writer': 'Henry David Thoreau'}"
h7iAMFUTARxNYWvt,1744431164829,200,Success,"{'message': 'Success', 'quote': 'Hardships often prepare ordinary people for an extraordinary destiny.', 'writer': 'C.S. Lewis'}"
h7iAMFUTARxNYWvt,1744475006829,200,Success,"{'message': 'Success', 'quote': 'Do what you feel in your heart to be right—for you’ll be criticized anyway.', 'writer': 'Eleanor Roosevelt'}"
h7iAMFUTARxNYWvt,1744441964829,200,Success,"{'message': 'Success', 'quote': 'You must be the change you wish to see in the world.', 'writer': 'Mahatma Gandhi'}"
h7iAMFUTARxNYWvt,1744417214829,200,Success,"{'message': 'Success', 'quote': 'Do what you feel in your heart to be right – for you’ll be criticized anyway.', 'writer': 'Eleanor Roosevelt'}"
h7iAMFUTARxNYWvt,1744472048829,200,Success,"{'message': 'Success', 'quote': 'Do what you love and the money will follow.', 'writer': 'Marsha Sinetar'}"
h7iAMFUTARxNYWvt,1744471616829,200,Success,"{'message': 'Success', 'quote': 'What you get by achieving your goals is not as important as what you become by achieving your goals.', 'writer': 'Zig Ziglar'}"
h7iAMFUTARxNYWvt,1744434593829,200,Success,"{'message': 'Success', 'quote': 'Happiness depends upon ourselves.', 'writer': 'Aristotle'}"
h7iAMFUTARxNYWvt,1744434690829,200,Success,"{'message': 'Success', 'quote': 'Everything you’ve ever wanted is on the other side of fear.', 'writer': 'George Addair'}"
h7iAMFUTARxNYWvt,1744454534829,429,Access limit reached,"{'error': 'Access limit reached', 'retry_after': '23 hours 11 minutes'}"
h7iAMFUTARxNYWvt,1744482202829,429,Access limit reached,"{'error': 'Access limit reached', 'retry_after': '23 hours 11 minutes'}"
h7iAMFUTARxNYWvt,1744433583829,429,Access limit reached,"{'error': 'Access limit reached', 'retry_after': '23 hours 11 minutes'}"
h7iAMFUTARxNYWvt,1744458870829,429,Access limit reached,"{'error': 'Access limit reached', 'retry_after': '23 hours 11 minutes'}"
h7iAMFUTARxNYWvt,1744420577829,429,Access limit reached,"{'error': 'Access limit reached', 'retry_after': '23 hours 11 minutes'}"
h7iAMFUTARxNYWvt,1744424093829,429,Access limit reached,"{'error': 'Access limit reached', 'retry_after': '23 hours 11 minutes'}"
h7iAMFUTARxNYWvt,1744451373829,429,Access limit reached,"{'error': 'Access limit reached', 'retry_after': '23 hours 11 minutes'}"
h7iAMFUTARxNYWvt,1744468476829,429,Access limit reached,"{'error': 'Access limit reached', 'retry_after': '23 hours 11 minutes'}"
h7iAMFUTARxNYWvt,1744481022829,429,Access limit reached,"{'error': 'Access limit reached', 'retry_after': '23 hours 11 minutes'}"
h7iAMFUTARxNYWvt,1744476037829,429,Access limit reached,"{'error': 'Access limit reached', 'retry_after': '23 hours 11 minutes'}"
h7iAMFUTARxNYWvt,1744426121829,429,Access limit reached,"{'error': 'Access limit reached', 'retry_after': '23 hours 11 minutes'}"
h7iAMFUTARxNYWvt,1744433617829,429,Access limit reached,"{'error': 'Access limit reached', 'retry_after': '23 hours 11 minutes'}"
h7iAMFUTARxNYWvt,1744426956829,429,Access limit reached,"{'error': 'Access limit reached', 'retry_after': '23 hours 11 minutes'}"
h7iAMFUTARxNYWvt,1744435039829,429,Access limit reached,"{'error': 'Access limit reached', 'retry_after': '23 hours 11 minutes'}"
h7iAMFUTARxNYWvt,1744477918829,429,Access limit reached,"{'error': 'Access limit reached', 'retry_after': '23 hours 11 minutes'}"
h7iAMFUTARxNYWvt,1744473237829,429,Access limit reached,"{'error': 'Access limit reached', 'retry_after': '23 hours 11 minutes'}"
h7iAMFUTARxNYWvt,1744443481829,429,Access limit reached,"{'error': 'Access limit reached', 'retry_after': '23 hours 11 minutes'}"
h7iAMFUTARxNYWvt,1744466907829,429,Access limit reached,"{'error': 'Access limit reached', 'retry_after': '23 hours 11 minutes'}"
h7iAMFUTARxNYWvt,1744443313829,429,Access limit reached,"{'error': 'Access limit reached', 'retry_after': '23 hours 11 minutes'}"
h7iAMFUTARxNYWvt,1744423599829,429,Access limit reached,"{'error': 'Access limit reached', 'retry_after': '23 hours 11 minutes'}"
h7iAMFUTARxNYWvt,1744470947829,429,Access limit reached,"{'error': 'Access limit reached', 'retry_after': '23 hours 11 minutes'}"
h7iAMFUTARxNYWvt,1744480367829,429,Access limit reached,"{'error': 'Access limit reached', 'retry_after': '23 hours 11 minutes'}"
h7iAMFUTARxNYWvt,1744477185829,429,Access limit reached,"{'error': 'Access limit reached', 'retry_after': '23 hours 11 minutes'}"
h7iAMFUTARxNYWvt,1744422730829,429,Access limit reached,"{'error': 'Access limit reached', 'retry_after': '23 hours 11 minutes'}"
h7iAMFUTARxNYWvt,1744485037829,429,Access limit reached,"{'error': 'Access limit reached', 'retry_after': '23 hours 11 minutes'}"
h7iAMFUTARxNYWvt,1744415911829,429,Access limit reached,"{'error': 'Access limit reached', 'retry_after': '23 hours 11 minutes'}"
h7iAMFUTARxNYWvt,1744424069829,429,Access limit reached,"{'error': 'Access limit reached', 'retry_after': '23 hours 11 minutes'}"
h7iAMFUTARxNYWvt,1744453665829,429,Access limit reached,"{'error': 'Access limit reached', 'retry_after': '23 hours 11 minutes'}"
h7iAMFUTARxNYWvt,1744476025829,429,Access limit reached,"{'error': 'Access limit reached', 'retry_after': '23 hours 11 minutes'}"
h7iAMFUTARxNYWvt,1744468888829,429,Access limit reached,"{'error': 'Access limit reached', 'retry_after': '23 hours 11 minutes'}"
h7iAMFUTARxNYWvt,1744452642829,429,Access limit reached,"{'error': 'Access limit reached', 'retry_after': '23 hours 11 minutes'}"
h7iAMFUTARxNYWvt,1744454853829,429,Access limit reached,"{'error': 'Access limit reached', 'retry_after': '23 hours 11 minutes'}"
h7iAMFUTARxNYWvt,1744473448829,429,Access limit reached,"{'error': 'Access limit reached', 'retry_after': '23 hours 11 minutes'}"
h7iAMFUTARxNYWvt,1744486637829,429,Access limit reached,"{'error': 'Access limit reached', 'retry_after': '23 hours 11 minutes'}"
h7iAMFUTARxNYWvt,1744424581829,429,Access limit reached,"{'error': 'Access limit reached', 'retry_after': '23 hours 11 minutes'}"
h7iAMFUTARxNYWvt,1744417837829,429,Access limit reached,"{'error': 'Access limit reached', 'retry_after': '23 hours 11 minutes'}"
h7iAMFUTARxNYWvt,1744461227829,429,Access limit reached,"{'error': 'Access limit reached', 'retry_after': '23 hours 11 minutes'}"
P0acg5UDOR66HScM,1744443890829,429,Access limit reached,"{'error': 'Access limit reached', 'retry_after': '23 hours 45 minutes'}"
P0acg5UDOR66HScM,1744453330829,429,Access limit reached,"{'error': 'Access limit reached', 'retry_after': '23 hours 45 minutes'}"
P0acg5UDOR66HScM,1744479708829,429,Access limit reached,"{'error': 'Access limit reached', 'retry_after': '23 hours 45 minutes'}"
P0acg5UDOR66HScM,1744433049829,429,Access limit reached,"{'error': 'Access limit reached', 'retry_after': '23 hours 45 minutes'}"
P0acg5UDOR66HScM,1744453840829,429,Access limit reached,"{'error': 'Access limit reached', 'retry_after': '23 hours 45 minutes'}"
P0acg5UDOR66HScM,1744484529829,429,Access limit reached,"{'error': 'Access limit reached', 'retry_after': '23 hours 45 minutes'}"
P0acg5UDOR66HScM,1744461045829,429,Access limit reached,"{'error': 'Access limit reached', 'retry_after': '23 hours 45 minutes'}"
P0acg5UDOR66HScM,1744442385829,429,Access limit reached,"{'error': 'Access limit reached', 'retry_after': '23 hours 45 minutes'}"
P0acg5UDOR66HScM,1744431812829,429,Access limit reached,"{'error': 'Access limit reached', 'retry_after': '23 hours 45 minutes'}"
P0acg5UDOR66HScM,1744454468829,429,Access limit reached,"{'error': 'Access limit reached', 'retry_after': '23 hours 45 minutes'}"
P0acg5UDOR66HScM,1744421496829,429,Access limit reached,"{'error': 'Access limit reached', 'retry_after': '23 hours 45 minutes'}"
P0acg5UDOR66HScM,1744468099829,429,Access limit reached,"{'error': 'Access limit reached', 'retry_after': '23 hours 45 minutes'}"
P0acg5UDOR66HScM,1744443517829,429,Access limit reached,"{'error': 'Access limit reached', 'retry_after': '23 hours 45 minutes'}"
P0acg5UDOR66HScM,1744467424829,429,Access limit reached,"{'error': 'Access limit reached', 'retry_after': '23 hours 45 minutes'}"
P0acg5UDOR66HScM,1744459030829,429,Access limit reached,"{'error': 'Access limit reached', 'retry_after': '23 hours 45 minutes'}"
P0acg5UDOR66HScM,1744450517829,429,Access limit reached,"{'error': 'Access limit reached', 'retry_after': '23 hours 45 minutes'}"
P0acg5UDOR66HScM,1744436504829,429,Access limit reached,"{'error': 'Access limit reached', 'retry_after': '23 hours 45 minutes'}"
P0acg5UDOR66HScM,1744476574829,429,Access limit reached,"{'error': 'Access limit reached', 'retry_after': '23 hours 45 minutes'}"
P0acg5UDOR66HScM,1744422090829,429,Access limit reached,"{'error': 'Access limit reached', 'retry_after': '23 hours 45 minutes'}"
P0acg5UDOR66HScM,1744455425829,429,Access limit reached,"{'error': 'Access limit reached', 'retry_after': '23 hours 45 minutes'}"
P0acg5UDOR66HScM,1744426277829,429,Access limit reached,"{'error': 'Access limit reached', 'retry_after': '23 hours 45 minutes'}"
P0acg5UDOR66HScM,1744457756829,429,Access limit reached,"{'error': 'Access limit reached', 'retry_after': '23 hours 45 minutes'}"
P0acg5UDOR66HScM,1744465391829,429,Access limit reached,"{'error': 'Access limit reached', 'retry_after': '23 hours 45 minutes'}"
P0acg5UDOR66HScM,1744434580829,429,Access limit reached,"{'error': 'Access limit reached', 'retry_after': '23 hours 45 minutes'}"
P0acg5UDOR66HScM,1744430626829,429,Access limit reached,"{'error': 'Access limit reached', 'retry_after': '23 hours 45 minutes'}"
P0acg5UDOR66HScM,1744458775829,429,Access limit reached,"{'error': 'Access limit reached', 'retry_after': '23 hours 45 minutes'}"
P0acg5UDOR66HScM,1744462858829,429,Access limit reached,"{'error': 'Access limit reached', 'retry_after': '23 hours 45 minutes'}"
P0acg5UDOR66HScM,1744426171829,429,Access limit reached,"{'error': 'Access limit reached', 'retry_after': '23 hours 45 minutes'}"
P0acg5UDOR66HScM,1744458121829,429,Access limit reached,"{'error': 'Access limit reached', 'retry_after': '23 hours 45 minutes'}"
P0acg5UDOR66HScM,1744415947829,429,Access limit reached,"{'error': 'Access limit reached', 'retry_after': '23 hours 45 minutes'}"
P0acg5UDOR66HScM,1744471386829,429,Access limit reached,"{'error': 'Access limit reached', 'retry_after': '23 hours 45 minutes'}"
P0acg5UDOR66HScM,1744487048829,429,Access limit reached,"{'error': 'Access limit reached', 'retry_after': '23 hours 45 minutes'}"
P0acg5UDOR66HScM,1744456482829,429,Access limit reached,"{'error': 'Access limit reached', 'retry_after': '23 hours 45 minutes'}"
P0acg5UDOR66HScM,1744463364829,429,Access limit reached,"{'error': 'Access limit reached', 'retry_after': '23 hours 45 minutes'}"
P0acg5UDOR66HScM,1744444913829,429,Access limit reached,"{'error': 'Access limit reached', 'retry_after': '23 hours 45 minutes'}"
P0acg5UDOR66HScM,1744452824829,429,Access limit reached,"{'error': 'Access limit reached', 'retry_after': '23 hours 45 minutes'}"
P0acg5UDOR66HScM,1744423074829,429,Access limit reached,"{'error': 'Access limit reached', 'retry_after': '23 hours 45 minutes'}"
P0acg5UDOR66HScM,1744479589829,429,Access limit reached,"{'error': 'Access limit reached', 'retry_after': '23 hours 45 minutes'}"
P0acg5UDOR66HScM,1744477336829,429,Access limit reached,"{'error': 'Access limit reached', 'retry_after': '23 hours 45 minutes'}"
P0acg5UDOR66HScM,1744468529829,429,Access limit reached,"{'error': 'Access limit reached', 'retry_after': '23 hours 45 minutes'}"
P0acg5UDOR66HScM,1744429702829,429,Access limit reached,"{'error': 'Access limit reached', 'retry_after': '23 hours 45 minutes'}"
P0acg5UDOR66HScM,1744484858829,429,Access limit reached,"{'error': 'Access limit reached', 'retry_after': '23 hours 45 minutes'}"
P0acg5UDOR66HScM,1744444022829,429,Access limit reached,"{'error': 'Access limit reached', 'retry_after': '23 hours 45 minutes'}"
P0acg5UDOR66HScM,1744451180829,429,Access limit reached,"{'error': 'Access limit reached', 'retry_after': '23 hours 45 minutes'}"
P0acg5UDOR66HScM,1744457142829,429,Access limit reached,"{'error': 'Access limit reached', 'retry_after': '23 hours 45 minutes'}"
P0acg5UDOR66HScM,1744429962829,429,Access limit reached,"{'error': 'Access limit reached', 'retry_after': '23 hours 45 minutes'}"
P0acg5UDOR66HScM,1744469749829,429,Access limit reached,"{'error': 'Access limit reached', 'retry_after': '23 hours 45 minutes'}"
P0acg5UDOR66HScM,1744446646829,429,Access limit reached,"{'error': 'Access limit reached', 'retry_after': '23 hours 45 minutes'}"
P0acg5UDOR66HScM,1744433530829,429,Access limit reached,"{'error': 'Access limit reached', 'retry_after': '23 hours 45 minutes'}"
P0acg5UDOR66HScM,1744461516829,429,Access limit reached,"{'error': 'Access limit reached', 'retry_after': '23 hours 45 minutes'}"
P0acg5UDOR66HScM,1744471737829,429,Access limit reached,"{'error': 'Access limit reached', 'retry_after': '23 hours 45 minutes'}"
P0acg5UDOR66HScM,1744428988829,429,Access limit reached,"{'error': 'Access limit reached', 'retry_after': '23 hours 45 minutes'}"
P0acg5UDOR66HScM,1744420459829,429,Access limit reached,"{'error': 'Access limit reached', 'retry_after': '23 hours 45 minutes'}"
P0acg5UDOR66HScM,1744455431829,429,Access limit reached,"{'error': 'Access limit reached', 'retry_after': '23 hours 45 minutes'}"
P0acg5UDOR66HScM,1744446458829,429,Access limit reached,"{'error': 'Access limit reached', 'retry_after': '23 hours 45 minutes'}"
P0acg5UDOR66HScM,1744440979829,429,Access limit reached,"{'error': 'Access limit reached', 'retry_after': '23 hours 45 minutes'}"
P0acg5UDOR66HScM,1744452989829,429,Access limit reached,"{'error': 'Access limit reached', 'retry_after': '23 hours 45 minutes'}"
P0acg5UDOR66HScM,1744439126829,429,Access limit reached,"{'error': 'Access limit reached', 'retry_after': '23 hours 45 minutes'}"
P0acg5UDOR66HScM,1744459546829,429,Access limit reached,"{'error': 'Access limit reached', 'retry_after': '23 hours 45 minutes'}"
P0acg5UDOR66HScM,1744465514829,429,Access limit reached,"{'error': 'Access limit reached', 'retry_after': '23 hours 45 minutes'}"
P0acg5UDOR66HScM,1744421260829,429,Access limit reached,"{'error': 'Access limit reached', 'retry_after': '23 hours 45 minutes'}"
BMNPAKeiIWK2kEsq,1744449412829,429,Access limit reached,"{'error': 'Access limit reached', 'retry_after': '0 hours 6 minutes'}"
BMNPAKeiIWK2kEsq,1744477214829,429,Access limit reached,"{'error': 'Access limit reached', 'retry_after': '0 hours 6 minutes'}"
BMNPAKeiIWK2kEsq,1744444975829,429,Access limit reached,"{'error': 'Access limit reached', 'retry_after': '0 hours 6 minutes'}"
BMNPAKeiIWK2kEsq,1744468310829,429,Access limit reached,"{'error': 'Access limit reached', 'retry_after': '0 hours 6 minutes'}"
BMNPAKeiIWK2kEsq,1744471394829,429,Access limit reached,"{'error': 'Access limit reached', 'retry_after': '0 hours 6 minutes'}"
BMNPAKeiIWK2kEsq,1744429743829,429,Access limit reached,"{'error': 'Access limit reached', 'retry_after': '0 hours 6 minutes'}"
BMNPAKeiIWK2kEsq,1744431809829,429,Access limit reached,"{'error': 'Access limit reached', 'retry_after': '0 hours 6 minutes'}"
BMNPAKeiIWK2kEsq,1744481948829,429,Access limit reached,"{'error': 'Access limit reached', 'retry_after': '0 hours 6 minutes'}"
BMNPAKeiIWK2kEsq,1744456653829,429,Access limit reached,"{'error': 'Access limit reached', 'retry_after': '0 hours 6 minutes'}"
BMNPAKeiIWK2kEsq,1744479307829,429,Access limit reached,"{'error': 'Access limit reached', 'retry_after': '0 hours 6 minutes'}"
BMNPAKeiIWK2kEsq,1744453859829,429,Access limit reached,"{'error': 'Access limit reached', 'retry_after': '0 hours 6 minutes'}"
BMNPAKeiIWK2kEsq,1744467476829,429,Access limit reached,"{'error': 'Access limit reached', 'retry_after': '0 hours 6 minutes'}"
BMNPAKeiIWK2kEsq,1744479821829,429,Access limit reached,"{'error': 'Access limit reached', 'retry_after': '0 hours 6 minutes'}"
BMNPAKeiIWK2kEsq,1744475213829,429,Access limit reached,"{'error': 'Access limit reached', 'retry_after': '0 hours 6 minutes'}"
BMNPAKeiIWK2kEsq,1744432935829,429,Access limit reached,"{'error': 'Access limit reached', 'retry_after': '0 hours 6 minutes'}"
BMNPAKeiIWK2kEsq,1744431407829,429,Access limit reached,"{'error': 'Access limit reached', 'retry_after': '0 hours 6 minutes'}"
BMNPAKeiIWK2kEsq,1744483375829,429,Access limit reached,"{'error': 'Access limit reached', 'retry_after': '0 hours 6 minutes'}"
BMNPAKeiIWK2kEsq,1744478720829,429,Access limit reached,"{'error': 'Access limit reached', 'retry_after': '0 hours 6 minutes'}"
BMNPAKeiIWK2kEsq,1744434627829,429,Access limit reached,"{'error': 'Access limit reached', 'retry_after': '0 hours 6 minutes'}"
BMNPAKeiIWK2kEsq,1744431337829,429,Access limit reached,"{'error': 'Access limit reached', 'retry_after': '0 hours 6 minutes'}"
BMNPAKeiIWK2kEsq,1744433264829,429,Access limit reached,"{'error': 'Access limit reached', 'retry_after': '0 hours 6 minutes'}"
BMNPAKeiIWK2kEsq,1744456072829,429,Access limit reached,"{'error': 'Access limit reached', 'retry_after': '0 hours 6 minutes'}"
BMNPAKeiIWK2kEsq,1744460621829,429,Access limit reached,"{'error': 'Access limit reached', 'retry_after': '0 hours 6 minutes'}"
BMNPAKeiIWK2kEsq,1744473085829,429,Access limit reached,"{'error': 'Access limit reached', 'retry_after': '0 hours 6 minutes'}"
BMNPAKeiIWK2kEsq,1744480984829,429,Access limit reached,"{'error': 'Access limit reached', 'retry_after': '0 hours 6 minutes'}"
BMNPAKeiIWK2kEsq,1744421752829,429,Access limit reached,"{'error': 'Access limit reached', 'retry_after': '0 hours 6 minutes'}"
BMNPAKeiIWK2kEsq,1744455313829,429,Access limit reached,"{'error': 'Access limit reached', 'retry_after': '0 hours 6 minutes'}"
BMNPAKeiIWK2kEsq,1744487017829,429,Access limit reached,"{'error': 'Access limit reached', 'retry_after': '0 hours 6 minutes'}"
BMNPAKeiIWK2kEsq,1744470505829,429,Access limit reached,"{'error': 'Access limit reached', 'retry_after': '0 hours 6 minutes'}"
BMNPAKeiIWK2kEsq,1744435392829,429,Access limit reached,"{'error': 'Access limit reached', 'retry_after': '0 hours 6 minutes'}"
BMNPAKeiIWK2kEsq,1744443095829,429,Access limit reached,"{'error': 'Access limit reached', 'retry_after': '0 hours 6 minutes'}"
BMNPAKeiIWK2kEsq,1744455891829,429,Access limit reached,"{'error': 'Access limit reached', 'retry_after': '0 hours 6 minutes'}"
BMNPAKeiIWK2kEsq,1744439557829,429,Access limit reached,"{'error': 'Access limit reached', 'retry_after': '0 hours 6 minutes'}"
BMNPAKeiIWK2kEsq,1744450066829,429,Access limit reached,"{'error': 'Access limit reached', 'retry_after': '0 hours 6 minutes'}"
BMNPAKeiIWK2kEsq,1744463197829,429,Access limit reached,"{'error': 'Access limit reached', 'retry_after': '0 hours 6 minutes'}"
BMNPAKeiIWK2kEsq,1744478716829,429,Access limit reached,"{'error': 'Access limit reached', 'retry_after': '0 hours 6 minutes'}"
P0acg5UDOR66HScM,1744441953829,429,Access limit reached,"{'error': 'Access limit reached', 'retry_after': '23 hours 45 minutes'}"
P0acg5UDOR66HScM,1744449499829,429,Access limit reached,"{'error': 'Access limit reached', 'retry_after': '23 hours 45 minutes'}"
P0acg5UDOR66HScM,1744482622829,429,Access limit reached,"{'error': 'Access limit reached', 'retry_after': '23 hours 45 minutes'}"
P0acg5UDOR66HScM,1744452320829,429,Access limit reached,"{'error': 'Access limit reached', 'retry_after': '23 hours 45 minutes'}"
P0acg5UDOR66HScM,1744442987829,429,Access limit reached,"{'error': 'Access limit reached', 'retry_after': '23 hours 45 minutes'}"
P0acg5UDOR66HScM,1744470587829,429,Access limit reached,"{'error': 'Access limit reached', 'retry_after': '23 hours 45 minutes'}"
P0acg5UDOR66HScM,1744450704829,429,Access limit reached,"{'error': 'Access limit reached', 'retry_after': '23 hours 45 minutes'}"
P0acg5UDOR66HScM,1744419480829,429,Access limit reached,"{'error': 'Access limit reached', 'retry_after': '23 hours 45 minutes'}"
P0acg5UDOR66HScM,1744426602829,429,Access limit reached,"{'error': 'Access limit reached', 'retry_after': '23 hours 45 minutes'}"
P0acg5UDOR66HScM,1744477437829,429,Access limit reached,"{'error': 'Access limit reached', 'retry_after': '23 hours 45 minutes'}"
P0acg5UDOR66HScM,1744473833829,429,Access limit reached,"{'error': 'Access limit reached', 'retry_after': '23 hours 45 minutes'}"
P0acg5UDOR66HScM,1744447196829,429,Access limit reached,"{'error': 'Access limit reached', 'retry_after': '23 hours 45 minutes'}"
P0acg5UDOR66HScM,1744464525829,429,Access limit reached,"{'error': 'Access limit reached', 'retry_after': '23 hours 45 minutes'}"
P0acg5UDOR66HScM,1744418348829,429,Access limit reached,"{'error': 'Access limit reached', 'retry_after': '23 hours 45 minutes'}"
P0acg5UDOR66HScM,1744455083829,429,Access limit reached,"{'error': 'Access limit reached', 'retry_after': '23 hours 45 minutes'}"
P0acg5UDOR66HScM,1744441593829,429,Access limit reached,"{'error': 'Access limit reached', 'retry_after': '23 hours 45 minutes'}"
P0acg5UDOR66HScM,1744484889829,429,Access limit reached,"{'error': 'Access limit reached', 'retry_after': '23 hours 45 minutes'}"
P0acg5UDOR66HScM,1744441922829,429,Access limit reached,"{'error': 'Access limit reached', 'retry_after': '23 hours 45 minutes'}"
P0acg5UDOR66HScM,1744455075829,429,Access limit reached,"{'error': 'Access limit reached', 'retry_after': '23 hours 45 minutes'}"
P0acg5UDOR66HScM,1744478061829,429,Access limit reached,"{'error': 'Access limit reached', 'retry_after': '23 hours 45 minutes'}"
P0acg5UDOR66HScM,1744483835829,429,Access limit reached,"{'error': 'Access limit reached', 'retry_after': '23 hours 45 minutes'}"
P0acg5UDOR66HScM,1744432319829,429,Access limit reached,"{'error': 'Access limit reached', 'retry_after': '23 hours 45 minutes'}"
P0acg5UDOR66HScM,1744451674829,429,Access limit reached,"{'error': 'Access limit reached', 'retry_after': '23 hours 45 minutes'}"
P0acg5UDOR66HScM,1744460090829,400,Already Existing Data,{'error': 'Already Existing Data'}
P0acg5UDOR66HScM,1744421049829,429,Access limit reached,"{'error': 'Access limit reached', 'retry_after': '23 hours 45 minutes'}"
P0acg5UDOR66HScM,1744421688829,429,Access limit reached,"{'error': 'Access limit reached', 'retry_after': '23 hours 45 minutes'}"
P0acg5UDOR66HScM,1744479505829,429,Access limit reached,"{'error': 'Access limit reached', 'retry_after': '23 hours 45 minutes'}"
P0acg5UDOR66HScM,1744439697829,429,Access limit reached,"{'error': 'Access limit reached', 'retry_after': '23 hours 45 minutes'}"
P0acg5UDOR66HScM,1744455974829,429,Access limit reached,"{'error': 'Access limit reached', 'retry_after': '23 hours 45 minutes'}"
P0acg5UDOR66HScM,1744458269829,429,Access limit reached,"{'error': 'Access limit reached', 'retry_after': '23 hours 45 minutes'}"
P0acg5UDOR66HScM,1744464700829,429,Access limit reached,"{'error': 'Access limit reached', 'retry_after': '23 hours 45 minutes'}"
P0acg5UDOR66HScM,1744475437829,429,Access limit reached,"{'error': 'Access limit reached', 'retry_after': '23 hours 45 minutes'}"
P0acg5UDOR66HScM,1744464496829,429,Access limit reached,"{'error': 'Access limit reached', 'retry_after': '23 hours 45 minutes'}"
P0acg5UDOR66HScM,1744449254829,429,Access limit reached,"{'error': 'Access limit reached', 'retry_after': '23 hours 45 minutes'}"
P0acg5UDOR66HScM,1744467063829,429,Access limit reached,"{'error': 'Access limit reached', 'retry_after': '23 hours 45 minutes'}"
P0acg5UDOR66HScM,1744422325829,429,Access limit reached,"{'error': 'Access limit reached', 'retry_after': '23 hours 45 minutes'}"
P0acg5UDOR66HScM,1744440601829,429,Access limit reached,"{'error': 'Access limit reached', 'retry_after': '23 hours 45 minutes'}"
P0acg5UDOR66HScM,1744437616829,429,Access limit reached,"{'error': 'Access limit reached', 'retry_after': '23 hours 45 minutes'}"
P0acg5UDOR66HScM,1744451654829,429,Access limit reached,"{'error': 'Access limit reached', 'retry_after': '23 hours 45 minutes'}"
P0acg5UDOR66HScM,1744419452829,429,Access limit reached,"{'error': 'Access limit reached', 'retry_after': '23 hours 45 minutes'}"
P0acg5UDOR66HScM,1744421786829,429,Access limit reached,"{'error': 'Access limit reached', 'retry_after': '23 hours 44 minutes'}"
P0acg5UDOR66HScM,1744473857829,429,Access limit reached,"{'error': 'Access limit reached', 'retry_after': '23 hours 44 minutes'}"
BMNPAKeiIWK2kEsq,1744477595829,429,Access limit reached,"{'error': 'Access limit reached', 'retry_after': '0 hours 5 minutes'}"
BMNPAKeiIWK2kEsq,1744473928829,429,Access limit reached,"{'error': 'Access limit reached', 'retry_after': '0 hours 5 minutes'}"
BMNPAKeiIWK2kEsq,1744465892829,429,Access limit reached,"{'error': 'Access limit reached', 'retry_after': '0 hours 5 minutes'}"
BMNPAKeiIWK2kEsq,1744468761829,429,Access limit reached,"{'error': 'Access limit reached', 'retry_after': '0 hours 5 minutes'}"
BMNPAKeiIWK2kEsq,1744441004829,429,Access limit reached,"{'error': 'Access limit reached', 'retry_after': '0 hours 5 minutes'}"
BMNPAKeiIWK2kEsq,1744476304829,429,Access limit reached,"{'error': 'Access limit reached', 'retry_after': '0 hours 5 minutes'}"
BMNPAKeiIWK2kEsq,1744474698829,429,Access limit reached,"{'error': 'Access limit reached', 'retry_after': '0 hours 5 minutes'}"
BMNPAKeiIWK2kEsq,1744470920829,429,Access limit reached,"{'error': 'Access limit reached', 'retry_after': '0 hours 5 minutes'}"
BMNPAKeiIWK2kEsq,1744479031829,429,Access limit reached,"{'error': 'Access limit reached', 'retry_after': '0 hours 5 minutes'}"
BMNPAKeiIWK2kEsq,1744417997829,429,Access limit reached,"{'error': 'Access limit reached', 'retry_after': '0 hours 5 minutes'}"
BMNPAKeiIWK2kEsq,1744446778829,429,Access limit reached,"{'error': 'Access limit reached', 'retry_after': '0 hours 5 minutes'}"
BMNPAKeiIWK2kEsq,1744481186829,429,Access limit reached,"{'error': 'Access limit reached', 'retry_after': '0 hours 5 minutes'}"
BMNPAKeiIWK2kEsq,1744430690829,429,Access limit reached,"{'error': 'Access limit reached', 'retry_after': '0 hours 5 minutes'}"
BMNPAKeiIWK2kEsq,1744444959829,429,Access limit reached,"{'error': 'Access limit reached', 'retry_after': '0 hours 5 minutes'}"
BMNPAKeiIWK2kEsq,1744437720829,429,Access limit reached,"{'error': 'Access limit reached', 'retry_after': '0 hours 5 minutes'}"
BMNPAKeiIWK2kEsq,1744479761829,429,Access limit reached,"{'error': 'Access limit reached', 'retry_after': '0 hours 5 minutes'}"
BMNPAKeiIWK2kEsq,1744486715829,429,Access limit reached,"{'error': 'Access limit reached', 'retry_after': '0 hours 5 minutes'}"
BMNPAKeiIWK2kEsq,1744437500829,429,Access limit reached,"{'error': 'Access limit reached', 'retry_after': '0 hours 5 minutes'}"
BMNPAKeiIWK2kEsq,1744460286829,429,Access limit reached,"{'error': 'Access limit reached', 'retry_after': '0 hours 5 minutes'}"
BMNPAKeiIWK2kEsq,1744420773829,429,Access limit reached,"{'error': 'Access limit reached', 'retry_after': '0 hours 5 minutes'}"
BMNPAKeiIWK2kEsq,1744417156829,429,Access limit reached,"{'error': 'Access limit reached', 'retry_after': '0 hours 5 minutes'}"
BMNPAKeiIWK2kEsq,1744483215829,429,Access limit reached,"{'error': 'Access limit reached', 'retry_after': '0 hours 5 minutes'}"
BMNPAKeiIWK2kEsq,1744440287829,429,Access limit reached,"{'error': 'Access limit reached', 'retry_after': '0 hours 5 minutes'}"
BMNPAKeiIWK2kEsq,1744444751829,429,Access limit reached,"{'error': 'Access limit reached', 'retry_after': '0 hours 5 minutes'}"
BMNPAKeiIWK2kEsq,1744486818829,429,Access limit reached,"{'error': 'Access limit reached', 'retry_after': '0 hours 5 minutes'}"
BMNPAKeiIWK2kEsq,1744449795829,429,Access limit reached,"{'error': 'Access limit reached', 'retry_after': '0 hours 5 minutes'}"
BMNPAKeiIWK2kEsq,1744476355829,429,Access limit reached,"{'error': 'Access limit reached', 'retry_after': '0 hours 5 minutes'}"
BMNPAKeiIWK2kEsq,1744428734829,429,Access limit reached,"{'error': 'Access limit reached', 'retry_after': '0 hours 5 minutes'}"
BMNPAKeiIWK2kEsq,1744443212829,429,Access limit reached,"{'error': 'Access limit reached', 'retry_after': '0 hours 5 minutes'}"
BMNPAKeiIWK2kEsq,1744430918829,429,Access limit reached,"{'error': 'Access limit reached', 'retry_after': '0 hours 5 minutes'}"
BMNPAKeiIWK2kEsq,1744419492829,429,Access limit reached,"{'error': 'Access limit reached', 'retry_after': '0 hours 5 minutes'}"
BMNPAKeiIWK2kEsq,1744456558829,429,Access limit reached,"{'error': 'Access limit reached', 'retry_after': '0 hours 5 minutes'}"
BMNPAKeiIWK2kEsq,1744425046829,429,Access limit reached,"{'error': 'Access limit reached', 'retry_after': '0 hours 5 minutes'}"
