deviceID,timestamp
dcee4a7e576f45c2da097a5bb6a9efc6fef70a9e794acca05d5789f636c394e9,6af10929f5fe30e90362afb9b6efe00c
dcee4a7e576f45c2da097a5bb6a9efc6fef70a9e794acca05d5789f636c394e9,828d1f9be931d42b64c9250e722767aa
dcee4a7e576f45c2da097a5bb6a9efc6fef70a9e794acca05d5789f636c394e9,727a2d1e1bc0c1708a9721ae098f93c6
dcee4a7e576f45c2da097a5bb6a9efc6fef70a9e794acca05d5789f636c394e9,349730bd9e2b1cf775be055e136fe767
dcee4a7e576f45c2da097a5bb6a9efc6fef70a9e794acca05d5789f636c394e9,8a24d989690e4380261c09e806bfcdf9
dcee4a7e576f45c2da097a5bb6a9efc6fef70a9e794acca05d5789f636c394e9,201903e1a5d504f5c40606c2d2961747
dcee4a7e576f45c2da097a5bb6a9efc6fef70a9e794acca05d5789f636c394e9,1d8278c105c3bd7f4a9f07b65a9501dd
dcee4a7e576f45c2da097a5bb6a9efc6fef70a9e794acca05d5789f636c394e9,5ef32cce1b0fcee998d60293099d4580
dcee4a7e576f45c2da097a5bb6a9efc6fef70a9e794acca05d5789f636c394e9,bfd48366c5ef82a0cf02b9dd120b389d
dcee4a7e576f45c2da097a5bb6a9efc6fef70a9e794acca05d5789f636c394e9,1283dbb727aa3a23d0c2bb63f9163be9
dcee4a7e576f45c2da097a5bb6a9efc6fef70a9e794acca05d5789f636c394e9,cc4defa922042ef757fab81a0538c5c6
dcee4a7e576f45c2da097a5bb6a9efc6fef70a9e794acca05d5789f636c394e9,23c0035385ab5f51491b9dc64b49d6ab
dcee4a7e576f45c2da097a5bb6a9efc6fef70a9e794acca05d5789f636c394e9,27cab054507b7561214c4105ac89d7f6
dcee4a7e576f45c2da097a5bb6a9efc6fef70a9e794acca05d5789f636c394e9,52d1f5e95cff94a45abd3cc3535c5e5d
dcee4a7e576f45c2da097a5bb6a9efc6fef70a9e794acca05d5789f636c394e9,508432ec4358658898082dafee3856c3
dcee4a7e576f45c2da097a5bb6a9efc6fef70a9e794acca05d5789f636c394e9,f408d619f9947ac4f7a88bd606823787
dcee4a7e576f45c2da097a5bb6a9efc6fef70a9e794acca05d5789f636c394e9,23c745cfa9c0bfb26e6fc6a64624147f
dcee4a7e576f45c2da097a5bb6a9efc6fef70a9e794acca05d5789f636c394e9,daaf005af44b8ddcb34e78c889f1b84e
dcee4a7e576f45c2da097a5bb6a9efc6fef70a9e794acca05d5789f636c394e9,d754a81f86b66c62d9761e4138690f03
dcee4a7e576f45c2da097a5bb6a9efc6fef70a9e794acca05d5789f636c394e9,2ea4e2df7a44f122d6d0a8fe7f75ad79
dcee4a7e576f45c2da097a5bb6a9efc6fef70a9e794acca05d5789f636c394e9,ed0e1017a9a424ff1bd88f9134ad4df7
dcee4a7e576f45c2da097a5bb6a9efc6fef70a9e794acca05d5789f636c394e9,538dec30f29d9c470d0a778f4c13d1d2
dcee4a7e576f45c2da097a5bb6a9efc6fef70a9e794acca05d5789f636c394e9,6d9bd74bab4a30ec2aec1c1f77abf61c
dcee4a7e576f45c2da097a5bb6a9efc6fef70a9e794acca05d5789f636c394e9,42a80c6454f1e186602e9098904bea6f
dcee4a7e576f45c2da097a5bb6a9efc6fef70a9e794acca05d5789f636c394e9,8cf6619e79153c3f1e6c7d34f22d4007
dcee4a7e576f45c2da097a5bb6a9efc6fef70a9e794acca05d5789f636c394e9,2482b63f5a239401283b6abfe9e5ae33
dcee4a7e576f45c2da097a5bb6a9efc6fef70a9e794acca05d5789f636c394e9,fd95278382a7e5fe71a91d4a04963fbc
dcee4a7e576f45c2da097a5bb6a9efc6fef70a9e794acca05d5789f636c394e9,8e27f6bc54fe62bb9fb12a040740a406
dcee4a7e576f45c2da097a5bb6a9efc6fef70a9e794acca05d5789f636c394e9,4a7c0410c4b5a6fdd2040ec8ecef946b
dcee4a7e576f45c2da097a5bb6a9efc6fef70a9e794acca05d5789f636c394e9,ddc2aecf5af86de4ccc3b001ca5ae787
2a95e569f8ee6cc207680b70cb11248e545a81c37009791010980b83187856a2,7c1bcae2ecd50cabdc8471e13c0c043a
2a95e569f8ee6cc207680b70cb11248e545a81c37009791010980b83187856a2,585ad469daca08a22ed0bbafa0c55350
2a95e569f8ee6cc207680b70cb11248e545a81c37009791010980b83187856a2,1663b889ac3c12c0dafb88773332c348
2a95e569f8ee6cc207680b70cb11248e545a81c37009791010980b83187856a2,325bc7a29646c9fbe6cb1a443ac672f1
2a95e569f8ee6cc207680b70cb11248e545a81c37009791010980b83187856a2,f0fc32e3bea1ce445f3c4c8d405171f9
2a95e569f8ee6cc207680b70cb11248e545a81c37009791010980b83187856a2,de73934c0527173b85e20485d6b39c60
2a95e569f8ee6cc207680b70cb11248e545a81c37009791010980b83187856a2,4a00c65267a9ac5a9866f125fe2cb953
2a95e569f8ee6cc207680b70cb11248e545a81c37009791010980b83187856a2,6725b2433a26eb2dc8a2acb6c10d3d05
2a95e569f8ee6cc207680b70cb11248e545a81c37009791010980b83187856a2,949131b1811e3e2a0b4186cd6630ac88
2a95e569f8ee6cc207680b70cb11248e545a81c37009791010980b83187856a2,1b2701bb5b1b0aa133a0d73812e7b132
2a95e569f8ee6cc207680b70cb11248e545a81c37009791010980b83187856a2,d33fbac0f44863be33b25d3ad8000773
2a95e569f8ee6cc207680b70cb11248e545a81c37009791010980b83187856a2,ce6ef53bf6bc00d5c9cdd7301682cd39
2a95e569f8ee6cc207680b70cb11248e545a81c37009791010980b83187856a2,5585a0628a82ec648ab5aeb68ff1e29b
2a95e569f8ee6cc207680b70cb11248e545a81c37009791010980b83187856a2,8371eb68c93a6f20265dcc7fd4122974
2a95e569f8ee6cc207680b70cb11248e545a81c37009791010980b83187856a2,269a8f3c7510f9f45e1cb76da2aa0e38
2a95e569f8ee6cc207680b70cb11248e545a81c37009791010980b83187856a2,4d97740ee81bdbe619bab9d60917f42b
2a95e569f8ee6cc207680b70cb11248e545a81c37009791010980b83187856a2,feacdb5cd639fdddfc823a47e9006dce
2a95e569f8ee6cc207680b70cb11248e545a81c37009791010980b83187856a2,4a437570f017690ac6eaa732d6cbfb08
2a95e569f8ee6cc207680b70cb11248e545a81c37009791010980b83187856a2,75b834700127168e5d1b68ec246c3130
2a95e569f8ee6cc207680b70cb11248e545a81c37009791010980b83187856a2,6b39d15462b49a2ffbf3055d3bd9280a
2a95e569f8ee6cc207680b70cb11248e545a81c37009791010980b83187856a2,d640739038095b774e3009fb8131194f
2a95e569f8ee6cc207680b70cb11248e545a81c37009791010980b83187856a2,c995803e4009031e994a089e6460c458
2a95e569f8ee6cc207680b70cb11248e545a81c37009791010980b83187856a2,f0124da8f682c511e3451669998d06fd
2a95e569f8ee6cc207680b70cb11248e545a81c37009791010980b83187856a2,02aa9e2090a63699a392af8af67c25f7
2a95e569f8ee6cc207680b70cb11248e545a81c37009791010980b83187856a2,5a3a942d483d3f70eab001a9c3f8bf5e
2a95e569f8ee6cc207680b70cb11248e545a81c37009791010980b83187856a2,58aebfb6bca62fada7d2993767e1b713
2a95e569f8ee6cc207680b70cb11248e545a81c37009791010980b83187856a2,fcd9f96ecb62a316f252759737fef1ef
2a95e569f8ee6cc207680b70cb11248e545a81c37009791010980b83187856a2,d60ff7cf93d469d561bd93049bddd109
2a95e569f8ee6cc207680b70cb11248e545a81c37009791010980b83187856a2,c10fa3f8cb0082665ac7ba2ebb4cb94a
2a95e569f8ee6cc207680b70cb11248e545a81c37009791010980b83187856a2,520aa8fa132112c1452214400f6bd28d
2a95e569f8ee6cc207680b70cb11248e545a81c37009791010980b83187856a2,4686f6e63f5a363a6b0221234684f057
2a95e569f8ee6cc207680b70cb11248e545a81c37009791010980b83187856a2,e86dff4598029149ac28419af350150c
2a95e569f8ee6cc207680b70cb11248e545a81c37009791010980b83187856a2,7b37dc273c57d1168d6d57b8626bfaae
2a95e569f8ee6cc207680b70cb11248e545a81c37009791010980b83187856a2,a4d6832b6297a6cb236f98b6e8faf152
2a95e569f8ee6cc207680b70cb11248e545a81c37009791010980b83187856a2,ec8c6c2b7e765d6b288310e7c7c5024f
2a95e569f8ee6cc207680b70cb11248e545a81c37009791010980b83187856a2,3a287131578bab021cbb39ed8c99162c
2a95e569f8ee6cc207680b70cb11248e545a81c37009791010980b83187856a2,a375d4d517afad71d14e9e06baee4a9e
2a95e569f8ee6cc207680b70cb11248e545a81c37009791010980b83187856a2,0e144f2d249a30c04363b65722cd560e
2a95e569f8ee6cc207680b70cb11248e545a81c37009791010980b83187856a2,0d7c8fb7754ce212af4329f9366fee0d
2a95e569f8ee6cc207680b70cb11248e545a81c37009791010980b83187856a2,bce14f553245db70d07ac6427cb049e2
2a95e569f8ee6cc207680b70cb11248e545a81c37009791010980b83187856a2,f752c027ab0d3682a833a17765b4056b
679e1c957c83a5ddb80422adfa193a5fa7201cd584799ca7d39a96ee4ad98575,fd51a8e944c0523e8b3152b098dfd076
679e1c957c83a5ddb80422adfa193a5fa7201cd584799ca7d39a96ee4ad98575,994a07ac4870d79d375a766eb2841d2a
679e1c957c83a5ddb80422adfa193a5fa7201cd584799ca7d39a96ee4ad98575,d64ddf174bb44200d11569cb46ef51b6
679e1c957c83a5ddb80422adfa193a5fa7201cd584799ca7d39a96ee4ad98575,9b1c541a1edb10b57a5b88d0ae020f59
679e1c957c83a5ddb80422adfa193a5fa7201cd584799ca7d39a96ee4ad98575,ff6fd454f759f4e9e384295c666f5cae
679e1c957c83a5ddb80422adfa193a5fa7201cd584799ca7d39a96ee4ad98575,2967d13c90be288eb25b55d0a30df361
679e1c957c83a5ddb80422adfa193a5fa7201cd584799ca7d39a96ee4ad98575,39ef1b268a7b3acc741ccf5d81e7ad54
679e1c957c83a5ddb80422adfa193a5fa7201cd584799ca7d39a96ee4ad98575,7c9b8ba6830b9b8e5fe87826cb7b3b0f
679e1c957c83a5ddb80422adfa193a5fa7201cd584799ca7d39a96ee4ad98575,5c82c3887246fd761248253d27da27ea
679e1c957c83a5ddb80422adfa193a5fa7201cd584799ca7d39a96ee4ad98575,46bd9f7d369947dc2497e0c97c598e69
679e1c957c83a5ddb80422adfa193a5fa7201cd584799ca7d39a96ee4ad98575,b449deb1760e4b28d98ce3a4a46b50dd
679e1c957c83a5ddb80422adfa193a5fa7201cd584799ca7d39a96ee4ad98575,2b13e28de2816ee0876ac2d2e640f9b3
679e1c957c83a5ddb80422adfa193a5fa7201cd584799ca7d39a96ee4ad98575,c43212ac0420ffad406124777f3ebb60
679e1c957c83a5ddb80422adfa193a5fa7201cd584799ca7d39a96ee4ad98575,6ee78496d59a0b94678f09c2b7910edd
679e1c957c83a5ddb80422adfa193a5fa7201cd584799ca7d39a96ee4ad98575,abb84c3839efb584e060dd62c64cd39e
679e1c957c83a5ddb80422adfa193a5fa7201cd584799ca7d39a96ee4ad98575,cba06482082c934cec7cd8ca8cc48644
679e1c957c83a5ddb80422adfa193a5fa7201cd584799ca7d39a96ee4ad98575,ccaf1c51db2b89507cfaa5f5b4a39575
679e1c957c83a5ddb80422adfa193a5fa7201cd584799ca7d39a96ee4ad98575,460acceca1d71935b1e897f4ca417c21
679e1c957c83a5ddb80422adfa193a5fa7201cd584799ca7d39a96ee4ad98575,9f70842e0d564f55a475b50c215f5eb5
679e1c957c83a5ddb80422adfa193a5fa7201cd584799ca7d39a96ee4ad98575,4d14d3a1f704177b06fe26b654e310e0
679e1c957c83a5ddb80422adfa193a5fa7201cd584799ca7d39a96ee4ad98575,e6b9fe63122f6bfb9bf0f34d249817b2
679e1c957c83a5ddb80422adfa193a5fa7201cd584799ca7d39a96ee4ad98575,d0da6a6a698dadb3554bf25fb0378924
679e1c957c83a5ddb80422adfa193a5fa7201cd584799ca7d39a96ee4ad98575,08a6552a5183b0408c7a00b35bfdff50
679e1c957c83a5ddb80422adfa193a5fa7201cd584799ca7d39a96ee4ad98575,84059986e8d1d303b31de6c3b55c1f7d
679e1c957c83a5ddb80422adfa193a5fa7201cd584799ca7d39a96ee4ad98575,745d2c8876f9149116f6ad463a07a7d5
679e1c957c83a5ddb80422adfa193a5fa7201cd584799ca7d39a96ee4ad98575,7f03e01ca32c95edfa08382deb7d8d29
679e1c957c83a5ddb80422adfa193a5fa7201cd584799ca7d39a96ee4ad98575,b3c2699f3180c5f953e484855ec19a2a
679e1c957c83a5ddb80422adfa193a5fa7201cd584799ca7d39a96ee4ad98575,189624e25b5b00c8a3a64aeb76112d5c
679e1c957c83a5ddb80422adfa193a5fa7201cd584799ca7d39a96ee4ad98575,a11d434e675787d3eadecf77536fc0d5
679e1c957c83a5ddb80422adfa193a5fa7201cd584799ca7d39a96ee4ad98575,3d2d4e67595c810fcb6fa6055fee99cb
679e1c957c83a5ddb80422adfa193a5fa7201cd584799ca7d39a96ee4ad98575,9744a9074c45d897c93823622ecb720c
679e1c957c83a5ddb80422adfa193a5fa7201cd584799ca7d39a96ee4ad98575,01325133fc644f68154b0a2e11480668
679e1c957c83a5ddb80422adfa193a5fa7201cd584799ca7d39a96ee4ad98575,7ace0751c76e2d031d8024b4f3352151
679e1c957c83a5ddb80422adfa193a5fa7201cd584799ca7d39a96ee4ad98575,9f694b2facb2b01af6d8d4d9c198a991
679e1c957c83a5ddb80422adfa193a5fa7201cd584799ca7d39a96ee4ad98575,9ce4c2ddb3cdd8ca0956d215f05f834e
679e1c957c83a5ddb80422adfa193a5fa7201cd584799ca7d39a96ee4ad98575,321c7f53e05ff90b47328efff04a6a30
679e1c957c83a5ddb80422adfa193a5fa7201cd584799ca7d39a96ee4ad98575,65a02a25d7e693d091060e7969ea9b71
679e1c957c83a5ddb80422adfa193a5fa7201cd584799ca7d39a96ee4ad98575,b0c490e261db441e227245aaf6da6712
679e1c957c83a5ddb80422adfa193a5fa7201cd584799ca7d39a96ee4ad98575,95c2a448f8d2a732959c126e035d81cf
679e1c957c83a5ddb80422adfa193a5fa7201cd584799ca7d39a96ee4ad98575,c5c3120089607a9c8bd7da0c5b5abf3c
679e1c957c83a5ddb80422adfa193a5fa7201cd584799ca7d39a96ee4ad98575,9cbf9f87fbe16125d8020314a98fa016
679e1c957c83a5ddb80422adfa193a5fa7201cd584799ca7d39a96ee4ad98575,6414fe2a630e5697c379de7b83125871
679e1c957c83a5ddb80422adfa193a5fa7201cd584799ca7d39a96ee4ad98575,ce85418d81432d1859d1e15e96349269
679e1c957c83a5ddb80422adfa193a5fa7201cd584799ca7d39a96ee4ad98575,61aca11b9cb06143268003f674d73ae7
679e1c957c83a5ddb80422adfa193a5fa7201cd584799ca7d39a96ee4ad98575,28edf9159a6ecdfde0555f6344dee7c4
679e1c957c83a5ddb80422adfa193a5fa7201cd584799ca7d39a96ee4ad98575,15759f6c9950dab92e233b4d5cf8d2ae
679e1c957c83a5ddb80422adfa193a5fa7201cd584799ca7d39a96ee4ad98575,4887b4ff6adfa2698ddd4edd477b9781
679e1c957c83a5ddb80422adfa193a5fa7201cd584799ca7d39a96ee4ad98575,033e5ac53f7b46a9e89cdb911ab22fc3
679e1c957c83a5ddb80422adfa193a5fa7201cd584799ca7d39a96ee4ad98575,e5a3fefeb0ede7358b17db326034a938
679e1c957c83a5ddb80422adfa193a5fa7201cd584799ca7d39a96ee4ad98575,570a2c503a63e202db13a7c1ecf09fcf
679e1c957c83a5ddb80422adfa193a5fa7201cd584799ca7d39a96ee4ad98575,1eb3b67708f9494a008f9bc2835aaef3
679e1c957c83a5ddb80422adfa193a5fa7201cd584799ca7d39a96ee4ad98575,8b381e30fa2c412c2626840bdacc99a4
679e1c957c83a5ddb80422adfa193a5fa7201cd584799ca7d39a96ee4ad98575,361eb79d12c55dec8fccbcc2bfd6b3e0
679e1c957c83a5ddb80422adfa193a5fa7201cd584799ca7d39a96ee4ad98575,fc3043b89e527d689e2980da2afd2eeb
679e1c957c83a5ddb80422adfa193a5fa7201cd584799ca7d39a96ee4ad98575,fdf1b6f8e5ba7fbaf784e9f7bb3b8e7d
679e1c957c83a5ddb80422adfa193a5fa7201cd584799ca7d39a96ee4ad98575,b5861742962bed3868ebb5f73d4e5110
679e1c957c83a5ddb80422adfa193a5fa7201cd584799ca7d39a96ee4ad98575,fca58acd50f4da847c572b716384e5c0
679e1c957c83a5ddb80422adfa193a5fa7201cd584799ca7d39a96ee4ad98575,b2958d2b0c5f7abf811eff505e75a44c
679e1c957c83a5ddb80422adfa193a5fa7201cd584799ca7d39a96ee4ad98575,2879892639762999fc3d727b73b3438a
679e1c957c83a5ddb80422adfa193a5fa7201cd584799ca7d39a96ee4ad98575,e7b317d477db11c93bfa168dafa5cf6d
679e1c957c83a5ddb80422adfa193a5fa7201cd584799ca7d39a96ee4ad98575,1a8d9d8ab979b48b0b47302c312cb58a
679e1c957c83a5ddb80422adfa193a5fa7201cd584799ca7d39a96ee4ad98575,9bd06ce19d4205a6108c7522bbe9bda9
679e1c957c83a5ddb80422adfa193a5fa7201cd584799ca7d39a96ee4ad98575,e0ce396e44c82ea687cf022ba5605c95
679e1c957c83a5ddb80422adfa193a5fa7201cd584799ca7d39a96ee4ad98575,58325feaa50d1eecb4fa035198b82a33
679e1c957c83a5ddb80422adfa193a5fa7201cd584799ca7d39a96ee4ad98575,18cbab26bad356078afd1fa8ceabdd0c
679e1c957c83a5ddb80422adfa193a5fa7201cd584799ca7d39a96ee4ad98575,6a71be24a3df56736b9eeef90f247fa5
679e1c957c83a5ddb80422adfa193a5fa7201cd584799ca7d39a96ee4ad98575,b997d5a9798cc8e4b3f666ba8ad2b466
0c5894e24d8b35fa5b8adf9a0ca53db512a62f2275ed1c17551b654f81255cb6,45851f03e7d76a25cb2a3045abe6b4bd
0c5894e24d8b35fa5b8adf9a0ca53db512a62f2275ed1c17551b654f81255cb6,e74f8a124240630dc83d6bdca9c97c47
0c5894e24d8b35fa5b8adf9a0ca53db512a62f2275ed1c17551b654f81255cb6,30434a81f424e97901e1a24925e3dc29
0c5894e24d8b35fa5b8adf9a0ca53db512a62f2275ed1c17551b654f81255cb6,228b10525cca4a88485f36418a13f2ef
0c5894e24d8b35fa5b8adf9a0ca53db512a62f2275ed1c17551b654f81255cb6,d3fe2fb017e8f894bf595ff3c6e2b154
0c5894e24d8b35fa5b8adf9a0ca53db512a62f2275ed1c17551b654f81255cb6,43c5fa23e0ce01300fc1192169b81e94
0c5894e24d8b35fa5b8adf9a0ca53db512a62f2275ed1c17551b654f81255cb6,29277017b1eba03419171726b733b593
0c5894e24d8b35fa5b8adf9a0ca53db512a62f2275ed1c17551b654f81255cb6,8acb296a0380360d44cd9415856ed9af
0c5894e24d8b35fa5b8adf9a0ca53db512a62f2275ed1c17551b654f81255cb6,c3d19afe729a3f19d623f9a65725ce8d
0c5894e24d8b35fa5b8adf9a0ca53db512a62f2275ed1c17551b654f81255cb6,03be0a4aed38d956a9bbebd725fadaa4
0c5894e24d8b35fa5b8adf9a0ca53db512a62f2275ed1c17551b654f81255cb6,41625a75c1084cd2e128b3024215d57a
0c5894e24d8b35fa5b8adf9a0ca53db512a62f2275ed1c17551b654f81255cb6,4ee4fbd581dfc4d623d96e431458233f
0c5894e24d8b35fa5b8adf9a0ca53db512a62f2275ed1c17551b654f81255cb6,0934f39dbc719ad000ad6df6a2713b43
0c5894e24d8b35fa5b8adf9a0ca53db512a62f2275ed1c17551b654f81255cb6,9b0a36ace1891ac7256f23aa1b69c6a4
0c5894e24d8b35fa5b8adf9a0ca53db512a62f2275ed1c17551b654f81255cb6,911d78cad0057b2081ef624bc94cd89e
0c5894e24d8b35fa5b8adf9a0ca53db512a62f2275ed1c17551b654f81255cb6,546eb05f0d917fa40de1891f42edb822
0c5894e24d8b35fa5b8adf9a0ca53db512a62f2275ed1c17551b654f81255cb6,2597dcdf505c7b060f4c274ff69e7221
0c5894e24d8b35fa5b8adf9a0ca53db512a62f2275ed1c17551b654f81255cb6,e29f149f4769b88c780af773309711a2
0c5894e24d8b35fa5b8adf9a0ca53db512a62f2275ed1c17551b654f81255cb6,be5445b62d967e19d4d3b4f8647c249d
0c5894e24d8b35fa5b8adf9a0ca53db512a62f2275ed1c17551b654f81255cb6,3948e1a1beac174d76e81f75d034d748
0c5894e24d8b35fa5b8adf9a0ca53db512a62f2275ed1c17551b654f81255cb6,bee7c785cca7dc01679dadf3b34fe372
0c5894e24d8b35fa5b8adf9a0ca53db512a62f2275ed1c17551b654f81255cb6,0d65037e0d3cb72262b8b21c81144e13
0c5894e24d8b35fa5b8adf9a0ca53db512a62f2275ed1c17551b654f81255cb6,1ee7158d0abd538bc2d764460113aacb
0c5894e24d8b35fa5b8adf9a0ca53db512a62f2275ed1c17551b654f81255cb6,e5e85d2114f8760499b83b432ca9b048
0c5894e24d8b35fa5b8adf9a0ca53db512a62f2275ed1c17551b654f81255cb6,4836b288e5e64bf61e27b9b76ec8f200
0c5894e24d8b35fa5b8adf9a0ca53db512a62f2275ed1c17551b654f81255cb6,5318bd1129aca69880030821adab685e
0c5894e24d8b35fa5b8adf9a0ca53db512a62f2275ed1c17551b654f81255cb6,e9bdab834ccd6e467e21d7ee76c47a78
0c5894e24d8b35fa5b8adf9a0ca53db512a62f2275ed1c17551b654f81255cb6,42a998ee9952b68ee514a3021e88e9e5
0c5894e24d8b35fa5b8adf9a0ca53db512a62f2275ed1c17551b654f81255cb6,d4d6bf20d1f88b2ba60fb87d172b8924
0c5894e24d8b35fa5b8adf9a0ca53db512a62f2275ed1c17551b654f81255cb6,4ec957914d2dd1176a7b4745b65fe33e
0c5894e24d8b35fa5b8adf9a0ca53db512a62f2275ed1c17551b654f81255cb6,d0327d4d6cef8ec12e280b3c01ea587b
0c5894e24d8b35fa5b8adf9a0ca53db512a62f2275ed1c17551b654f81255cb6,51cc9082f3a17faa596ae7c1b3e2f49b
0c5894e24d8b35fa5b8adf9a0ca53db512a62f2275ed1c17551b654f81255cb6,64724b1e388eaab129276584d3aa9660
0c5894e24d8b35fa5b8adf9a0ca53db512a62f2275ed1c17551b654f81255cb6,2f311cd8b77b2b303e4a3c0c7f109363
0c5894e24d8b35fa5b8adf9a0ca53db512a62f2275ed1c17551b654f81255cb6,dfc52913c831982031cf21e53ced7733
0c5894e24d8b35fa5b8adf9a0ca53db512a62f2275ed1c17551b654f81255cb6,e34a71daf9474f5b12577404d379ef66
0c5894e24d8b35fa5b8adf9a0ca53db512a62f2275ed1c17551b654f81255cb6,b8918093f08aa0f77d6393aeeb634b10
0c5894e24d8b35fa5b8adf9a0ca53db512a62f2275ed1c17551b654f81255cb6,5f9b6f048caa4adeb8ff93367be0c921
0c5894e24d8b35fa5b8adf9a0ca53db512a62f2275ed1c17551b654f81255cb6,51f844660f1264b53f0701c08d22b278
0c5894e24d8b35fa5b8adf9a0ca53db512a62f2275ed1c17551b654f81255cb6,c458205aef20c87a792a29a5cb2b3ce5
0c5894e24d8b35fa5b8adf9a0ca53db512a62f2275ed1c17551b654f81255cb6,8be6e0ed3a9594a651c801b2441fe1ee
0c5894e24d8b35fa5b8adf9a0ca53db512a62f2275ed1c17551b654f81255cb6,47a9b68a10e2c003f6d43df080508335
0c5894e24d8b35fa5b8adf9a0ca53db512a62f2275ed1c17551b654f81255cb6,3155ee150a68e6f9491e9d9c74aec199
0c5894e24d8b35fa5b8adf9a0ca53db512a62f2275ed1c17551b654f81255cb6,ac3298f6ff5822bc877580c2f7bb480e
0c5894e24d8b35fa5b8adf9a0ca53db512a62f2275ed1c17551b654f81255cb6,c8a0d7e941b5d6b721fb2b4b11942f38
0c5894e24d8b35fa5b8adf9a0ca53db512a62f2275ed1c17551b654f81255cb6,ca20e0ceaa90d25d75163d9ef21e3154
0c5894e24d8b35fa5b8adf9a0ca53db512a62f2275ed1c17551b654f81255cb6,8d376cd96d17dd9e6f1a66d0e2c0e3ea
0c5894e24d8b35fa5b8adf9a0ca53db512a62f2275ed1c17551b654f81255cb6,5be388fe754fa95b2ec3e77ab23d98fd
0c5894e24d8b35fa5b8adf9a0ca53db512a62f2275ed1c17551b654f81255cb6,83d37edf4ba7b4c7c0d3ce9005d97158
0c5894e24d8b35fa5b8adf9a0ca53db512a62f2275ed1c17551b654f81255cb6,5d6e2e7191969a1d55820d97a7157441
0c5894e24d8b35fa5b8adf9a0ca53db512a62f2275ed1c17551b654f81255cb6,b5348f8c6435af5213d753f39837a1a3
0c5894e24d8b35fa5b8adf9a0ca53db512a62f2275ed1c17551b654f81255cb6,e4b6ee6db62e17b6c90c8b9bf303973c
bef0119f6487248f15de0fe27d7e33294a87da3ec7438a4e87f0590b37ac0119,6bf2ad3348340a16540f0644b0f24df9
bef0119f6487248f15de0fe27d7e33294a87da3ec7438a4e87f0590b37ac0119,88f9758fa7b8f5dd0d6e9712596ad4ae
bef0119f6487248f15de0fe27d7e33294a87da3ec7438a4e87f0590b37ac0119,37063b0bb7b71286e341fffa744e2522
bef0119f6487248f15de0fe27d7e33294a87da3ec7438a4e87f0590b37ac0119,a949fb4ef383c83e8f790153f89d9cf4
bef0119f6487248f15de0fe27d7e33294a87da3ec7438a4e87f0590b37ac0119,65e54f0047955ec4c3a53465c4b976ac
bef0119f6487248f15de0fe27d7e33294a87da3ec7438a4e87f0590b37ac0119,5e50f82cf3fc44859646fcda2b3d8776
bef0119f6487248f15de0fe27d7e33294a87da3ec7438a4e87f0590b37ac0119,185ef1e81738476ea3272a42809043ad
bef0119f6487248f15de0fe27d7e33294a87da3ec7438a4e87f0590b37ac0119,558debc8a73bcaf19a86a4c2d7e7f04a
bef0119f6487248f15de0fe27d7e33294a87da3ec7438a4e87f0590b37ac0119,cc13f8b4e53898af853af388411d1f36
bef0119f6487248f15de0fe27d7e33294a87da3ec7438a4e87f0590b37ac0119,1b8c26de49f30e8ec669e3521f4ca53b
bef0119f6487248f15de0fe27d7e33294a87da3ec7438a4e87f0590b37ac0119,a25a139582360ed98f2812e6b9f76873
bef0119f6487248f15de0fe27d7e33294a87da3ec7438a4e87f0590b37ac0119,3dbd6746bf014223e5187dcf94a2d9e0
bef0119f6487248f15de0fe27d7e33294a87da3ec7438a4e87f0590b37ac0119,76a9da004e163fbbea239a38720be0c3
bef0119f6487248f15de0fe27d7e33294a87da3ec7438a4e87f0590b37ac0119,fabe9e678c20289ea39230a2a54ea4ed
bef0119f6487248f15de0fe27d7e33294a87da3ec7438a4e87f0590b37ac0119,a44ddb2cbaf9a71f903b5e26a6fc10fe
bef0119f6487248f15de0fe27d7e33294a87da3ec7438a4e87f0590b37ac0119,893c8b7377422c2600beef39f35338f7
bef0119f6487248f15de0fe27d7e33294a87da3ec7438a4e87f0590b37ac0119,60f8099fbf63c4306066f2e42ff89a72
bef0119f6487248f15de0fe27d7e33294a87da3ec7438a4e87f0590b37ac0119,207169d8f51176836153a59408539c5c
bef0119f6487248f15de0fe27d7e33294a87da3ec7438a4e87f0590b37ac0119,e957adbe06426c71fbb264029c089a32
bef0119f6487248f15de0fe27d7e33294a87da3ec7438a4e87f0590b37ac0119,2b980e5e403d5c9258aa4366721f9646
bef0119f6487248f15de0fe27d7e33294a87da3ec7438a4e87f0590b37ac0119,4dcdac7440af897ab8587d5ef385090d
bef0119f6487248f15de0fe27d7e33294a87da3ec7438a4e87f0590b37ac0119,65bbd0b3d439a688c207fb9df2ac6f50
bef0119f6487248f15de0fe27d7e33294a87da3ec7438a4e87f0590b37ac0119,8007687a16a62161ec33f83ec5f1ce53
bef0119f6487248f15de0fe27d7e33294a87da3ec7438a4e87f0590b37ac0119,e77ea3617f7c5a272c57b6119dba2c4b
bef0119f6487248f15de0fe27d7e33294a87da3ec7438a4e87f0590b37ac0119,a1b9dd3533aede00b560111d0a84eee3
bef0119f6487248f15de0fe27d7e33294a87da3ec7438a4e87f0590b37ac0119,f0ac10303d646fde7bb5c32f7985768c
bef0119f6487248f15de0fe27d7e33294a87da3ec7438a4e87f0590b37ac0119,dc2580a4f957e9298e6a545a7d176410
bef0119f6487248f15de0fe27d7e33294a87da3ec7438a4e87f0590b37ac0119,40151817e807641efbe5b2f90d434359
bef0119f6487248f15de0fe27d7e33294a87da3ec7438a4e87f0590b37ac0119,609e6c755ec4c1d22ae102fe8ac4865d
bef0119f6487248f15de0fe27d7e33294a87da3ec7438a4e87f0590b37ac0119,8f2c9655051859b19e929eb8dda3c18f
0890b8c60ed6948796c6a621378e2cd573dd48ff93640b12a874bd1a811f6162,82aa19125a071b47e04e237a27096c98
0890b8c60ed6948796c6a621378e2cd573dd48ff93640b12a874bd1a811f6162,82130968566ddc6651317c6ef1bbd0a6
0890b8c60ed6948796c6a621378e2cd573dd48ff93640b12a874bd1a811f6162,442271d1b9b5ca6032511e0a38365b6e
0890b8c60ed6948796c6a621378e2cd573dd48ff93640b12a874bd1a811f6162,653856841ef00e80539eb2ad6a7d81a3
0890b8c60ed6948796c6a621378e2cd573dd48ff93640b12a874bd1a811f6162,6b7a353d2f353eaeceee3f5030583fc0
0890b8c60ed6948796c6a621378e2cd573dd48ff93640b12a874bd1a811f6162,49787ade031e226530c59b4408cf17cd
0890b8c60ed6948796c6a621378e2cd573dd48ff93640b12a874bd1a811f6162,0a9f7754507b6da1458329d7a61304ab
0890b8c60ed6948796c6a621378e2cd573dd48ff93640b12a874bd1a811f6162,d6a8e4a8b94c2045367e316f00238fb5
0890b8c60ed6948796c6a621378e2cd573dd48ff93640b12a874bd1a811f6162,1331c34c33b9be55fc0e4ca35e39da62
0890b8c60ed6948796c6a621378e2cd573dd48ff93640b12a874bd1a811f6162,fd428c8bd57d8b6bab4c0f41a47a8a97
0890b8c60ed6948796c6a621378e2cd573dd48ff93640b12a874bd1a811f6162,9a5ba8f4d7ea109dbcce7b9cc7ba7c5c
0890b8c60ed6948796c6a621378e2cd573dd48ff93640b12a874bd1a811f6162,81f1a8a189972e2bc20659401b32add4
0890b8c60ed6948796c6a621378e2cd573dd48ff93640b12a874bd1a811f6162,28df004f0c76166cbf070c94735363c8
0890b8c60ed6948796c6a621378e2cd573dd48ff93640b12a874bd1a811f6162,d9a5ce7945007bbc0f9854ca96b19347
0890b8c60ed6948796c6a621378e2cd573dd48ff93640b12a874bd1a811f6162,a39cf4046771f42a9ff6c6e859791206
0890b8c60ed6948796c6a621378e2cd573dd48ff93640b12a874bd1a811f6162,c082c966e5cf9b2fe3f66e19760b5e22
0890b8c60ed6948796c6a621378e2cd573dd48ff93640b12a874bd1a811f6162,5a52d63c87b09ff2bddbdc64143b66d5
0890b8c60ed6948796c6a621378e2cd573dd48ff93640b12a874bd1a811f6162,2ae5409cf16acaad4ab68d62d328a7a6
0890b8c60ed6948796c6a621378e2cd573dd48ff93640b12a874bd1a811f6162,db8b77c87d51424a7d187065b70ee61c
0890b8c60ed6948796c6a621378e2cd573dd48ff93640b12a874bd1a811f6162,12c86fcc5a09992c8d889766fe8fa37d
0890b8c60ed6948796c6a621378e2cd573dd48ff93640b12a874bd1a811f6162,63b0df059e0090c16068a16ce7a85a50
0890b8c60ed6948796c6a621378e2cd573dd48ff93640b12a874bd1a811f6162,6c31e8403ca2356bd56f36e123075774
0890b8c60ed6948796c6a621378e2cd573dd48ff93640b12a874bd1a811f6162,8b3bb433e9379d0b78271a74076f9389
0890b8c60ed6948796c6a621378e2cd573dd48ff93640b12a874bd1a811f6162,c399cd418b88aa7ee05c3b4f43575106
0890b8c60ed6948796c6a621378e2cd573dd48ff93640b12a874bd1a811f6162,c8f298a9a9b40a992fc1aeed432cf2d9
0890b8c60ed6948796c6a621378e2cd573dd48ff93640b12a874bd1a811f6162,aa18194517ff22c3ac610a5435d4026d
0890b8c60ed6948796c6a621378e2cd573dd48ff93640b12a874bd1a811f6162,f7b06fd3c20b1522bbb80b9d6cfc679d
0890b8c60ed6948796c6a621378e2cd573dd48ff93640b12a874bd1a811f6162,83c06479865a62f4e901d1e3bde15f9c
0890b8c60ed6948796c6a621378e2cd573dd48ff93640b12a874bd1a811f6162,3a0648b222772e99f793e3169e4de9d0
0890b8c60ed6948796c6a621378e2cd573dd48ff93640b12a874bd1a811f6162,20a139d48daf2e1c1608127ecdbe86ea
0890b8c60ed6948796c6a621378e2cd573dd48ff93640b12a874bd1a811f6162,73ba7901399f7c982d65d49d718bfde7
0890b8c60ed6948796c6a621378e2cd573dd48ff93640b12a874bd1a811f6162,dcd21d4bf3a4e521fc9f03d44f77d00a
0890b8c60ed6948796c6a621378e2cd573dd48ff93640b12a874bd1a811f6162,6a324f9b429a8a4c23466635b2dc09e9
0890b8c60ed6948796c6a621378e2cd573dd48ff93640b12a874bd1a811f6162,58a5456c162b2e21b67fcb7988421302
0890b8c60ed6948796c6a621378e2cd573dd48ff93640b12a874bd1a811f6162,50ad1fee85bebeaee8454d4dcf2812d4
0890b8c60ed6948796c6a621378e2cd573dd48ff93640b12a874bd1a811f6162,05833d782b09dc8d0a4f8d7b23b1e4ad
0890b8c60ed6948796c6a621378e2cd573dd48ff93640b12a874bd1a811f6162,2b915534594ae22492957712594e22d7
0890b8c60ed6948796c6a621378e2cd573dd48ff93640b12a874bd1a811f6162,ffa557bf70754ea799d7566b6c9df2fb
0890b8c60ed6948796c6a621378e2cd573dd48ff93640b12a874bd1a811f6162,803685fd1095af40fc97b15e72bf59f2
0890b8c60ed6948796c6a621378e2cd573dd48ff93640b12a874bd1a811f6162,51a478b679a0eb48f0f7b31c116ee433
0890b8c60ed6948796c6a621378e2cd573dd48ff93640b12a874bd1a811f6162,de85a761c92a5adc0c7b60a08c2d5d8f
0890b8c60ed6948796c6a621378e2cd573dd48ff93640b12a874bd1a811f6162,02a65caa849f584c90cd4b98344f8805
0890b8c60ed6948796c6a621378e2cd573dd48ff93640b12a874bd1a811f6162,d8091c9e1b1a9968c0dd5d788dc037c8
0890b8c60ed6948796c6a621378e2cd573dd48ff93640b12a874bd1a811f6162,3c283f3c3d1f5117149e073c32f721f3
0890b8c60ed6948796c6a621378e2cd573dd48ff93640b12a874bd1a811f6162,6fdd621828bac31753589ae0e60b5248
0890b8c60ed6948796c6a621378e2cd573dd48ff93640b12a874bd1a811f6162,b0501e58bb481d7544cbeb524a88e0ec
0890b8c60ed6948796c6a621378e2cd573dd48ff93640b12a874bd1a811f6162,030a6f339a2a52eccae07cebc431d30c
0890b8c60ed6948796c6a621378e2cd573dd48ff93640b12a874bd1a811f6162,1b904aa5a91d3068319ab893b758c424
0890b8c60ed6948796c6a621378e2cd573dd48ff93640b12a874bd1a811f6162,b3604f2f6f117dd20ae12b28b7732f64
0890b8c60ed6948796c6a621378e2cd573dd48ff93640b12a874bd1a811f6162,e776cb9432b20b32aa63dd7f85907409
7ef24f0c5a35e9ef8f13b43b57ba6d59685adc6ec542d58ef748e5ba523185a9,6df4189e616baa8f48b9a5c5364b4251
7ef24f0c5a35e9ef8f13b43b57ba6d59685adc6ec542d58ef748e5ba523185a9,bb9e0c0423a4d9c089b72446fe6d292d
7ef24f0c5a35e9ef8f13b43b57ba6d59685adc6ec542d58ef748e5ba523185a9,ad09e3532a71be39d31a0276d9f0703b
7ef24f0c5a35e9ef8f13b43b57ba6d59685adc6ec542d58ef748e5ba523185a9,787514e90c03c47ccc63c1ab559f0cea
7ef24f0c5a35e9ef8f13b43b57ba6d59685adc6ec542d58ef748e5ba523185a9,0dde109904c4c8ac3582b4bfd7369604
7ef24f0c5a35e9ef8f13b43b57ba6d59685adc6ec542d58ef748e5ba523185a9,309beae205bf90737c1ac6b08ad6ad6b
7ef24f0c5a35e9ef8f13b43b57ba6d59685adc6ec542d58ef748e5ba523185a9,c09db626274dfdb6ede98b2d1e2edbc9
7ef24f0c5a35e9ef8f13b43b57ba6d59685adc6ec542d58ef748e5ba523185a9,3f60ff7603640ceede1869d995dad25f
7ef24f0c5a35e9ef8f13b43b57ba6d59685adc6ec542d58ef748e5ba523185a9,965b8e4314b64c1e713de820596e28dd
7ef24f0c5a35e9ef8f13b43b57ba6d59685adc6ec542d58ef748e5ba523185a9,a9642499483ec99062c739e32191da12
7ef24f0c5a35e9ef8f13b43b57ba6d59685adc6ec542d58ef748e5ba523185a9,9bf00ae320693353bc71005d4477a1df
7ef24f0c5a35e9ef8f13b43b57ba6d59685adc6ec542d58ef748e5ba523185a9,5b169bc36e0c4f146c14578e7ea15ec9
7ef24f0c5a35e9ef8f13b43b57ba6d59685adc6ec542d58ef748e5ba523185a9,fc6d41a8a8777136ed68c1ef5368423e
7ef24f0c5a35e9ef8f13b43b57ba6d59685adc6ec542d58ef748e5ba523185a9,7e7520e5ef71bc6d02a311ee1046bb20
7ef24f0c5a35e9ef8f13b43b57ba6d59685adc6ec542d58ef748e5ba523185a9,546652f13420c4da2de0f8ad45bad199
7ef24f0c5a35e9ef8f13b43b57ba6d59685adc6ec542d58ef748e5ba523185a9,f5126f866f69e20e46da5a7c987f2f02
7ef24f0c5a35e9ef8f13b43b57ba6d59685adc6ec542d58ef748e5ba523185a9,19c9f404cea4127d9731c6fad448cca2
7ef24f0c5a35e9ef8f13b43b57ba6d59685adc6ec542d58ef748e5ba523185a9,0bdebb2d990c14122d309f6c9fe03542
7ef24f0c5a35e9ef8f13b43b57ba6d59685adc6ec542d58ef748e5ba523185a9,e6118d8187bb4020ed70f0df0e666873
7ef24f0c5a35e9ef8f13b43b57ba6d59685adc6ec542d58ef748e5ba523185a9,8f419f5f22dce0ec56e5a5fff4843813
7ef24f0c5a35e9ef8f13b43b57ba6d59685adc6ec542d58ef748e5ba523185a9,831b3df83e284091a4a7fce120b0be62
7ef24f0c5a35e9ef8f13b43b57ba6d59685adc6ec542d58ef748e5ba523185a9,11ed64c6190d92f6e13f19c1a6fe25ad
7ef24f0c5a35e9ef8f13b43b57ba6d59685adc6ec542d58ef748e5ba523185a9,57e55df839b282238c365e30af695150
7ef24f0c5a35e9ef8f13b43b57ba6d59685adc6ec542d58ef748e5ba523185a9,cd2747b72ee25e06664d8da5372c80d3
7ef24f0c5a35e9ef8f13b43b57ba6d59685adc6ec542d58ef748e5ba523185a9,9d1355c57d8c217600f1b3aa77de090c
7ef24f0c5a35e9ef8f13b43b57ba6d59685adc6ec542d58ef748e5ba523185a9,5fb94eaa7f709308606dc9f9c3148a66
7ef24f0c5a35e9ef8f13b43b57ba6d59685adc6ec542d58ef748e5ba523185a9,2bc5bffd1ab30f8b43d397d18623efea
7ef24f0c5a35e9ef8f13b43b57ba6d59685adc6ec542d58ef748e5ba523185a9,88e82c3f4a252881ad03ff561311fdf0
7ef24f0c5a35e9ef8f13b43b57ba6d59685adc6ec542d58ef748e5ba523185a9,2fbc6ca58d8277e0c605efba39a9bb41
7ef24f0c5a35e9ef8f13b43b57ba6d59685adc6ec542d58ef748e5ba523185a9,0dbbc6cfc7d32e08e55ed08227df41bb
11d90e3343b425ef26313d3ac3f9f5c427fb01b3635e108fc9e511dd00304a47,51ff5979b285f8fc2169a0dc6ab13956
11d90e3343b425ef26313d3ac3f9f5c427fb01b3635e108fc9e511dd00304a47,a991c8b23c0790451407c98b30fddfc2
11d90e3343b425ef26313d3ac3f9f5c427fb01b3635e108fc9e511dd00304a47,b1b328c3d4259d6fb9279d110193a19c
11d90e3343b425ef26313d3ac3f9f5c427fb01b3635e108fc9e511dd00304a47,24a436cbaba682391d3ae485ded5d63a
11d90e3343b425ef26313d3ac3f9f5c427fb01b3635e108fc9e511dd00304a47,60ec71d9aedc06d369eb75b9d36c92d0
11d90e3343b425ef26313d3ac3f9f5c427fb01b3635e108fc9e511dd00304a47,f59dd9215994ee438fc3b534f3551087
11d90e3343b425ef26313d3ac3f9f5c427fb01b3635e108fc9e511dd00304a47,7a4772455da11fe21e7ec87609ca591e
11d90e3343b425ef26313d3ac3f9f5c427fb01b3635e108fc9e511dd00304a47,c8fb95bdc7cd19a4782b718dbc643b69
11d90e3343b425ef26313d3ac3f9f5c427fb01b3635e108fc9e511dd00304a47,70d3dbe47c301639b0b2e8e207ab1ece
11d90e3343b425ef26313d3ac3f9f5c427fb01b3635e108fc9e511dd00304a47,8943804d2040e658913698cb6de03ff3
11d90e3343b425ef26313d3ac3f9f5c427fb01b3635e108fc9e511dd00304a47,378ccac13ae534f305b35c34dd8dfa1e
11d90e3343b425ef26313d3ac3f9f5c427fb01b3635e108fc9e511dd00304a47,313124ac99e4b1f7ef9bc90c902b1c70
11d90e3343b425ef26313d3ac3f9f5c427fb01b3635e108fc9e511dd00304a47,d07913a4e22087816c9a7c9977177ebc
11d90e3343b425ef26313d3ac3f9f5c427fb01b3635e108fc9e511dd00304a47,aeab894e70a4b77eccb21223240847db
11d90e3343b425ef26313d3ac3f9f5c427fb01b3635e108fc9e511dd00304a47,240689d6fc440108bed89dca9c061f89
11d90e3343b425ef26313d3ac3f9f5c427fb01b3635e108fc9e511dd00304a47,488a69d43c18a52c96a0b1979eb1a7bb
11d90e3343b425ef26313d3ac3f9f5c427fb01b3635e108fc9e511dd00304a47,d3f781db737f3faedaea3ea7ea2ba389
11d90e3343b425ef26313d3ac3f9f5c427fb01b3635e108fc9e511dd00304a47,9ee4d1eed3d10b3c12b6fcb11e6297d5
11d90e3343b425ef26313d3ac3f9f5c427fb01b3635e108fc9e511dd00304a47,d93293203b698eff4ba6c1da403b12a5
11d90e3343b425ef26313d3ac3f9f5c427fb01b3635e108fc9e511dd00304a47,d1f359d972167e39c70319c97c789082
11d90e3343b425ef26313d3ac3f9f5c427fb01b3635e108fc9e511dd00304a47,141b2862e31fe6bd832d87840a1546a9
11d90e3343b425ef26313d3ac3f9f5c427fb01b3635e108fc9e511dd00304a47,ddf06861330d9c55103241f60e844f6c
11d90e3343b425ef26313d3ac3f9f5c427fb01b3635e108fc9e511dd00304a47,26e67f2ff3689ec90df7789b90a7ff92
11d90e3343b425ef26313d3ac3f9f5c427fb01b3635e108fc9e511dd00304a47,07bc20bb25d13c6367e286a7395daa0d
11d90e3343b425ef26313d3ac3f9f5c427fb01b3635e108fc9e511dd00304a47,cc3fa6a11c7d518e28277ddbf921bb74
11d90e3343b425ef26313d3ac3f9f5c427fb01b3635e108fc9e511dd00304a47,f3c18ad71a1b4b1ffc714b77e8eed920
11d90e3343b425ef26313d3ac3f9f5c427fb01b3635e108fc9e511dd00304a47,a03eabe4dd8c84da86d6f74d263ba73b
11d90e3343b425ef26313d3ac3f9f5c427fb01b3635e108fc9e511dd00304a47,d284963bb71886e6de081b9a418fe310
11d90e3343b425ef26313d3ac3f9f5c427fb01b3635e108fc9e511dd00304a47,24082a5179b2c5ba317c406771d94388
11d90e3343b425ef26313d3ac3f9f5c427fb01b3635e108fc9e511dd00304a47,ce65c8b097224caf869159adafdb8727
061c08cee04c065474a683f9d6ea171680cb223519accda17331c57d6e81abb4,78e20a0e907f193042b6e3258f1a2c64
061c08cee04c065474a683f9d6ea171680cb223519accda17331c57d6e81abb4,a7a6abc6deea16ec3e81cbd0e9f834c8
061c08cee04c065474a683f9d6ea171680cb223519accda17331c57d6e81abb4,c66ad083463798122fe89f5e89e7ba8e
061c08cee04c065474a683f9d6ea171680cb223519accda17331c57d6e81abb4,60e9ddc22eb3fc55e8176063cd7ea910
061c08cee04c065474a683f9d6ea171680cb223519accda17331c57d6e81abb4,9c0fbad21bffa9adc650eb43704bea04
061c08cee04c065474a683f9d6ea171680cb223519accda17331c57d6e81abb4,9ddf2c197633cb92217fad01395e2ac1
061c08cee04c065474a683f9d6ea171680cb223519accda17331c57d6e81abb4,cdeb58b22f0234a1c96e17629d170eb8
061c08cee04c065474a683f9d6ea171680cb223519accda17331c57d6e81abb4,46fea23c2d78c736a9624cef5da4dca2
061c08cee04c065474a683f9d6ea171680cb223519accda17331c57d6e81abb4,f01346d5d3ca5c7ab1bf39e072573e6e
061c08cee04c065474a683f9d6ea171680cb223519accda17331c57d6e81abb4,a4f35fcdc065ecf255570caa802de021
061c08cee04c065474a683f9d6ea171680cb223519accda17331c57d6e81abb4,96481ff64a09ae3bf3a51c9a6bbeb609
061c08cee04c065474a683f9d6ea171680cb223519accda17331c57d6e81abb4,40f36886b82d407b3168c7c41d08410a
061c08cee04c065474a683f9d6ea171680cb223519accda17331c57d6e81abb4,ac0be1d109b72b6a39a7a1c44b1c2219
061c08cee04c065474a683f9d6ea171680cb223519accda17331c57d6e81abb4,fc15de1d1cbb7b438073985985c0c48c
061c08cee04c065474a683f9d6ea171680cb223519accda17331c57d6e81abb4,4be84aaf96187a9ee40cd31a922f4a05
061c08cee04c065474a683f9d6ea171680cb223519accda17331c57d6e81abb4,713b03fb5dd32444bd8a6d5c1338e4b1
061c08cee04c065474a683f9d6ea171680cb223519accda17331c57d6e81abb4,d18f575d21805419e49e0849f2d5787e
061c08cee04c065474a683f9d6ea171680cb223519accda17331c57d6e81abb4,1633fc69e071260cbbf0e2225ced2b28
061c08cee04c065474a683f9d6ea171680cb223519accda17331c57d6e81abb4,c94fadf523642c0bea181680161d5c1a
061c08cee04c065474a683f9d6ea171680cb223519accda17331c57d6e81abb4,a5cf812f5249218607cafd7d99e1721b
061c08cee04c065474a683f9d6ea171680cb223519accda17331c57d6e81abb4,6890a9645a89e4b0a993e42e0e2df289
061c08cee04c065474a683f9d6ea171680cb223519accda17331c57d6e81abb4,457561ba26fa80c5aad6b15290c7c3f2
061c08cee04c065474a683f9d6ea171680cb223519accda17331c57d6e81abb4,a771f3604bda5268a396b606d2f22fe3
061c08cee04c065474a683f9d6ea171680cb223519accda17331c57d6e81abb4,2313096336f994ab513da260544cda82
061c08cee04c065474a683f9d6ea171680cb223519accda17331c57d6e81abb4,a9c61b17469fb4830fc4c6dbc28f7eb5
061c08cee04c065474a683f9d6ea171680cb223519accda17331c57d6e81abb4,9165552ce953707d8c360ac1afe58027
061c08cee04c065474a683f9d6ea171680cb223519accda17331c57d6e81abb4,4b120db4c4cd417a55af37fd3bc4df8e
061c08cee04c065474a683f9d6ea171680cb223519accda17331c57d6e81abb4,addcc7ad3b2b09e98b0ee11e800dfc33
061c08cee04c065474a683f9d6ea171680cb223519accda17331c57d6e81abb4,880da0062e0a6e5d5c9f8f9511183b0f
061c08cee04c065474a683f9d6ea171680cb223519accda17331c57d6e81abb4,005d6b00ff781344a8cdeb8f2c104e49
e1781f766e8e01857558dde76771717c23db2d0ee3cb428c7e65cb5c87619912,5020884762292f31e372d73e891ce6ad
e1781f766e8e01857558dde76771717c23db2d0ee3cb428c7e65cb5c87619912,48c2cdcaa51f614f77c11228e13be820
e1781f766e8e01857558dde76771717c23db2d0ee3cb428c7e65cb5c87619912,3d0f1a599a9f156a6e934d768d87638c
e1781f766e8e01857558dde76771717c23db2d0ee3cb428c7e65cb5c87619912,641276026163e1f5a99dd761fe0cb6fb
e1781f766e8e01857558dde76771717c23db2d0ee3cb428c7e65cb5c87619912,86d37aabcc7890b722aa03c4bad154d8
e1781f766e8e01857558dde76771717c23db2d0ee3cb428c7e65cb5c87619912,46b54e6bc9512757d4f997e9a9a2594c
e1781f766e8e01857558dde76771717c23db2d0ee3cb428c7e65cb5c87619912,60bb07095e3aae4361056992cd43e519
e1781f766e8e01857558dde76771717c23db2d0ee3cb428c7e65cb5c87619912,a683058a6de66ad0254ac0ffb46b05e1
e1781f766e8e01857558dde76771717c23db2d0ee3cb428c7e65cb5c87619912,0bd8a511425172f27783a0628c0cdd77
e1781f766e8e01857558dde76771717c23db2d0ee3cb428c7e65cb5c87619912,fa376c3269ca2c26aa17c7c91e78f2f0
e1781f766e8e01857558dde76771717c23db2d0ee3cb428c7e65cb5c87619912,451a58bfa871cb8a59a63bc9ca76690d
e1781f766e8e01857558dde76771717c23db2d0ee3cb428c7e65cb5c87619912,6e3df17ab7f7a55652d099058f57e82b
e1781f766e8e01857558dde76771717c23db2d0ee3cb428c7e65cb5c87619912,18126791c6f1ba3b32637bd768dc47a4
e1781f766e8e01857558dde76771717c23db2d0ee3cb428c7e65cb5c87619912,293b9be6235b2b1b861f011c56c75e61
e1781f766e8e01857558dde76771717c23db2d0ee3cb428c7e65cb5c87619912,5c0636f3947c95d2c2516a13fc7a1dd1
e1781f766e8e01857558dde76771717c23db2d0ee3cb428c7e65cb5c87619912,35120c5177bdc6b40a3737a3d6c17356
e1781f766e8e01857558dde76771717c23db2d0ee3cb428c7e65cb5c87619912,28badfb7be947c7e34f88237a6016501
e1781f766e8e01857558dde76771717c23db2d0ee3cb428c7e65cb5c87619912,955194e3b41e25b539acacaae8fdf1b3
e1781f766e8e01857558dde76771717c23db2d0ee3cb428c7e65cb5c87619912,131c8e952bb640478084921d6959ea1d
e1781f766e8e01857558dde76771717c23db2d0ee3cb428c7e65cb5c87619912,de94e6830fa7e8525126a0ca3b5eb0bc
e1781f766e8e01857558dde76771717c23db2d0ee3cb428c7e65cb5c87619912,9803254bcb7282305b1818d8f1335f6c
e1781f766e8e01857558dde76771717c23db2d0ee3cb428c7e65cb5c87619912,7f1dc33de4825c17a4f2c6d3a8ba741c
e1781f766e8e01857558dde76771717c23db2d0ee3cb428c7e65cb5c87619912,fd4a50cebb41d9c2693702956dc144b6
e1781f766e8e01857558dde76771717c23db2d0ee3cb428c7e65cb5c87619912,878501123cf7c8c4537b1c05d4ce6ae4
e1781f766e8e01857558dde76771717c23db2d0ee3cb428c7e65cb5c87619912,cb4a3b28a6dd87078319a73ed9966022
e1781f766e8e01857558dde76771717c23db2d0ee3cb428c7e65cb5c87619912,d63774ef362e3792b579348b214bdc5d
e1781f766e8e01857558dde76771717c23db2d0ee3cb428c7e65cb5c87619912,40fa85ebd4f05a84d13ba561c6a864a9
e1781f766e8e01857558dde76771717c23db2d0ee3cb428c7e65cb5c87619912,7d53c4937452dfb73be8c9126d0e1fc9
e1781f766e8e01857558dde76771717c23db2d0ee3cb428c7e65cb5c87619912,aca73be0cc860adbafe7061b9b24322b
e1781f766e8e01857558dde76771717c23db2d0ee3cb428c7e65cb5c87619912,9ee4d1eed3d10b3c12b6fcb11e6297d5
e1781f766e8e01857558dde76771717c23db2d0ee3cb428c7e65cb5c87619912,40c06af417943221949cbd24c4971fac
e1781f766e8e01857558dde76771717c23db2d0ee3cb428c7e65cb5c87619912,ac874bba5f14f951e5b6fa22c401d0f3
e1781f766e8e01857558dde76771717c23db2d0ee3cb428c7e65cb5c87619912,fe91f075abf9cb8151ade936d1f36d38
e1781f766e8e01857558dde76771717c23db2d0ee3cb428c7e65cb5c87619912,831ee4d35820133928e5335360cd2623
e1781f766e8e01857558dde76771717c23db2d0ee3cb428c7e65cb5c87619912,9a99c8e537808df5ea09a15b44c9287d
e1781f766e8e01857558dde76771717c23db2d0ee3cb428c7e65cb5c87619912,e94d955dac0d9452a5d358b29fbdb00e
e1781f766e8e01857558dde76771717c23db2d0ee3cb428c7e65cb5c87619912,99c9604a469e98b4d33464563c4e10f3
e1781f766e8e01857558dde76771717c23db2d0ee3cb428c7e65cb5c87619912,14c3f75fa53afdc5e93d04605ca890e4
e1781f766e8e01857558dde76771717c23db2d0ee3cb428c7e65cb5c87619912,6a576fe334f0fac53bb23b667b5d3553
e1781f766e8e01857558dde76771717c23db2d0ee3cb428c7e65cb5c87619912,eb4f422b6a97e7f1094a47cfb711092f
e1781f766e8e01857558dde76771717c23db2d0ee3cb428c7e65cb5c87619912,586a246400a3f92033cd0fabcef2e048
e1781f766e8e01857558dde76771717c23db2d0ee3cb428c7e65cb5c87619912,2d5890ef84292267cefa1e89012a534f
e1781f766e8e01857558dde76771717c23db2d0ee3cb428c7e65cb5c87619912,052a651343058328922a113a37b48594
e1781f766e8e01857558dde76771717c23db2d0ee3cb428c7e65cb5c87619912,78a03ac66d92dc4022f4f9842795035d
e1781f766e8e01857558dde76771717c23db2d0ee3cb428c7e65cb5c87619912,8a8f195bf585862f275c166cd837f024
e1781f766e8e01857558dde76771717c23db2d0ee3cb428c7e65cb5c87619912,18013549a36f90a79b148639fd8af20c
e1781f766e8e01857558dde76771717c23db2d0ee3cb428c7e65cb5c87619912,57ca8e2010709f4402e7cfc794dc3300
e1781f766e8e01857558dde76771717c23db2d0ee3cb428c7e65cb5c87619912,b65e0ba403f56f476bc0f6b6385780d9
e1781f766e8e01857558dde76771717c23db2d0ee3cb428c7e65cb5c87619912,54b96373e45196505c1faca6ef333c78
e1781f766e8e01857558dde76771717c23db2d0ee3cb428c7e65cb5c87619912,d4ae090b802d6842bd1091e159ab06eb
087d1ea027047d8a0754eda6d20192c417d8bb12220edc5d531ff0870d9589ff,4942a562d3b56cf7c29ac0a61e01f180
087d1ea027047d8a0754eda6d20192c417d8bb12220edc5d531ff0870d9589ff,793ff8acaa37722491d7bc82525900b9
087d1ea027047d8a0754eda6d20192c417d8bb12220edc5d531ff0870d9589ff,d41a1f88bc566bd22afd8bd7bba21aa8
087d1ea027047d8a0754eda6d20192c417d8bb12220edc5d531ff0870d9589ff,32796c8522e815eb5ca48dbbdd3f8f41
087d1ea027047d8a0754eda6d20192c417d8bb12220edc5d531ff0870d9589ff,f8eceb21137bda12aec960dc148df1d3
087d1ea027047d8a0754eda6d20192c417d8bb12220edc5d531ff0870d9589ff,f0cd7d7899a5217062c1c9ba789cbaaa
087d1ea027047d8a0754eda6d20192c417d8bb12220edc5d531ff0870d9589ff,a46ff18e0b0cba2e86deef509cc5d4d4
087d1ea027047d8a0754eda6d20192c417d8bb12220edc5d531ff0870d9589ff,eadfa8afee9a590353db8cea406c9574
087d1ea027047d8a0754eda6d20192c417d8bb12220edc5d531ff0870d9589ff,2f4bad0b072403ca31313df71a01b7d1
087d1ea027047d8a0754eda6d20192c417d8bb12220edc5d531ff0870d9589ff,b59598e9ffea8077a508f6d51cac792e
087d1ea027047d8a0754eda6d20192c417d8bb12220edc5d531ff0870d9589ff,f3af47674da1d0324f251487fe0442ba
087d1ea027047d8a0754eda6d20192c417d8bb12220edc5d531ff0870d9589ff,5416074542cccda4191d27875cb53551
087d1ea027047d8a0754eda6d20192c417d8bb12220edc5d531ff0870d9589ff,f6427e1791cc0ac631e84244691bceac
087d1ea027047d8a0754eda6d20192c417d8bb12220edc5d531ff0870d9589ff,f474e1d5dc1b0fbb59ced9286c247d08
087d1ea027047d8a0754eda6d20192c417d8bb12220edc5d531ff0870d9589ff,27a819cd6a69e655fe3a2eb10b17e50d
087d1ea027047d8a0754eda6d20192c417d8bb12220edc5d531ff0870d9589ff,5b7283fa748596625e4533c1eb068470
087d1ea027047d8a0754eda6d20192c417d8bb12220edc5d531ff0870d9589ff,9091427594a0a9f2e69beb92267c5868
087d1ea027047d8a0754eda6d20192c417d8bb12220edc5d531ff0870d9589ff,e114d10107dbf4827591b79c8dc8c55d
087d1ea027047d8a0754eda6d20192c417d8bb12220edc5d531ff0870d9589ff,72c1c64412c04f5c0892394c61ef8c93
087d1ea027047d8a0754eda6d20192c417d8bb12220edc5d531ff0870d9589ff,e59ccbe5baddfced7d0c09a62174d1f9
087d1ea027047d8a0754eda6d20192c417d8bb12220edc5d531ff0870d9589ff,9987c8af6c9823c81de6883ac8fcb872
087d1ea027047d8a0754eda6d20192c417d8bb12220edc5d531ff0870d9589ff,2f79015d4a15002e41b5536fc29ca611
087d1ea027047d8a0754eda6d20192c417d8bb12220edc5d531ff0870d9589ff,7fc767a14f8bb0819f7c24f000fe3c74
087d1ea027047d8a0754eda6d20192c417d8bb12220edc5d531ff0870d9589ff,d59f47668bca48c7f38eb360e0b975af
087d1ea027047d8a0754eda6d20192c417d8bb12220edc5d531ff0870d9589ff,1b049bd676475437681e07700d00b0bb
087d1ea027047d8a0754eda6d20192c417d8bb12220edc5d531ff0870d9589ff,9d6dedb432a0defad5e8c15f5a4c0a39
087d1ea027047d8a0754eda6d20192c417d8bb12220edc5d531ff0870d9589ff,7bccdcd72b7cec139ba97f0c837a92c3
087d1ea027047d8a0754eda6d20192c417d8bb12220edc5d531ff0870d9589ff,34d87ab63d4deba0b74d6f3c34e86b50
087d1ea027047d8a0754eda6d20192c417d8bb12220edc5d531ff0870d9589ff,59992ee9a644e0155362d4616f4c2443
087d1ea027047d8a0754eda6d20192c417d8bb12220edc5d531ff0870d9589ff,854d73e9e799f1accbfc3faf4ba01978
a242992cdc17db03f81f995b3ca7ef20e5f6c1bf3e29e8bf9dd4f6e4aebf0698,9b7d5d387190f305e8d140df72a3e8dc
a242992cdc17db03f81f995b3ca7ef20e5f6c1bf3e29e8bf9dd4f6e4aebf0698,a3b7c24bc40502b76416ac3ccfc7d805
a242992cdc17db03f81f995b3ca7ef20e5f6c1bf3e29e8bf9dd4f6e4aebf0698,b519c35b855f9e89e38736712827fdf9
a242992cdc17db03f81f995b3ca7ef20e5f6c1bf3e29e8bf9dd4f6e4aebf0698,0f12b57b0fd40962decb5f1315268249
a242992cdc17db03f81f995b3ca7ef20e5f6c1bf3e29e8bf9dd4f6e4aebf0698,c77136a378ddb613367df6a611e6578a
a242992cdc17db03f81f995b3ca7ef20e5f6c1bf3e29e8bf9dd4f6e4aebf0698,0e9b89d851710d84a0fa248d67de3b2f
a242992cdc17db03f81f995b3ca7ef20e5f6c1bf3e29e8bf9dd4f6e4aebf0698,d6ab8d0c3fe918b7d78a25c40b7b2758
a242992cdc17db03f81f995b3ca7ef20e5f6c1bf3e29e8bf9dd4f6e4aebf0698,519dd7fd31c16605c01209e798305f80
a242992cdc17db03f81f995b3ca7ef20e5f6c1bf3e29e8bf9dd4f6e4aebf0698,cb2e32696ec2eafeb767654c8b0d926a
a242992cdc17db03f81f995b3ca7ef20e5f6c1bf3e29e8bf9dd4f6e4aebf0698,6c885089a675e22fcd0238d7ee69a8cb
a242992cdc17db03f81f995b3ca7ef20e5f6c1bf3e29e8bf9dd4f6e4aebf0698,181aa03bf4c68c757aaad5376adedb91
a242992cdc17db03f81f995b3ca7ef20e5f6c1bf3e29e8bf9dd4f6e4aebf0698,94b6b2e125f5171ed890ffdb64c58fc9
a242992cdc17db03f81f995b3ca7ef20e5f6c1bf3e29e8bf9dd4f6e4aebf0698,1b8a5bf137a53c6058944500fb20c753
a242992cdc17db03f81f995b3ca7ef20e5f6c1bf3e29e8bf9dd4f6e4aebf0698,30aedfe1537e111e1ee788b3a0f648aa
a242992cdc17db03f81f995b3ca7ef20e5f6c1bf3e29e8bf9dd4f6e4aebf0698,50fc923c3e42cbfc1004f8c569c9da45
a242992cdc17db03f81f995b3ca7ef20e5f6c1bf3e29e8bf9dd4f6e4aebf0698,128a0fd3d12f859cc89e7fe21faefd1f
a242992cdc17db03f81f995b3ca7ef20e5f6c1bf3e29e8bf9dd4f6e4aebf0698,3c7502207db4e30ac2519b57a21f9cdc
a242992cdc17db03f81f995b3ca7ef20e5f6c1bf3e29e8bf9dd4f6e4aebf0698,b40dcbb38c738c4f0137a172147aea1e
a242992cdc17db03f81f995b3ca7ef20e5f6c1bf3e29e8bf9dd4f6e4aebf0698,6187496ef0830331af9e022b46ed89ae
a242992cdc17db03f81f995b3ca7ef20e5f6c1bf3e29e8bf9dd4f6e4aebf0698,3d1bfba442cdb0eb3985e1e5cdb2649c
a242992cdc17db03f81f995b3ca7ef20e5f6c1bf3e29e8bf9dd4f6e4aebf0698,ba7f1841062efa2d89bf0864d86aca04
a242992cdc17db03f81f995b3ca7ef20e5f6c1bf3e29e8bf9dd4f6e4aebf0698,7700c8b1d65785b88366856908e3c81d
a242992cdc17db03f81f995b3ca7ef20e5f6c1bf3e29e8bf9dd4f6e4aebf0698,20d0cecc0a665baa2c91ed54949b0fd4
a242992cdc17db03f81f995b3ca7ef20e5f6c1bf3e29e8bf9dd4f6e4aebf0698,33c24c1ed928e0a279f66f1de58358af
a242992cdc17db03f81f995b3ca7ef20e5f6c1bf3e29e8bf9dd4f6e4aebf0698,9bd03ac816c502e0bb657ae656d16a47
a242992cdc17db03f81f995b3ca7ef20e5f6c1bf3e29e8bf9dd4f6e4aebf0698,84137614e2591c3946bc0f503259db88
a242992cdc17db03f81f995b3ca7ef20e5f6c1bf3e29e8bf9dd4f6e4aebf0698,6f2efdc8c59b76688f2b61784527ea0d
a242992cdc17db03f81f995b3ca7ef20e5f6c1bf3e29e8bf9dd4f6e4aebf0698,ace2f6b2aa703ddc761c7b1dcca6f8ea
a242992cdc17db03f81f995b3ca7ef20e5f6c1bf3e29e8bf9dd4f6e4aebf0698,156451c51c4bf50d5f1d41db9838b512
a242992cdc17db03f81f995b3ca7ef20e5f6c1bf3e29e8bf9dd4f6e4aebf0698,d6fa1925bdd340abc9e6127348e7b44c
a242992cdc17db03f81f995b3ca7ef20e5f6c1bf3e29e8bf9dd4f6e4aebf0698,3c846c01b74aae04144edd1c038729d0
a242992cdc17db03f81f995b3ca7ef20e5f6c1bf3e29e8bf9dd4f6e4aebf0698,e85ee04333dc72f9610dc00f6ec76d60
a242992cdc17db03f81f995b3ca7ef20e5f6c1bf3e29e8bf9dd4f6e4aebf0698,beb950aeba8b976db18617b90eda757d
a242992cdc17db03f81f995b3ca7ef20e5f6c1bf3e29e8bf9dd4f6e4aebf0698,7d137f2ca9fd3f034253df0ee6ef00de
a242992cdc17db03f81f995b3ca7ef20e5f6c1bf3e29e8bf9dd4f6e4aebf0698,c1d7ae4e2b7c4b9b57c3df05ee649550
a242992cdc17db03f81f995b3ca7ef20e5f6c1bf3e29e8bf9dd4f6e4aebf0698,c027e6d4ed2527799b6247d69d56b6fe
a242992cdc17db03f81f995b3ca7ef20e5f6c1bf3e29e8bf9dd4f6e4aebf0698,167cf2d6dbdb414eba44e7dcecaf6d0f
a242992cdc17db03f81f995b3ca7ef20e5f6c1bf3e29e8bf9dd4f6e4aebf0698,819cb69d67c3a813dee6e750e6869b34
a242992cdc17db03f81f995b3ca7ef20e5f6c1bf3e29e8bf9dd4f6e4aebf0698,b8472701f21aa83a9ae1154a86bcbf53
a242992cdc17db03f81f995b3ca7ef20e5f6c1bf3e29e8bf9dd4f6e4aebf0698,4acf3cabc3ccd2a289ba4ec0e1271b4a
a242992cdc17db03f81f995b3ca7ef20e5f6c1bf3e29e8bf9dd4f6e4aebf0698,0bef8832bbcf31270a405fceddf3859d
a242992cdc17db03f81f995b3ca7ef20e5f6c1bf3e29e8bf9dd4f6e4aebf0698,fbd1247e093d1db1e56086c908e4c39a
a242992cdc17db03f81f995b3ca7ef20e5f6c1bf3e29e8bf9dd4f6e4aebf0698,ac735ad640883fc970e232f71a8c017b
a242992cdc17db03f81f995b3ca7ef20e5f6c1bf3e29e8bf9dd4f6e4aebf0698,1960ae53648c8c5b967f1c7cfb98ffe1
a242992cdc17db03f81f995b3ca7ef20e5f6c1bf3e29e8bf9dd4f6e4aebf0698,86fc59019d3831f056154b0f1a985958
a242992cdc17db03f81f995b3ca7ef20e5f6c1bf3e29e8bf9dd4f6e4aebf0698,1455eade9ef1f0899e51c3fdfe2f0e01
a242992cdc17db03f81f995b3ca7ef20e5f6c1bf3e29e8bf9dd4f6e4aebf0698,97a0eab43fd7f213a0c00a40e225b2e1
a242992cdc17db03f81f995b3ca7ef20e5f6c1bf3e29e8bf9dd4f6e4aebf0698,42982b622c363d102167ae5a96c6c3ed
a242992cdc17db03f81f995b3ca7ef20e5f6c1bf3e29e8bf9dd4f6e4aebf0698,fe386cbfd4cb88e976bd7edbc86bebbb
a242992cdc17db03f81f995b3ca7ef20e5f6c1bf3e29e8bf9dd4f6e4aebf0698,8e4b7702fd0c85e5e1fc95f3733fbf54
ad12f85d84bba3eb6c2918d98f35c6da0ba5c858d4e0c73c579edbfd27610a90,ea5664b3876b3fe83583ad1cacfc4beb
ad12f85d84bba3eb6c2918d98f35c6da0ba5c858d4e0c73c579edbfd27610a90,4804a9b95a9833db424bd04c2958707e
ad12f85d84bba3eb6c2918d98f35c6da0ba5c858d4e0c73c579edbfd27610a90,770154f1392883adddd75e652b7a7fba
ad12f85d84bba3eb6c2918d98f35c6da0ba5c858d4e0c73c579edbfd27610a90,09710def993929473216222253affadf
ad12f85d84bba3eb6c2918d98f35c6da0ba5c858d4e0c73c579edbfd27610a90,8b8f943a33c4ac7956b363e6457b26b3
ad12f85d84bba3eb6c2918d98f35c6da0ba5c858d4e0c73c579edbfd27610a90,402db504314ae519b9d50d84c28f0540
ad12f85d84bba3eb6c2918d98f35c6da0ba5c858d4e0c73c579edbfd27610a90,9a8fc7d36f2345dbd285e13daca3799b
ad12f85d84bba3eb6c2918d98f35c6da0ba5c858d4e0c73c579edbfd27610a90,9d0e9a589bafbae8697257727e663ecf
ad12f85d84bba3eb6c2918d98f35c6da0ba5c858d4e0c73c579edbfd27610a90,299ab3927d720d6f1c28ffeb369b4c6d
ad12f85d84bba3eb6c2918d98f35c6da0ba5c858d4e0c73c579edbfd27610a90,e98ef79ad82e79c006ef5780e13364ca
ad12f85d84bba3eb6c2918d98f35c6da0ba5c858d4e0c73c579edbfd27610a90,e143955aadbd3152e6d1be33315b03ed
ad12f85d84bba3eb6c2918d98f35c6da0ba5c858d4e0c73c579edbfd27610a90,9a0a8686df751a7252aa295f11a0f75e
ad12f85d84bba3eb6c2918d98f35c6da0ba5c858d4e0c73c579edbfd27610a90,4d14d3a1f704177b06fe26b654e310e0
ad12f85d84bba3eb6c2918d98f35c6da0ba5c858d4e0c73c579edbfd27610a90,a38b78ce4fa5a8af8d61b8e08c0896b7
ad12f85d84bba3eb6c2918d98f35c6da0ba5c858d4e0c73c579edbfd27610a90,f2c0420dfbc9fdac174e5dae758f4754
ad12f85d84bba3eb6c2918d98f35c6da0ba5c858d4e0c73c579edbfd27610a90,a5d7ac4ea6dc48bd562b9396dd13a5d9
ad12f85d84bba3eb6c2918d98f35c6da0ba5c858d4e0c73c579edbfd27610a90,955f924cfa13f0544e54d0071a7f71f9
ad12f85d84bba3eb6c2918d98f35c6da0ba5c858d4e0c73c579edbfd27610a90,ca4c2af8635cf4f6aaaa35a68796f5ac
ad12f85d84bba3eb6c2918d98f35c6da0ba5c858d4e0c73c579edbfd27610a90,1b0c247bad72f463d1dc09a29fa2b457
ad12f85d84bba3eb6c2918d98f35c6da0ba5c858d4e0c73c579edbfd27610a90,2c5607f8c0517055d673897e63f58be6
ad12f85d84bba3eb6c2918d98f35c6da0ba5c858d4e0c73c579edbfd27610a90,1c8fa2d2782a76626ea0a2f673333f65
ad12f85d84bba3eb6c2918d98f35c6da0ba5c858d4e0c73c579edbfd27610a90,5b97907e49a6c1b92fdffefc362bbf86
ad12f85d84bba3eb6c2918d98f35c6da0ba5c858d4e0c73c579edbfd27610a90,cc8d1955721e724bf110683b367f0183
ad12f85d84bba3eb6c2918d98f35c6da0ba5c858d4e0c73c579edbfd27610a90,a8bd297485b3e202c69bf826ae7fcc84
ad12f85d84bba3eb6c2918d98f35c6da0ba5c858d4e0c73c579edbfd27610a90,e45595c1b67b9b8ee56e0f6be0a14c03
ad12f85d84bba3eb6c2918d98f35c6da0ba5c858d4e0c73c579edbfd27610a90,417cf4113f3d47ebc2022e296b965fd5
ad12f85d84bba3eb6c2918d98f35c6da0ba5c858d4e0c73c579edbfd27610a90,17a2ba0c196e8545bff4f2bf462e4fb2
ad12f85d84bba3eb6c2918d98f35c6da0ba5c858d4e0c73c579edbfd27610a90,6c44a0e7bd584f2e8c73ed53739655f3
ad12f85d84bba3eb6c2918d98f35c6da0ba5c858d4e0c73c579edbfd27610a90,2d1bcbe0ecba3872a6c198b0fbf6903c
ad12f85d84bba3eb6c2918d98f35c6da0ba5c858d4e0c73c579edbfd27610a90,db6a94c13d7f16bf40adcb58bc200bb3
ad12f85d84bba3eb6c2918d98f35c6da0ba5c858d4e0c73c579edbfd27610a90,5e19aa26d420df5dce8b6d7849e25d92
ad12f85d84bba3eb6c2918d98f35c6da0ba5c858d4e0c73c579edbfd27610a90,1f21c1ca065f90685e27dd1380e7df5e
ad12f85d84bba3eb6c2918d98f35c6da0ba5c858d4e0c73c579edbfd27610a90,ecb7724c3752a3b600433d1f30255bcf
ad12f85d84bba3eb6c2918d98f35c6da0ba5c858d4e0c73c579edbfd27610a90,883e4a760dab3a81ba745caf6560d720
ad12f85d84bba3eb6c2918d98f35c6da0ba5c858d4e0c73c579edbfd27610a90,271d494eaf5e971010796bce5c0ed8e0
ad12f85d84bba3eb6c2918d98f35c6da0ba5c858d4e0c73c579edbfd27610a90,bc4f833b75c10f91bd199563aa45a56b
ad12f85d84bba3eb6c2918d98f35c6da0ba5c858d4e0c73c579edbfd27610a90,31cdcd44edf78b4b62faa47ffaf9778d
ad12f85d84bba3eb6c2918d98f35c6da0ba5c858d4e0c73c579edbfd27610a90,63b9f8b1663da855ed5dd097317e4391
ad12f85d84bba3eb6c2918d98f35c6da0ba5c858d4e0c73c579edbfd27610a90,1be9c7f5764ba1ef4a9850c76e90a80a
ad12f85d84bba3eb6c2918d98f35c6da0ba5c858d4e0c73c579edbfd27610a90,84a04b1ac99f95cf5a77b198abba5c31
ad12f85d84bba3eb6c2918d98f35c6da0ba5c858d4e0c73c579edbfd27610a90,0aa69dab9d2ca3350ec8cc0b57a838b7
39a36fda65fec5bd4bddaeec2ba5b6e6edcb9b983498e7d371629a245efca98f,d03f5cdd7df2ec531bac8c402ec9aed0
39a36fda65fec5bd4bddaeec2ba5b6e6edcb9b983498e7d371629a245efca98f,606e29dc831b05ae434d4a071a829302
39a36fda65fec5bd4bddaeec2ba5b6e6edcb9b983498e7d371629a245efca98f,45c80c4860c34c05fc331af39e288307
39a36fda65fec5bd4bddaeec2ba5b6e6edcb9b983498e7d371629a245efca98f,a8c364f9ca9e2cd2bc508bf813ef6f4a
39a36fda65fec5bd4bddaeec2ba5b6e6edcb9b983498e7d371629a245efca98f,4a851e64b56dd03ada5e92685def8401
39a36fda65fec5bd4bddaeec2ba5b6e6edcb9b983498e7d371629a245efca98f,4c9b746bb0ce72e3863b76f6c7e8c99e
39a36fda65fec5bd4bddaeec2ba5b6e6edcb9b983498e7d371629a245efca98f,4e8a9b39e35bd3b3da31baa30a2853aa
39a36fda65fec5bd4bddaeec2ba5b6e6edcb9b983498e7d371629a245efca98f,32d9f0311b3082dbbe77c4224431e410
39a36fda65fec5bd4bddaeec2ba5b6e6edcb9b983498e7d371629a245efca98f,ec8b51cbad6d195cd6e7adc0a9f8dea6
39a36fda65fec5bd4bddaeec2ba5b6e6edcb9b983498e7d371629a245efca98f,8395b4ae35b7b0d7c8e9e9c72bdfc8af
39a36fda65fec5bd4bddaeec2ba5b6e6edcb9b983498e7d371629a245efca98f,4a61329044bde1c6a505652ff77e30e1
39a36fda65fec5bd4bddaeec2ba5b6e6edcb9b983498e7d371629a245efca98f,ab3aa91be9bb73ebce25aca54b625db0
39a36fda65fec5bd4bddaeec2ba5b6e6edcb9b983498e7d371629a245efca98f,733a8b1c5beb512098d92b3f609c6473
39a36fda65fec5bd4bddaeec2ba5b6e6edcb9b983498e7d371629a245efca98f,dc3206ef3c536d92ba4eb897d617b076
39a36fda65fec5bd4bddaeec2ba5b6e6edcb9b983498e7d371629a245efca98f,1e4b2120e62353f86aecb74eaac29367
39a36fda65fec5bd4bddaeec2ba5b6e6edcb9b983498e7d371629a245efca98f,604e785bc7af32c824925ffd2ca3d1b9
39a36fda65fec5bd4bddaeec2ba5b6e6edcb9b983498e7d371629a245efca98f,dc44d8b3957fc2db58977c50c96ad718
39a36fda65fec5bd4bddaeec2ba5b6e6edcb9b983498e7d371629a245efca98f,c530bbe8ef352ad71d69862a28b12d86
39a36fda65fec5bd4bddaeec2ba5b6e6edcb9b983498e7d371629a245efca98f,56ded9b16c642fa85f977e4c01b76489
39a36fda65fec5bd4bddaeec2ba5b6e6edcb9b983498e7d371629a245efca98f,49659a41498afbc05a7dd76c07991182
39a36fda65fec5bd4bddaeec2ba5b6e6edcb9b983498e7d371629a245efca98f,32967db61b99957bdbb22f6924f8b6a9
39a36fda65fec5bd4bddaeec2ba5b6e6edcb9b983498e7d371629a245efca98f,3e0244196372910bc0d14617cd3b4dc8
39a36fda65fec5bd4bddaeec2ba5b6e6edcb9b983498e7d371629a245efca98f,44ef5194f75de55876f258eb05390c08
39a36fda65fec5bd4bddaeec2ba5b6e6edcb9b983498e7d371629a245efca98f,af89f64d40122067d4b1837b7f3d0a56
39a36fda65fec5bd4bddaeec2ba5b6e6edcb9b983498e7d371629a245efca98f,20494f36989e16ba08da39054927e41e
39a36fda65fec5bd4bddaeec2ba5b6e6edcb9b983498e7d371629a245efca98f,71cd9bf9a0105309536f8d0f1da60f85
39a36fda65fec5bd4bddaeec2ba5b6e6edcb9b983498e7d371629a245efca98f,ced7f7331b4b7d3deb2d1045386792c4
39a36fda65fec5bd4bddaeec2ba5b6e6edcb9b983498e7d371629a245efca98f,784dd1aa693abb37ef019723b9425c04
39a36fda65fec5bd4bddaeec2ba5b6e6edcb9b983498e7d371629a245efca98f,cd0669b71f05e10166c0ea696d637c6b
39a36fda65fec5bd4bddaeec2ba5b6e6edcb9b983498e7d371629a245efca98f,fefc6d03f066d97bd91f604beeb9b0c5
39a36fda65fec5bd4bddaeec2ba5b6e6edcb9b983498e7d371629a245efca98f,5a1d7f3ad99e80ffa65d43724e808295
39a36fda65fec5bd4bddaeec2ba5b6e6edcb9b983498e7d371629a245efca98f,5f0ed3e0fc08e91f0360550eecfacc12
39a36fda65fec5bd4bddaeec2ba5b6e6edcb9b983498e7d371629a245efca98f,8c6122d09bb3dfa8b5e78bb6f4695e84
39a36fda65fec5bd4bddaeec2ba5b6e6edcb9b983498e7d371629a245efca98f,cd86cffdb89e9747d2647800270ad0e1
39a36fda65fec5bd4bddaeec2ba5b6e6edcb9b983498e7d371629a245efca98f,29ee8cd92acb57dff29930a412322827
39a36fda65fec5bd4bddaeec2ba5b6e6edcb9b983498e7d371629a245efca98f,7ed7123494db1927132db1b30bef4eb6
39a36fda65fec5bd4bddaeec2ba5b6e6edcb9b983498e7d371629a245efca98f,5ae82f83621ef20088b8ea253e27c5f9
39a36fda65fec5bd4bddaeec2ba5b6e6edcb9b983498e7d371629a245efca98f,f5c6538b6a4d9c3b69c5c4f8f0fe3a94
39a36fda65fec5bd4bddaeec2ba5b6e6edcb9b983498e7d371629a245efca98f,f02a303ddb801a8487b63b73ebab7986
39a36fda65fec5bd4bddaeec2ba5b6e6edcb9b983498e7d371629a245efca98f,082324bec281987ea6738752881ca192
39a36fda65fec5bd4bddaeec2ba5b6e6edcb9b983498e7d371629a245efca98f,365b483ff6043536c41e22268a75f17d
39a36fda65fec5bd4bddaeec2ba5b6e6edcb9b983498e7d371629a245efca98f,f8ac21426a9b7f20df4a78f76dec54c7
39a36fda65fec5bd4bddaeec2ba5b6e6edcb9b983498e7d371629a245efca98f,b3c752a02fdb90e9638265f6b82fad57
39a36fda65fec5bd4bddaeec2ba5b6e6edcb9b983498e7d371629a245efca98f,dbec30fd9b790687c42fdee37b626492
39a36fda65fec5bd4bddaeec2ba5b6e6edcb9b983498e7d371629a245efca98f,fa4537e91671d4e654d4f49e1a4dbde9
39a36fda65fec5bd4bddaeec2ba5b6e6edcb9b983498e7d371629a245efca98f,20a8d145da1fa128ef086c3db5514351
39a36fda65fec5bd4bddaeec2ba5b6e6edcb9b983498e7d371629a245efca98f,4f53bd91030f6e3fe009dc3bf1905abb
39a36fda65fec5bd4bddaeec2ba5b6e6edcb9b983498e7d371629a245efca98f,9accbff88b5d06ad15364eface744dfb
39a36fda65fec5bd4bddaeec2ba5b6e6edcb9b983498e7d371629a245efca98f,1776a41d512cde8bd9167ae2ea8c07de
39a36fda65fec5bd4bddaeec2ba5b6e6edcb9b983498e7d371629a245efca98f,7a977f950b3990d59dab94d071dede17
39a36fda65fec5bd4bddaeec2ba5b6e6edcb9b983498e7d371629a245efca98f,ab657088d6f70d677e7b641bf16cdc3e
39a36fda65fec5bd4bddaeec2ba5b6e6edcb9b983498e7d371629a245efca98f,8d1832de323af36eba2a794263b13815
39a36fda65fec5bd4bddaeec2ba5b6e6edcb9b983498e7d371629a245efca98f,0e4c202f62d89a04f1c14b188efbadbe
1c7049a0f15e1b4925f56f47ea115546f4abee58bb23d2cde436490576707e21,584ee0756db687005252001e9583490b
1c7049a0f15e1b4925f56f47ea115546f4abee58bb23d2cde436490576707e21,e2122cb53136cc33568916ec2acb455b
1c7049a0f15e1b4925f56f47ea115546f4abee58bb23d2cde436490576707e21,fcf68a57bdef4c656ecd8e95d0380684
1c7049a0f15e1b4925f56f47ea115546f4abee58bb23d2cde436490576707e21,566d00434dc78bc25c86bf14d96f05a2
1c7049a0f15e1b4925f56f47ea115546f4abee58bb23d2cde436490576707e21,471afd6c347ef9a7159e0cc77b9f8acc
1c7049a0f15e1b4925f56f47ea115546f4abee58bb23d2cde436490576707e21,2d31d256f6b86b150b200f34d6eb68c6
1c7049a0f15e1b4925f56f47ea115546f4abee58bb23d2cde436490576707e21,efe313b1b9e39f9776493d20bf53b677
1c7049a0f15e1b4925f56f47ea115546f4abee58bb23d2cde436490576707e21,66dcda70eb4b6b781be11a9f8fecb5d5
1c7049a0f15e1b4925f56f47ea115546f4abee58bb23d2cde436490576707e21,ea155c9dff82d4fd8fafe9e4990462d5
1c7049a0f15e1b4925f56f47ea115546f4abee58bb23d2cde436490576707e21,1f7d269b27dd8559baecc05f47cb30c2
1c7049a0f15e1b4925f56f47ea115546f4abee58bb23d2cde436490576707e21,d145b255a9ebd1a33f9b09d46d8ba29b
1c7049a0f15e1b4925f56f47ea115546f4abee58bb23d2cde436490576707e21,e49fdc506adccd21651f81fd765705cd
1c7049a0f15e1b4925f56f47ea115546f4abee58bb23d2cde436490576707e21,f57421f63f81757fc13e33478b4293e9
1c7049a0f15e1b4925f56f47ea115546f4abee58bb23d2cde436490576707e21,cf2f14c94fdd9af222714229497f6646
1c7049a0f15e1b4925f56f47ea115546f4abee58bb23d2cde436490576707e21,83653c467b5af0a14e36d12a8686f5ee
1c7049a0f15e1b4925f56f47ea115546f4abee58bb23d2cde436490576707e21,8dcd91d91b70f7258b75bdcf0686c980
1c7049a0f15e1b4925f56f47ea115546f4abee58bb23d2cde436490576707e21,0097af8c1de1109ef25739d1585b5fa5
1c7049a0f15e1b4925f56f47ea115546f4abee58bb23d2cde436490576707e21,d188dce6d6ae768b3f07786240863b4f
1c7049a0f15e1b4925f56f47ea115546f4abee58bb23d2cde436490576707e21,00f4332584528754f0d68ffd5d25d3de
1c7049a0f15e1b4925f56f47ea115546f4abee58bb23d2cde436490576707e21,d781d7796e53bcb25226c4c036c6854c
1c7049a0f15e1b4925f56f47ea115546f4abee58bb23d2cde436490576707e21,30b0c8734676daceaa83f26ae0f9be10
1c7049a0f15e1b4925f56f47ea115546f4abee58bb23d2cde436490576707e21,4c25a54efd2fe35319379718f4f37bb8
1c7049a0f15e1b4925f56f47ea115546f4abee58bb23d2cde436490576707e21,575f6dfecbfbc46318f48fb6ac7bd1c2
1c7049a0f15e1b4925f56f47ea115546f4abee58bb23d2cde436490576707e21,8e9e181204f45188a6de9993b0da2406
1c7049a0f15e1b4925f56f47ea115546f4abee58bb23d2cde436490576707e21,dca1007f0d2027046a2db6b43d1194bd
1c7049a0f15e1b4925f56f47ea115546f4abee58bb23d2cde436490576707e21,8f07544f55d0f36500834d0a00b6f40c
1c7049a0f15e1b4925f56f47ea115546f4abee58bb23d2cde436490576707e21,952ac0c444773a3946ff6725c5b790e5
1c7049a0f15e1b4925f56f47ea115546f4abee58bb23d2cde436490576707e21,067bbde51619eb734a4a57ba1fda8607
1c7049a0f15e1b4925f56f47ea115546f4abee58bb23d2cde436490576707e21,6cf53bcb78d470c5005faa5d9ff4d4d1
1c7049a0f15e1b4925f56f47ea115546f4abee58bb23d2cde436490576707e21,0fa0e378e8f696c091beb4d432f9c798
1c7049a0f15e1b4925f56f47ea115546f4abee58bb23d2cde436490576707e21,a59714149bc30f5387877b24d958efc6
1c7049a0f15e1b4925f56f47ea115546f4abee58bb23d2cde436490576707e21,ca92091628f05772155b5092b8fd84dd
1c7049a0f15e1b4925f56f47ea115546f4abee58bb23d2cde436490576707e21,e17aa85d20f8c9cda885c112bc2f15d0
1c7049a0f15e1b4925f56f47ea115546f4abee58bb23d2cde436490576707e21,0849019503c6cb788f89b6802963d5c0
1c7049a0f15e1b4925f56f47ea115546f4abee58bb23d2cde436490576707e21,5487f70c78128f3615da2ba4f9f0a52a
1c7049a0f15e1b4925f56f47ea115546f4abee58bb23d2cde436490576707e21,341b54e141855879106e2d2c29e83304
1c7049a0f15e1b4925f56f47ea115546f4abee58bb23d2cde436490576707e21,243e134994517e9042c75023a1d40206
1c7049a0f15e1b4925f56f47ea115546f4abee58bb23d2cde436490576707e21,784ac192b2163d950ae77a9faff07717
1c7049a0f15e1b4925f56f47ea115546f4abee58bb23d2cde436490576707e21,8043453c4ccf7611907ab6739857816a
1c7049a0f15e1b4925f56f47ea115546f4abee58bb23d2cde436490576707e21,834836499427c54be838056b162e5dd7
1c7049a0f15e1b4925f56f47ea115546f4abee58bb23d2cde436490576707e21,09448e7c37dedefa82a3de8a1c3c5c2c
1c7049a0f15e1b4925f56f47ea115546f4abee58bb23d2cde436490576707e21,bda98974d0f861c4042526503be2dde8
1c7049a0f15e1b4925f56f47ea115546f4abee58bb23d2cde436490576707e21,f5d95802d62155bef22a90fad735ead4
1c7049a0f15e1b4925f56f47ea115546f4abee58bb23d2cde436490576707e21,cbefc99cfe73c3197110648bd7cbb567
1c7049a0f15e1b4925f56f47ea115546f4abee58bb23d2cde436490576707e21,5e6981542321c09e5a8e4f26f7584821
1c7049a0f15e1b4925f56f47ea115546f4abee58bb23d2cde436490576707e21,ee2fe68f41ca0f708e95d00a98b444e8
1c7049a0f15e1b4925f56f47ea115546f4abee58bb23d2cde436490576707e21,1dfc42adf098910d3896f63958ae31a8
1c7049a0f15e1b4925f56f47ea115546f4abee58bb23d2cde436490576707e21,2beaa17f090d86f1479efdc66750a2d8
1c7049a0f15e1b4925f56f47ea115546f4abee58bb23d2cde436490576707e21,990c9325c3aabcda48310227c12ed334
1c7049a0f15e1b4925f56f47ea115546f4abee58bb23d2cde436490576707e21,beef0e812c6347920fad258f55f05bae
e78a7a91d2799e02704dae20e4bf279c3f7d1aa9c0e582a962df8ceb32cbe3f4,7d3ec9a5ad32fa8cbb80d646a4c06dbe
e78a7a91d2799e02704dae20e4bf279c3f7d1aa9c0e582a962df8ceb32cbe3f4,c89b6b15482c0f283c421889f8273ef4
e78a7a91d2799e02704dae20e4bf279c3f7d1aa9c0e582a962df8ceb32cbe3f4,16d2b252a210db43a30a69a6793fc784
e78a7a91d2799e02704dae20e4bf279c3f7d1aa9c0e582a962df8ceb32cbe3f4,8401caa87d4cc88f110f7465185c9891
e78a7a91d2799e02704dae20e4bf279c3f7d1aa9c0e582a962df8ceb32cbe3f4,7fb3ecdebada79c25c6d39b1b28bce1f
e78a7a91d2799e02704dae20e4bf279c3f7d1aa9c0e582a962df8ceb32cbe3f4,ea140a2cecbadad54856e5946c314ebd
e78a7a91d2799e02704dae20e4bf279c3f7d1aa9c0e582a962df8ceb32cbe3f4,2ccfbd635d84afcf9eb09618a4e0d262
e78a7a91d2799e02704dae20e4bf279c3f7d1aa9c0e582a962df8ceb32cbe3f4,77b199e93dc8dbd74c48a46755368167
e78a7a91d2799e02704dae20e4bf279c3f7d1aa9c0e582a962df8ceb32cbe3f4,415499b66dfae110164cc58ffa684814
e78a7a91d2799e02704dae20e4bf279c3f7d1aa9c0e582a962df8ceb32cbe3f4,1de6c87080ef73049edf295870694bb0
e78a7a91d2799e02704dae20e4bf279c3f7d1aa9c0e582a962df8ceb32cbe3f4,54e7385d04e07c3f00ae9edd344e4706
e78a7a91d2799e02704dae20e4bf279c3f7d1aa9c0e582a962df8ceb32cbe3f4,ba38a047a7704ea988d52d390769fe5d
e78a7a91d2799e02704dae20e4bf279c3f7d1aa9c0e582a962df8ceb32cbe3f4,79bb499123889ad0a7a554067cf979e6
e78a7a91d2799e02704dae20e4bf279c3f7d1aa9c0e582a962df8ceb32cbe3f4,a8a60ab2376fe55a4811a46a095c0ebb
e78a7a91d2799e02704dae20e4bf279c3f7d1aa9c0e582a962df8ceb32cbe3f4,62545b13e5a57df99ca8e2c820cd9e5b
e78a7a91d2799e02704dae20e4bf279c3f7d1aa9c0e582a962df8ceb32cbe3f4,9f50178259c860a042c1978506c08870
e78a7a91d2799e02704dae20e4bf279c3f7d1aa9c0e582a962df8ceb32cbe3f4,13d069d344506f42557794d9793266e9
e78a7a91d2799e02704dae20e4bf279c3f7d1aa9c0e582a962df8ceb32cbe3f4,8dad060dbb7d543ab4f096d44392ff62
e78a7a91d2799e02704dae20e4bf279c3f7d1aa9c0e582a962df8ceb32cbe3f4,3a35a2fe83e896d70c1b7feb9bd63d8a
e78a7a91d2799e02704dae20e4bf279c3f7d1aa9c0e582a962df8ceb32cbe3f4,545e78bebae694e03856f1a7c06ef4e0
e78a7a91d2799e02704dae20e4bf279c3f7d1aa9c0e582a962df8ceb32cbe3f4,5e438be49af1823011f105cca098db44
e78a7a91d2799e02704dae20e4bf279c3f7d1aa9c0e582a962df8ceb32cbe3f4,58e5db3279703bc171fc32da593df1e4
e78a7a91d2799e02704dae20e4bf279c3f7d1aa9c0e582a962df8ceb32cbe3f4,3d573a344a0629d0b1fea3187f1ba510
e78a7a91d2799e02704dae20e4bf279c3f7d1aa9c0e582a962df8ceb32cbe3f4,0654e5c879b5b486da550322d70a3d9c
e78a7a91d2799e02704dae20e4bf279c3f7d1aa9c0e582a962df8ceb32cbe3f4,3cfef8c5c68d4358ab55844da179f42b
e78a7a91d2799e02704dae20e4bf279c3f7d1aa9c0e582a962df8ceb32cbe3f4,ddda1b809ad4c71fc270d91630fe663b
e78a7a91d2799e02704dae20e4bf279c3f7d1aa9c0e582a962df8ceb32cbe3f4,15d4c28cb5d617d79748bc82baf50864
e78a7a91d2799e02704dae20e4bf279c3f7d1aa9c0e582a962df8ceb32cbe3f4,82560671979c6357c64893ae0fcd94a9
e78a7a91d2799e02704dae20e4bf279c3f7d1aa9c0e582a962df8ceb32cbe3f4,4b58cca95e14d10bb06e5588cc511517
e78a7a91d2799e02704dae20e4bf279c3f7d1aa9c0e582a962df8ceb32cbe3f4,1bb4c1c2d29c4a37e3f692dc3fad29c7
5ef637feb0a522e31843b12de10bce8e6e0fa03dbbf8b6a9b7c2c42ffbf1cd0f,ba1e67e11e0b8ebfeaa2ef652733c523
5ef637feb0a522e31843b12de10bce8e6e0fa03dbbf8b6a9b7c2c42ffbf1cd0f,197e898da19e86419318daa17f05b52a
5ef637feb0a522e31843b12de10bce8e6e0fa03dbbf8b6a9b7c2c42ffbf1cd0f,dceff2c5de8153daf96f8dfcf5036732
5ef637feb0a522e31843b12de10bce8e6e0fa03dbbf8b6a9b7c2c42ffbf1cd0f,cdb1226f087a8d4b5c9e7713ff379408
5ef637feb0a522e31843b12de10bce8e6e0fa03dbbf8b6a9b7c2c42ffbf1cd0f,415173742e8e84e17de4b97d17082cd3
5ef637feb0a522e31843b12de10bce8e6e0fa03dbbf8b6a9b7c2c42ffbf1cd0f,1235191a434d9c8507bc75f37c542494
5ef637feb0a522e31843b12de10bce8e6e0fa03dbbf8b6a9b7c2c42ffbf1cd0f,63bdbf16b5986aaa603109de3835b342
5ef637feb0a522e31843b12de10bce8e6e0fa03dbbf8b6a9b7c2c42ffbf1cd0f,9738356811ba2cd7f7366e64f8ae453c
5ef637feb0a522e31843b12de10bce8e6e0fa03dbbf8b6a9b7c2c42ffbf1cd0f,f2ba2a5b4daa822d2a52f2ed0fed34c9
5ef637feb0a522e31843b12de10bce8e6e0fa03dbbf8b6a9b7c2c42ffbf1cd0f,87ae475c5788e3bf067460bcee29d2ac
5ef637feb0a522e31843b12de10bce8e6e0fa03dbbf8b6a9b7c2c42ffbf1cd0f,75169bc6eeea6ec4a0b3ea0b28c72181
5ef637feb0a522e31843b12de10bce8e6e0fa03dbbf8b6a9b7c2c42ffbf1cd0f,403fe0319e92a7dc5edc949824aaa0f4
5ef637feb0a522e31843b12de10bce8e6e0fa03dbbf8b6a9b7c2c42ffbf1cd0f,2b29bb98abf7e07f7375c633341b771c
5ef637feb0a522e31843b12de10bce8e6e0fa03dbbf8b6a9b7c2c42ffbf1cd0f,df9cd7c2e614e1ed11db1c4433265db0
5ef637feb0a522e31843b12de10bce8e6e0fa03dbbf8b6a9b7c2c42ffbf1cd0f,f6d8f0a56585879edb4f836c89a89b51
5ef637feb0a522e31843b12de10bce8e6e0fa03dbbf8b6a9b7c2c42ffbf1cd0f,d4ea779052c52f1219633e8eb2c1522e
5ef637feb0a522e31843b12de10bce8e6e0fa03dbbf8b6a9b7c2c42ffbf1cd0f,08139f53060aca692fba93f96031acf5
5ef637feb0a522e31843b12de10bce8e6e0fa03dbbf8b6a9b7c2c42ffbf1cd0f,9c670cfc8745a2564a825eb04a1bd394
5ef637feb0a522e31843b12de10bce8e6e0fa03dbbf8b6a9b7c2c42ffbf1cd0f,923e57037ae6be89ae67a8039c6ee526
5ef637feb0a522e31843b12de10bce8e6e0fa03dbbf8b6a9b7c2c42ffbf1cd0f,58473a30d9cafd6bde50457b44324620
5ef637feb0a522e31843b12de10bce8e6e0fa03dbbf8b6a9b7c2c42ffbf1cd0f,523b6e30f9d435ffe3240ddb3aa8eacb
5ef637feb0a522e31843b12de10bce8e6e0fa03dbbf8b6a9b7c2c42ffbf1cd0f,a5d275cad4c01497f928725a38661c37
5ef637feb0a522e31843b12de10bce8e6e0fa03dbbf8b6a9b7c2c42ffbf1cd0f,d457464f02c4ae70bf7a20e8eb2c0201
5ef637feb0a522e31843b12de10bce8e6e0fa03dbbf8b6a9b7c2c42ffbf1cd0f,e4994c2fd5204d4150886195faafe46c
5ef637feb0a522e31843b12de10bce8e6e0fa03dbbf8b6a9b7c2c42ffbf1cd0f,67cd0abff9e28039e9c56dab03bcaca1
5ef637feb0a522e31843b12de10bce8e6e0fa03dbbf8b6a9b7c2c42ffbf1cd0f,c5fbebb84147630278e637879b2e8330
5ef637feb0a522e31843b12de10bce8e6e0fa03dbbf8b6a9b7c2c42ffbf1cd0f,76f2846de425c9c69a90f3415065591a
5ef637feb0a522e31843b12de10bce8e6e0fa03dbbf8b6a9b7c2c42ffbf1cd0f,e602ac0d80ba39721b21ed0ce8cf0f65
5ef637feb0a522e31843b12de10bce8e6e0fa03dbbf8b6a9b7c2c42ffbf1cd0f,d29d85da125ab8d37100d2977ae6047b
5ef637feb0a522e31843b12de10bce8e6e0fa03dbbf8b6a9b7c2c42ffbf1cd0f,9e42458b5d9f6fe9453f4547e04e1256
5ef637feb0a522e31843b12de10bce8e6e0fa03dbbf8b6a9b7c2c42ffbf1cd0f,b0ce043a121b888ea6d2b845b147980c
5ef637feb0a522e31843b12de10bce8e6e0fa03dbbf8b6a9b7c2c42ffbf1cd0f,c4de5cfd579fc72da33eaf3058780041
5ef637feb0a522e31843b12de10bce8e6e0fa03dbbf8b6a9b7c2c42ffbf1cd0f,1949ba6281ef1b90dc9617876385ed97
5ef637feb0a522e31843b12de10bce8e6e0fa03dbbf8b6a9b7c2c42ffbf1cd0f,05c08bfa2f2ddf124226c663ee500cb1
5ef637feb0a522e31843b12de10bce8e6e0fa03dbbf8b6a9b7c2c42ffbf1cd0f,ecb944a1b1e6f28dae711625b2eb72a7
5ef637feb0a522e31843b12de10bce8e6e0fa03dbbf8b6a9b7c2c42ffbf1cd0f,2da127c838246799ade0873f8518e32a
5ef637feb0a522e31843b12de10bce8e6e0fa03dbbf8b6a9b7c2c42ffbf1cd0f,6e533616a5858c45e3ddcd87dba10823
5ef637feb0a522e31843b12de10bce8e6e0fa03dbbf8b6a9b7c2c42ffbf1cd0f,66a9fafb7558cebdc17c772523649ef6
5ef637feb0a522e31843b12de10bce8e6e0fa03dbbf8b6a9b7c2c42ffbf1cd0f,2e18f7a026036b88fa4698158c253fd8
5ef637feb0a522e31843b12de10bce8e6e0fa03dbbf8b6a9b7c2c42ffbf1cd0f,de0f46967dbeac7325957d6c45c8fa64
5ef637feb0a522e31843b12de10bce8e6e0fa03dbbf8b6a9b7c2c42ffbf1cd0f,59509c3b75852b9f582a525bbcf5e47d
5ef637feb0a522e31843b12de10bce8e6e0fa03dbbf8b6a9b7c2c42ffbf1cd0f,bf74c147a6d19d6b1b25e102e4fa394d
5ef637feb0a522e31843b12de10bce8e6e0fa03dbbf8b6a9b7c2c42ffbf1cd0f,aa2ec790532c341d43a6f5984e97b141
5ef637feb0a522e31843b12de10bce8e6e0fa03dbbf8b6a9b7c2c42ffbf1cd0f,f6fb3b76d8809ba8778812674e33cbb0
5ef637feb0a522e31843b12de10bce8e6e0fa03dbbf8b6a9b7c2c42ffbf1cd0f,665ea83b1e275daff0ed1b26031ec7f8
5ef637feb0a522e31843b12de10bce8e6e0fa03dbbf8b6a9b7c2c42ffbf1cd0f,c64577a241fd7758cd613f9d74c967c7
5ef637feb0a522e31843b12de10bce8e6e0fa03dbbf8b6a9b7c2c42ffbf1cd0f,5b7eb2249fa2d6deef26edb8d023bafc
5ef637feb0a522e31843b12de10bce8e6e0fa03dbbf8b6a9b7c2c42ffbf1cd0f,4c8b10372712e4bf31f6892eee618a57
5ef637feb0a522e31843b12de10bce8e6e0fa03dbbf8b6a9b7c2c42ffbf1cd0f,62acda15e69cb9f6fe11391ea41d7536
5ef637feb0a522e31843b12de10bce8e6e0fa03dbbf8b6a9b7c2c42ffbf1cd0f,db2e68b9eb858a095f0f38ce9d1ca4da
a708d2b48027d4954b7217bca22d966f2dca619021442c856d57a55c5fc689ef,b3fbe2cb83af300df2b6271f03c3bd17
a708d2b48027d4954b7217bca22d966f2dca619021442c856d57a55c5fc689ef,de8f60ebfc9321ad3ffcb2331d04ca17
a708d2b48027d4954b7217bca22d966f2dca619021442c856d57a55c5fc689ef,47345779b309be89164e8309bb9bf3e0
a708d2b48027d4954b7217bca22d966f2dca619021442c856d57a55c5fc689ef,88a83de5fb27c75f9f6c4921179b88e0
a708d2b48027d4954b7217bca22d966f2dca619021442c856d57a55c5fc689ef,bb82d3ec8bb74d089e0976d025f1252d
a708d2b48027d4954b7217bca22d966f2dca619021442c856d57a55c5fc689ef,abed95f959ddc10a0a2ed763e6435997
a708d2b48027d4954b7217bca22d966f2dca619021442c856d57a55c5fc689ef,b4d7790dbadcd1835f7ec2fd83087d15
a708d2b48027d4954b7217bca22d966f2dca619021442c856d57a55c5fc689ef,ba9693ab674c022a10f87530952a13ac
a708d2b48027d4954b7217bca22d966f2dca619021442c856d57a55c5fc689ef,0d1fc1520d739463f75c284977256b21
a708d2b48027d4954b7217bca22d966f2dca619021442c856d57a55c5fc689ef,64ae790daf1c3facb66cd1e515e93222
a708d2b48027d4954b7217bca22d966f2dca619021442c856d57a55c5fc689ef,247e3e75e44d6c498dbe92f936633340
a708d2b48027d4954b7217bca22d966f2dca619021442c856d57a55c5fc689ef,84ebd30245901bd9cbb1b837f3b6436e
a708d2b48027d4954b7217bca22d966f2dca619021442c856d57a55c5fc689ef,5e0c155973300d7897b7d04b157a8300
a708d2b48027d4954b7217bca22d966f2dca619021442c856d57a55c5fc689ef,f15dc3571a1bddbe6bfe415ab93d04a6
a708d2b48027d4954b7217bca22d966f2dca619021442c856d57a55c5fc689ef,343999c813cf73d4e75e5e179eca83a7
a708d2b48027d4954b7217bca22d966f2dca619021442c856d57a55c5fc689ef,07e195127333ebe05eff95e4b73041f3
a708d2b48027d4954b7217bca22d966f2dca619021442c856d57a55c5fc689ef,7d53c4937452dfb73be8c9126d0e1fc9
a708d2b48027d4954b7217bca22d966f2dca619021442c856d57a55c5fc689ef,9604266dfa7e064f772f181933228d18
a708d2b48027d4954b7217bca22d966f2dca619021442c856d57a55c5fc689ef,b7223105f11eb20ecf8150a3be564765
a708d2b48027d4954b7217bca22d966f2dca619021442c856d57a55c5fc689ef,98489ac3a724863690f57808d1538c72
a708d2b48027d4954b7217bca22d966f2dca619021442c856d57a55c5fc689ef,c73e3c39c9aa47ebd85d01c5ae373530
a708d2b48027d4954b7217bca22d966f2dca619021442c856d57a55c5fc689ef,73a9dbd3ff9d27f1036f98384d8fc5bd
a708d2b48027d4954b7217bca22d966f2dca619021442c856d57a55c5fc689ef,ba496bb52ac91caf53703daf2b4cd6d1
a708d2b48027d4954b7217bca22d966f2dca619021442c856d57a55c5fc689ef,a8196f9eaf536ba39bb81a7fe7fa54c8
a708d2b48027d4954b7217bca22d966f2dca619021442c856d57a55c5fc689ef,bac7156d18b539a798e8b6db4a785ef5
a708d2b48027d4954b7217bca22d966f2dca619021442c856d57a55c5fc689ef,424ae658cfccf800051a796a7d817236
a708d2b48027d4954b7217bca22d966f2dca619021442c856d57a55c5fc689ef,7f6126373b37d05ddb0a88a6bc719c3f
a708d2b48027d4954b7217bca22d966f2dca619021442c856d57a55c5fc689ef,86b00a9d67bfdb99f3e098c504e67bb5
a708d2b48027d4954b7217bca22d966f2dca619021442c856d57a55c5fc689ef,97887a257bf0524133031665a9b702fc
a708d2b48027d4954b7217bca22d966f2dca619021442c856d57a55c5fc689ef,2d11e8e86d39d902ae62fa17fba0943a
19c783d563fe60cb0ba15a7320423ad7b4eded5345a724e443a5bb34a7c58d2c,ed15e6de9296d8cce34dc174cc8b8fe0
19c783d563fe60cb0ba15a7320423ad7b4eded5345a724e443a5bb34a7c58d2c,dd35d316be5e878ae866ab56e8770328
19c783d563fe60cb0ba15a7320423ad7b4eded5345a724e443a5bb34a7c58d2c,136e37d4f02ac49876283c116ca196b2
19c783d563fe60cb0ba15a7320423ad7b4eded5345a724e443a5bb34a7c58d2c,01865a83f58b993e245ca07171fa4f02
19c783d563fe60cb0ba15a7320423ad7b4eded5345a724e443a5bb34a7c58d2c,16e26b85a918577a042d09b3bf453d64
19c783d563fe60cb0ba15a7320423ad7b4eded5345a724e443a5bb34a7c58d2c,39336f670c79aaaa006261c250d50409
19c783d563fe60cb0ba15a7320423ad7b4eded5345a724e443a5bb34a7c58d2c,e00f482573a0becb288ddda8dac82af1
19c783d563fe60cb0ba15a7320423ad7b4eded5345a724e443a5bb34a7c58d2c,911f1094fa0878ed4da532db36c0c280
19c783d563fe60cb0ba15a7320423ad7b4eded5345a724e443a5bb34a7c58d2c,dfe60d262829686d637dc4920c6d851e
19c783d563fe60cb0ba15a7320423ad7b4eded5345a724e443a5bb34a7c58d2c,69d2a276cdec8d6403a0b71b366c1a7a
19c783d563fe60cb0ba15a7320423ad7b4eded5345a724e443a5bb34a7c58d2c,4c6a82797e87f3f7b61a0737478e3524
19c783d563fe60cb0ba15a7320423ad7b4eded5345a724e443a5bb34a7c58d2c,f8985745e2476cba3a21f660a227dc16
19c783d563fe60cb0ba15a7320423ad7b4eded5345a724e443a5bb34a7c58d2c,8401caa87d4cc88f110f7465185c9891
19c783d563fe60cb0ba15a7320423ad7b4eded5345a724e443a5bb34a7c58d2c,8b6802661891c703bf904ae9858e8a13
19c783d563fe60cb0ba15a7320423ad7b4eded5345a724e443a5bb34a7c58d2c,860cc9ecf3e9f25f0af51014142fd08f
19c783d563fe60cb0ba15a7320423ad7b4eded5345a724e443a5bb34a7c58d2c,64ae790daf1c3facb66cd1e515e93222
19c783d563fe60cb0ba15a7320423ad7b4eded5345a724e443a5bb34a7c58d2c,13f0a62d5847b4844c2e2a607dc4992e
19c783d563fe60cb0ba15a7320423ad7b4eded5345a724e443a5bb34a7c58d2c,03a9f9c6625d781153845b28d78b6ff8
19c783d563fe60cb0ba15a7320423ad7b4eded5345a724e443a5bb34a7c58d2c,9e37b0029eafb9613b0bef0cad9b6682
19c783d563fe60cb0ba15a7320423ad7b4eded5345a724e443a5bb34a7c58d2c,079dfd4aeab613d9c4b979fd9a6e4391
19c783d563fe60cb0ba15a7320423ad7b4eded5345a724e443a5bb34a7c58d2c,314b5f61019a8228ebfce8b72e5f302f
19c783d563fe60cb0ba15a7320423ad7b4eded5345a724e443a5bb34a7c58d2c,f6ac049ed4b5b74c4b644e6a5f761ac4
19c783d563fe60cb0ba15a7320423ad7b4eded5345a724e443a5bb34a7c58d2c,95c2a448f8d2a732959c126e035d81cf
19c783d563fe60cb0ba15a7320423ad7b4eded5345a724e443a5bb34a7c58d2c,058b9cb93b4f039dc1e9b4d6d7ba5472
19c783d563fe60cb0ba15a7320423ad7b4eded5345a724e443a5bb34a7c58d2c,cce1fc8080e2b6c75014324ec180f7f4
19c783d563fe60cb0ba15a7320423ad7b4eded5345a724e443a5bb34a7c58d2c,5ea524fcf1ad70761ef0e45da310111e
19c783d563fe60cb0ba15a7320423ad7b4eded5345a724e443a5bb34a7c58d2c,89169b5f5ee598b9addff4b735b2abcf
19c783d563fe60cb0ba15a7320423ad7b4eded5345a724e443a5bb34a7c58d2c,4a8d9dac6e18aa72bf536aa2851d7e52
19c783d563fe60cb0ba15a7320423ad7b4eded5345a724e443a5bb34a7c58d2c,423301e9df37760269100e870b03e598
19c783d563fe60cb0ba15a7320423ad7b4eded5345a724e443a5bb34a7c58d2c,73c33ed43d8d283b5f69fe635b5f85df
19c783d563fe60cb0ba15a7320423ad7b4eded5345a724e443a5bb34a7c58d2c,32769d7326c40f822fb64a161094fb14
19c783d563fe60cb0ba15a7320423ad7b4eded5345a724e443a5bb34a7c58d2c,aa5228c9de3fdc96085b99b5ef7199b5
19c783d563fe60cb0ba15a7320423ad7b4eded5345a724e443a5bb34a7c58d2c,87d9175d360f6fb654695ffcf81ee04d
19c783d563fe60cb0ba15a7320423ad7b4eded5345a724e443a5bb34a7c58d2c,c5e634db17ba5ad22f6f43063404d511
19c783d563fe60cb0ba15a7320423ad7b4eded5345a724e443a5bb34a7c58d2c,1c3dda2f86f980207e7af751fb0d9f84
19c783d563fe60cb0ba15a7320423ad7b4eded5345a724e443a5bb34a7c58d2c,d7a11a45483740cb05e9811c6107ed93
19c783d563fe60cb0ba15a7320423ad7b4eded5345a724e443a5bb34a7c58d2c,43c2aa17f6281a6acef503d2bd3b4b9d
19c783d563fe60cb0ba15a7320423ad7b4eded5345a724e443a5bb34a7c58d2c,1dfc42adf098910d3896f63958ae31a8
19c783d563fe60cb0ba15a7320423ad7b4eded5345a724e443a5bb34a7c58d2c,1f87190ed4c9fdd29f91d4f3aa533908
19c783d563fe60cb0ba15a7320423ad7b4eded5345a724e443a5bb34a7c58d2c,73245d6d18177c0ee11b7ed411a92a72
19c783d563fe60cb0ba15a7320423ad7b4eded5345a724e443a5bb34a7c58d2c,e27cd5e46c515c8a162fb3688e66d315
19c783d563fe60cb0ba15a7320423ad7b4eded5345a724e443a5bb34a7c58d2c,348841741fd8a410971235a59ea4d3f6
19c783d563fe60cb0ba15a7320423ad7b4eded5345a724e443a5bb34a7c58d2c,e7876fab49c9661593244fe86b106311
19c783d563fe60cb0ba15a7320423ad7b4eded5345a724e443a5bb34a7c58d2c,82340113dfb563a8352f94424a73e65e
19c783d563fe60cb0ba15a7320423ad7b4eded5345a724e443a5bb34a7c58d2c,0dfaa9fe437b77b520895374a387ae6b
19c783d563fe60cb0ba15a7320423ad7b4eded5345a724e443a5bb34a7c58d2c,8be89d5b8b0f09ba88dd9a0f35e8090b
19c783d563fe60cb0ba15a7320423ad7b4eded5345a724e443a5bb34a7c58d2c,9afb1eba7b443ed4037d7788332703c1
19c783d563fe60cb0ba15a7320423ad7b4eded5345a724e443a5bb34a7c58d2c,31d9b629796409fa129c7ad112ac76a6
19c783d563fe60cb0ba15a7320423ad7b4eded5345a724e443a5bb34a7c58d2c,61644b6ae04acf8054e2b71954967448
19c783d563fe60cb0ba15a7320423ad7b4eded5345a724e443a5bb34a7c58d2c,8db6f8c2c23ba6f21dbaa12c46825ce0
e599afe492c4575f6f85e0a5354febc2d24383576f152cdc147b72e7648e5729,00a44ebfc250f3663c212b4a59a3ead3
e599afe492c4575f6f85e0a5354febc2d24383576f152cdc147b72e7648e5729,f98715bf0b2e26f7658ea4607a9587bd
e599afe492c4575f6f85e0a5354febc2d24383576f152cdc147b72e7648e5729,3f358dd847b2cd5d8a9707e04167257d
e599afe492c4575f6f85e0a5354febc2d24383576f152cdc147b72e7648e5729,b2c4c9183a9297a7c34581bbd1738c19
e599afe492c4575f6f85e0a5354febc2d24383576f152cdc147b72e7648e5729,141eb1019ab0ae88f406586bba0e50aa
e599afe492c4575f6f85e0a5354febc2d24383576f152cdc147b72e7648e5729,73b61640e5af033c4f7fbf083bc472fd
e599afe492c4575f6f85e0a5354febc2d24383576f152cdc147b72e7648e5729,bf992336f616af653c62170ad875d36c
e599afe492c4575f6f85e0a5354febc2d24383576f152cdc147b72e7648e5729,37a0349ee6b2bfe0fdeecdb8b77ded9e
e599afe492c4575f6f85e0a5354febc2d24383576f152cdc147b72e7648e5729,da387519d4bc58381a0d2dfd5480a116
e599afe492c4575f6f85e0a5354febc2d24383576f152cdc147b72e7648e5729,29ce50d3cf45f6d464253941c96a8ff8
e599afe492c4575f6f85e0a5354febc2d24383576f152cdc147b72e7648e5729,04926396f232e9d3f47992e5a3f42e8d
e599afe492c4575f6f85e0a5354febc2d24383576f152cdc147b72e7648e5729,130c5dc4f525243de082a7c358cef788
e599afe492c4575f6f85e0a5354febc2d24383576f152cdc147b72e7648e5729,d8a8d2c05a3c1553cb7a430c83c81b83
e599afe492c4575f6f85e0a5354febc2d24383576f152cdc147b72e7648e5729,90b4f4e9d30c0487974d8ea3dfa6f6e4
e599afe492c4575f6f85e0a5354febc2d24383576f152cdc147b72e7648e5729,619d0092a2ae72052c0e2b87c8c153e7
e599afe492c4575f6f85e0a5354febc2d24383576f152cdc147b72e7648e5729,8d07ea0d7c1a43c57010c1322acc9e88
e599afe492c4575f6f85e0a5354febc2d24383576f152cdc147b72e7648e5729,e01efe797a826c2f2cedb8f0e1c37585
e599afe492c4575f6f85e0a5354febc2d24383576f152cdc147b72e7648e5729,a0f6e03e3a640648327d391d22162565
e599afe492c4575f6f85e0a5354febc2d24383576f152cdc147b72e7648e5729,aa7ce77d3b1caa6ec535f1027d476b02
e599afe492c4575f6f85e0a5354febc2d24383576f152cdc147b72e7648e5729,482f86f440010c6d1a121cf674ad03de
e599afe492c4575f6f85e0a5354febc2d24383576f152cdc147b72e7648e5729,2a3dafdb3fd0508680511b028f1b90f2
e599afe492c4575f6f85e0a5354febc2d24383576f152cdc147b72e7648e5729,87337ca487409eec2687c4d044389fdf
e599afe492c4575f6f85e0a5354febc2d24383576f152cdc147b72e7648e5729,38a17b8ebc5b370e6b0a26d9cfbd8518
e599afe492c4575f6f85e0a5354febc2d24383576f152cdc147b72e7648e5729,19e597d8714465e72b1b95e771ce8154
e599afe492c4575f6f85e0a5354febc2d24383576f152cdc147b72e7648e5729,dae0f5ad16518c0f4f285c20c0cfe273
e599afe492c4575f6f85e0a5354febc2d24383576f152cdc147b72e7648e5729,e3a79b4f1e1421af9120c47fc3535abf
e599afe492c4575f6f85e0a5354febc2d24383576f152cdc147b72e7648e5729,0d53d3fde7f9fe2acaceff08b4c32695
e599afe492c4575f6f85e0a5354febc2d24383576f152cdc147b72e7648e5729,6fe16902726a1365e3a8f567bdde5698
e599afe492c4575f6f85e0a5354febc2d24383576f152cdc147b72e7648e5729,ba94d187d985787c25ddf033e3c46ab2
e599afe492c4575f6f85e0a5354febc2d24383576f152cdc147b72e7648e5729,9752df99f32a604d3deab53665f2dcdd
e599afe492c4575f6f85e0a5354febc2d24383576f152cdc147b72e7648e5729,00f0d2790a727be1cbae4c049a3c8c23
e599afe492c4575f6f85e0a5354febc2d24383576f152cdc147b72e7648e5729,dc342cf2282d0a1819cced2c97a7e9e1
e599afe492c4575f6f85e0a5354febc2d24383576f152cdc147b72e7648e5729,dd97d54e09e7ad861398dd54ee113454
e599afe492c4575f6f85e0a5354febc2d24383576f152cdc147b72e7648e5729,bd9136b595e3b56b14bcab4b01d6bc85
e599afe492c4575f6f85e0a5354febc2d24383576f152cdc147b72e7648e5729,d2d91564557374ab5af92f6b44ddfb0d
e599afe492c4575f6f85e0a5354febc2d24383576f152cdc147b72e7648e5729,4ae0cd336fbc23ca45946bf58c920968
e599afe492c4575f6f85e0a5354febc2d24383576f152cdc147b72e7648e5729,ef0d5a9bbaa811533fd57a9296026a9e
e599afe492c4575f6f85e0a5354febc2d24383576f152cdc147b72e7648e5729,7df772f7cb84cdf7ec8ad0b27264aff9
