deviceId,timestamp,hour,rawData,encryptedParam
LMcJeo36nrR8f66n,1742164962804,18,1742164962804@PWALMcJeo36nrR8f66n,5f9254625df021ef1b51149dfcd9dfe080a1b2f6a6444002ad10e7eb45c95c486207f28b611e776b38ad51cb43becab4
LMcJeo36nrR8f66n,1742187436804,0,1742187436804@PWALMcJeo36nrR8f66n,4a41eb2b81d0623243304bea91a64bf4bfd3629d62e8714914233cfbf470f97201048f72fae0c42e5ef58f38029e5644
LMcJeo36nrR8f66n,1742168589804,19,1742168589804@PWALMcJeo36nrR8f66n,b7045b08e87fabcfe2c2f010257da3008e172b6cb41ddcecbcdfd866ae2ebad74f9a650a533de0260933b9ec4914c2fa
LMcJeo36nrR8f66n,1742188993804,1,1742188993804@PWALMcJeo36nrR8f66n,89e0ef287421b9a40522fc4a036d7abf128815b184b1bcebdb38ae75aee269e4e90ddda0ea9879386459d7b39d55bf18
LMcJeo36nrR8f66n,1742206134804,6,1742206134804@PWALMcJeo36nrR8f66n,d53b4e1f1b36273045c18a2291fdfa0533c25c08b636f2db9b1d6b355f2ae41cffa5bbbdc966ca4e4fdfc1477bf1349b
LMcJeo36nrR8f66n,1742195112804,3,1742195112804@PWALMcJeo36nrR8f66n,54ad22660e6893fae7dae29fd33d05719a2ee4776f1fd23d7c49f3eac458fcbfaaa2393f40bb89f13eddffb3919e5b53
LMcJeo36nrR8f66n,1742172480804,20,1742172480804@PWALMcJeo36nrR8f66n,b3e94b4d8735e7ce602fcdf9bba09e8ed1470bc1817361e58a30b3de7cfa6795d9519d5e6bada9b9f0ed5b677a1b3d35
LMcJeo36nrR8f66n,1742186052804,0,1742186052804@PWALMcJeo36nrR8f66n,efe412aec9d4aea8b390cb17999343b348add11eb64c70eccf672d71dca75d16cf9955f8b76bf86bc107d2589af56259
LMcJeo36nrR8f66n,1742162885804,18,1742162885804@PWALMcJeo36nrR8f66n,2b1ca07d305917940203c814b1285e4d2330ba36c93a2e4723d87f5c284f1ce6ce4326949ea8eaee8c32ecd23051a5a4
LMcJeo36nrR8f66n,1742174856804,21,1742174856804@PWALMcJeo36nrR8f66n,a8295b405d6cc66aa2501478f9a82b39471676a880d7946a0b9e682b679e5c00045f544fc16bffd21a6071f0895b7c4e
LMcJeo36nrR8f66n,1742152493804,15,1742152493804@PWALMcJeo36nrR8f66n,3a7a7cffa0be9bccb1e04e802e8f8c3f4d0a5946b9cff1b7870a03fc307cbd9212ad45663fbf02f7431a2d3eb32597bf
LMcJeo36nrR8f66n,1742160644804,17,1742160644804@PWALMcJeo36nrR8f66n,3dbb7cfc4ed771f59863ec0fc4d90cc05fb31e4babb7c2fc3932b4711f72d1ec80f72f3d783cb030db91cf4901f99e9c
LMcJeo36nrR8f66n,1742183387804,23,1742183387804@PWALMcJeo36nrR8f66n,90f068ba18ad6162a8580f2e4dd19f1f4d4751ae31b19c49b9fff95ccc4fac4f4e1160c3db90807d9e8b2262cc5d05a6
LMcJeo36nrR8f66n,1742197907804,3,1742197907804@PWALMcJeo36nrR8f66n,9c326f7618f3d9bcc7ea82aeb5001af3148f5e201f0fb0ace3322b693acec6c054211e9e015db1d11b1286eca0991843
LMcJeo36nrR8f66n,1742215747804,8,1742215747804@PWALMcJeo36nrR8f66n,30e37497d246996119e70ea4245f664622107eb27d99969610f770982b45d85a9f4f5614baf034fb329c496c8e2cf608
LMcJeo36nrR8f66n,1742192774804,2,1742192774804@PWALMcJeo36nrR8f66n,69508a2785691c537d957491ec1389b9a10d59f053ba24c39720497f426c20ef2bc2891e98a1b4d14e2c0283d297db13
LMcJeo36nrR8f66n,1742196921804,3,1742196921804@PWALMcJeo36nrR8f66n,20d4ffa32c1a9ce2f69733d2030e17c4ce6699e02c62ce3c2a30cd1411759beb32373d5c3d5dd8715c7411d52be85667
LMcJeo36nrR8f66n,1742151440804,14,1742151440804@PWALMcJeo36nrR8f66n,5311a081dfd1cfd62bfa9a903359b1c3d5517090b2988ea1ed8454818f0ded21627c8fcbbbc8637cb508a9db46973d54
LMcJeo36nrR8f66n,1742206517804,6,1742206517804@PWALMcJeo36nrR8f66n,7547bd672e8fdf3e055a0338c96d87959bf34cb50a9d40503c0b834a348ec2a89a2d9b1a696137f31798151041f417e8
LMcJeo36nrR8f66n,1742203580804,5,1742203580804@PWALMcJeo36nrR8f66n,abc96d6df74654b537e87a6218d907e7d0f85547dc27eb1b15872221ac6af8011d4e1e388b45e1e03b599ded74d3041e
LMcJeo36nrR8f66n,1742173258804,21,1742173258804@PWALMcJeo36nrR8f66n,b137998e19d6989fb67826db91df5a701229fe06e5137a0de1915aeb0ae1ba89ea87f50691db34544f81786fd18f4cb1
LMcJeo36nrR8f66n,1742195944804,3,1742195944804@PWALMcJeo36nrR8f66n,ce78925318fd37fb38356d030e3d3aeb1b892bcbf311f163e853ecd80c4579b5527f702a6b8e45dea1232f6944b0fe4e
LMcJeo36nrR8f66n,1742212569804,7,1742212569804@PWALMcJeo36nrR8f66n,b20b3b4521124581972e0ad3f6af83ba99defa7797a1d950cabd35118f4c5770c2a035c31a6a9d6edab18e31fffc7c39
LMcJeo36nrR8f66n,1742159220804,17,1742159220804@PWALMcJeo36nrR8f66n,9922ee4a6d96b529098ff98fef76e9d3a8f9cc3fd0ba58981a55e839d99d6e6a43b75a8a4462d45415a24371a42b7c36
LMcJeo36nrR8f66n,1742214183804,8,1742214183804@PWALMcJeo36nrR8f66n,2e8d841f67c7645e0e48adda1bab3e6e2b4bd2fa159eda0104b38ce728ebea593c061db60397507b441221ccff91ec0f
LMcJeo36nrR8f66n,1742195806804,3,1742195806804@PWALMcJeo36nrR8f66n,0b46794a0b86d594c84c258593e244875d7d6f25fd709229e59c83de2f44fba2bd4873aef8ed220e956632ba33bc2151
LMcJeo36nrR8f66n,1742176976804,22,1742176976804@PWALMcJeo36nrR8f66n,9c16fcd7e4608f7fcb05932e065c76083f1f4ce5dd9a9851f99e52d105b37c9b6e0bc33ec0dcd3010dfe20ab1ecfb351
LMcJeo36nrR8f66n,1742203095804,5,1742203095804@PWALMcJeo36nrR8f66n,6b6008ef063f04dbb3f2b303a9b1ca5ead1cfe0537c69cccd87639d2700cdf328a541d914ae18ccd92b02787f1fc2505
LMcJeo36nrR8f66n,1742188641804,1,1742188641804@PWALMcJeo36nrR8f66n,626c6652e33d45b2d09393aeef489489f736bc965978b0be6b58864103c65b5641628b0fa13254e217a15d8015e02ce9
C59N4x0FH8uWqczQ,1742184647804,0,1742184647804@PWAC59N4x0FH8uWqczQ,7c11794f371c5021c78d88b495077d8cda7dd0ff46d29f2cb1966e10e5205e5543045ce2e1d2e9febc4542a7976e3da6
C59N4x0FH8uWqczQ,1742177067804,22,1742177067804@PWAC59N4x0FH8uWqczQ,9aa69bcb47ee0080317c182861d59dd8fb5f12e10d46a36f85ac1c06ccdbe0a61b8ae0790018bca24478e0d58dfdc6cd
C59N4x0FH8uWqczQ,1742194334804,2,1742194334804@PWAC59N4x0FH8uWqczQ,e14d63b6ade8eeb40a39ab849db3cbde95746374ad5fd7463fdad4bb39c57739123017748feb6933fbe0a6b41090a8f5
C59N4x0FH8uWqczQ,1742155850804,16,1742155850804@PWAC59N4x0FH8uWqczQ,17fc8186ebbcd0d82379ceeaa9cc81ade6de7adca2e555ae56bac5d11044e7a1803c20416b2ba84843754be74ec27904
C59N4x0FH8uWqczQ,1742179765804,22,1742179765804@PWAC59N4x0FH8uWqczQ,c8fc2c1a63b89b73cdfd24d99417adc716bd09d112e53d8a445a32bf5e5b51a6d4947acec4fb3336f9577cb528d1c8fc
C59N4x0FH8uWqczQ,1742175463804,21,1742175463804@PWAC59N4x0FH8uWqczQ,db7cd3e31e844274016082f296d50eed52c4c850f1065180e15a6d8a06f66c9716c7d75dfc0da9e078f2f056def65db9
C59N4x0FH8uWqczQ,1742202164804,5,1742202164804@PWAC59N4x0FH8uWqczQ,911c27d69f038d216cce11947ce4aa9080a93d6c8293d03dd319c3838aaf8145099828ad6a4fec2d21b1cbc48753d3aa
C59N4x0FH8uWqczQ,1742165330804,18,1742165330804@PWAC59N4x0FH8uWqczQ,27b5b910ac0e20886a90d04f7c94840f8afd4a137ca8ed90edb9604995443486795827413cc0c7e5aae83a88c332310b
C59N4x0FH8uWqczQ,1742207537804,6,1742207537804@PWAC59N4x0FH8uWqczQ,601d4ed5bc67ee372c6033fdd6ecf73f8f497235c4c94c20ad6aa9320d10bf638e2b028cdf90eae75d817cd331859f6e
C59N4x0FH8uWqczQ,1742198091804,3,1742198091804@PWAC59N4x0FH8uWqczQ,50dc94fce8dd0024a1ab7aed61503364679c73b41146bf011e885360aae55c0721656bc6e0df6e348e5a4db0df52973c
C59N4x0FH8uWqczQ,1742203845804,5,1742203845804@PWAC59N4x0FH8uWqczQ,a744386dd7109cd9dc3803b5c8562f0bde9fb462ddddbd1a5f7b5d2e0d35ad7a3f6c9b317368a78dcd82e762bcfc0b54
C59N4x0FH8uWqczQ,1742198560804,4,1742198560804@PWAC59N4x0FH8uWqczQ,db4b5522fb448368ec7324415a67801ad043f435348d4bedd19069c9c965270abb02f94d83bc9bc269913edd305be862
C59N4x0FH8uWqczQ,1742194581804,2,1742194581804@PWAC59N4x0FH8uWqczQ,2f33aef2ed977cfcdef2edada395d7583de3ebb58e814eebd5411ba08e5a015108655deec8a8e9394b96b65711aa84ac
C59N4x0FH8uWqczQ,1742195828804,3,1742195828804@PWAC59N4x0FH8uWqczQ,141d30b11ef83371c8cec68b8854130b04d0371d757ceb82d6a35f6925ddd401f07b66ee4cd7050c7ac82b2357e910af
C59N4x0FH8uWqczQ,1742169154804,19,1742169154804@PWAC59N4x0FH8uWqczQ,3d1dbccaaba1f5a66c4ce4e2410fa34d70bf4ee4ee913ac3900e8bda00e93b3531438f7976341f016bd0fee7eabded78
C59N4x0FH8uWqczQ,1742204194804,5,1742204194804@PWAC59N4x0FH8uWqczQ,c831300b23f76a63282ee6c8e863588507c6e4d5e2741026808b46319cb9eb0496cd0475a9b395fa2821bfccecc54e9c
C59N4x0FH8uWqczQ,1742220179804,10,1742220179804@PWAC59N4x0FH8uWqczQ,0fd03161077d053a95b66b58441c61c30eebb2449ad86c2ff8ed9b8b2cc9cfc7037a967f09a12d981ab4d4870a7ae558
C59N4x0FH8uWqczQ,1742202037804,5,1742202037804@PWAC59N4x0FH8uWqczQ,13b7ba31b69e76f5fc95fcceb7e7c7e8f3c65082bc75dc1810d83dcc604cc5c0ec6712015fc3e3a44cc5c63878575f03
C59N4x0FH8uWqczQ,1742164035804,18,1742164035804@PWAC59N4x0FH8uWqczQ,d967c0542fb3d5eb4d8977fdd126c7bef95ac9eda94f66867437f6282532713778d1e1a7c0c89672cb587a467e79a307
C59N4x0FH8uWqczQ,1742181216804,23,1742181216804@PWAC59N4x0FH8uWqczQ,967c27d968b4787434ad84177f0bfbd6af36116d217c6611a0de1e54cf4094c5c1da92fb5aafb4af0754ac43aaade7e5
C59N4x0FH8uWqczQ,1742220659804,10,1742220659804@PWAC59N4x0FH8uWqczQ,86a3c0bafbb17bec5e28042a575855931035175b8bb680800a9ed6c46dcecb511f6aba2ae1553cc8b1fdee96a3fe611c
C59N4x0FH8uWqczQ,1742218766804,9,1742218766804@PWAC59N4x0FH8uWqczQ,3c0b9a7243ff8ef455212b1f2063ec2d275585ec60e26b9eb65701a80154665cb8445e4c62745143bc280e4a2b173550
C59N4x0FH8uWqczQ,1742219876804,9,1742219876804@PWAC59N4x0FH8uWqczQ,899726cf7a90c8ace0c0b0b81adcecc7b4170fa7e72fed3102849a3d2a6ea0780ffb1d4a220a8912bfe1399c9b6f251f
C59N4x0FH8uWqczQ,1742218709804,9,1742218709804@PWAC59N4x0FH8uWqczQ,06d9de5cc1c222385badb8781f614dfc1eab0782e1f05d9e75210c85a4d92f3f07698c364d008bd4bdbcf09f14dbb41f
C59N4x0FH8uWqczQ,1742154689804,15,1742154689804@PWAC59N4x0FH8uWqczQ,56ccc57b51b14d93fc96d011a892106ae35cecc3fe142c3b3c7d0c3451a1bc52ac9d42e61fb34af3ae4bf3b9b1672029
C59N4x0FH8uWqczQ,1742192137804,2,1742192137804@PWAC59N4x0FH8uWqczQ,5cb7c3272b2084c65d248f9698ca3b9416e13ed7902fe22fc9b2b7510fc6cfe83c0b6b9f7dc8c981452170c3ca05a0f6
C59N4x0FH8uWqczQ,1742172980804,20,1742172980804@PWAC59N4x0FH8uWqczQ,921d2f64b75d99c5a9c8d800b74a172ea062d7c6364f06fbba8f7240d81e157ae64861cd0155448e92c4e52907a99891
C59N4x0FH8uWqczQ,1742197322804,3,1742197322804@PWAC59N4x0FH8uWqczQ,d72c5b7bc771a01ed8a5cfbddf7c770844a1da473c6d2505c01c60e2a80319c3e451d0d1733b73f137e6111033f14271
C59N4x0FH8uWqczQ,1742187794804,1,1742187794804@PWAC59N4x0FH8uWqczQ,8aafe23e04525f41a6cb88ac7422ec7263f4b0e11d861b35129327a2482ecac9ddfb75679a9faa91f861839f357d3765
C59N4x0FH8uWqczQ,1742190866804,1,1742190866804@PWAC59N4x0FH8uWqczQ,afdbc46b08ba6912ec9390e27f64bfe29a60f829eab5e699a14ada9d26e2dde785e8d2b8ff3a464e78135567d18a75ef
C59N4x0FH8uWqczQ,1742162523804,18,1742162523804@PWAC59N4x0FH8uWqczQ,d22b320d3575b1714c805efc7c222aacd9c82bc729caeb5323dea5231648a391a296c48236470383e854f71065833fa4
C59N4x0FH8uWqczQ,1742177848804,22,1742177848804@PWAC59N4x0FH8uWqczQ,7c2f3a1e5714d82899356a33c0acb21921accadee60cafaa3c79f2e22d395046704c3e7e44fe025d6fc6a7eddf27c853
C59N4x0FH8uWqczQ,1742169100804,19,1742169100804@PWAC59N4x0FH8uWqczQ,03ae79f9f8ad6804ec626b907ded6c9809f51302a12dbf56b0c7cb185ad5215c84c8655961609bebeab7dca80f555ff5
C59N4x0FH8uWqczQ,1742207010804,6,1742207010804@PWAC59N4x0FH8uWqczQ,9faf45321089213f141b82f95574f408f23ed078e1a630e495fddde962e458af8a8c31c22b86454262c56d216599dc2b
C59N4x0FH8uWqczQ,1742170472804,20,1742170472804@PWAC59N4x0FH8uWqczQ,d74af5df75ce5b1e45e1dc58fb1e019b16b0b8b6e9368f5b5b16c3851f188ee1ca87b9f1a8b054f3b013bfc4deba9e83
C59N4x0FH8uWqczQ,1742178230804,22,1742178230804@PWAC59N4x0FH8uWqczQ,722d87097a8198f5a1b9de1280941922acd11d0fdc2a5a2a725d77cde393418f7cc3070693e83059b2260cbabf52110c
C59N4x0FH8uWqczQ,1742211525804,7,1742211525804@PWAC59N4x0FH8uWqczQ,68e6d0eff34a5291f9d58c75a91a13e3562703a743ee125504e356867e8a105a19b4163cdd13fff53dc7bfa14cdc57ba
C59N4x0FH8uWqczQ,1742176406804,21,1742176406804@PWAC59N4x0FH8uWqczQ,4d9006b0e5d29339d8c2a49dc3990924ee37a310d01737efc9e38a09e34b741f5768f6d0e6c826dbcc19b425a93286b0
C59N4x0FH8uWqczQ,1742214777804,8,1742214777804@PWAC59N4x0FH8uWqczQ,77815585be0b414e1c62f0598dc5f3574977fa1231a537a8b6b5fe4c596cbe76a4ed0c5148a0bf90457e1ea8b368f647
C59N4x0FH8uWqczQ,1742191098804,1,1742191098804@PWAC59N4x0FH8uWqczQ,3a9c1b4f8226eb2dc21fe53279d2108723c9ba374895512e88aac3234d2cbaaf50b6a82a6dfc542fc8009e7205360880
C59N4x0FH8uWqczQ,1742197884804,3,1742197884804@PWAC59N4x0FH8uWqczQ,7579b8c935f42b0d535d972c40954e72401b386ac0588df4293e81ee7e502ed712bf37c9c4ec154494a2a0aaf83a9ba1
C59N4x0FH8uWqczQ,1742187179804,0,1742187179804@PWAC59N4x0FH8uWqczQ,c64d7e045b53b9d2095ba662382c2c1631a1508ea6720013bcfc225c6b18936880967281b8f7f4e4f4d808b82a24e7ad
C59N4x0FH8uWqczQ,1742188762804,1,1742188762804@PWAC59N4x0FH8uWqczQ,8ec0689a41e841bd1ed8c63d3e69775e5537a96aa02d90a37775aafeeea9b8d7fc03098e320737d3096a68bbad4941c1
C59N4x0FH8uWqczQ,1742214991804,8,1742214991804@PWAC59N4x0FH8uWqczQ,a97d368e75a720252045503d24a3690301226c812d5705c1471d9f483b35b9c943e62b3e8db871100b0cfb013d233700
C59N4x0FH8uWqczQ,1742156879804,16,1742156879804@PWAC59N4x0FH8uWqczQ,d2b7589667c30d6f188b7ae14a3248443e8c94516a67fcf486e89d0f9400fc9f1c2c3c219a615240fb53d1dddf5d1e17
C59N4x0FH8uWqczQ,1742150822804,14,1742150822804@PWAC59N4x0FH8uWqczQ,2a30955036c0bf7b07d0b78c0c6ab7270dceaef0e752bb17a4e9c5bce44851d1f21a176d21b93f1e0ab0b52d2e6395c7
C59N4x0FH8uWqczQ,1742191070804,1,1742191070804@PWAC59N4x0FH8uWqczQ,ffb3a8003f4de14fd528bf4beb93c451adbcc08d261beb896144f8ea984d1d17350ec237d10e8ae6224eb114ee45b9a6
C59N4x0FH8uWqczQ,1742185329804,0,1742185329804@PWAC59N4x0FH8uWqczQ,25be3a0a6cb857c2bc656559e8d6ed081267a50f4b1bed17dd2c6d2b8b3d8317952ea3cbf93f5f95303349e519d4b0f3
C59N4x0FH8uWqczQ,1742210226804,7,1742210226804@PWAC59N4x0FH8uWqczQ,232814cecd28df18fa856b457330a9abad893211868ec7bd56a31b6cab459d5ecc4190f2390bf27658a074d3186a41a8
C59N4x0FH8uWqczQ,1742176814804,22,1742176814804@PWAC59N4x0FH8uWqczQ,ba441d1f70408860a812f518e4d5c2b5870385b9624dd7eef1268f2cff2bf591c816820f993d1ec9e6c4e3be60d83a8f
C59N4x0FH8uWqczQ,1742189323804,1,1742189323804@PWAC59N4x0FH8uWqczQ,65b2f0f60509f14c9ef48840f16ab6fcf277636939320d1e8591cd6f8f4018512a607e9b056e05936be2cc10ec5b7ad7
C59N4x0FH8uWqczQ,1742220545804,10,1742220545804@PWAC59N4x0FH8uWqczQ,b4573a7328248a8ea41de0be02cb3c722dde604ef2276e8f8c36aee96f93319a80adb0e3edff2f005febf7c04fdbde32
3Wm7mOSN4MccmI9m,1742214264804,8,1742214264804@PWA3Wm7mOSN4MccmI9m,0ffd7e5cf86b567418ea21fcc22e07eb224976fbbfae2b596bdde89fade29228efa9e2af2cc50476b4bfbcdc311f9176
3Wm7mOSN4MccmI9m,1742165355804,18,1742165355804@PWA3Wm7mOSN4MccmI9m,3a3cdd08eb3eef343b64a26e5e6187ebdd9906c56fab156df88452fd6f9f4aade5d88d424532235ed6d93622708c9212
3Wm7mOSN4MccmI9m,1742191312804,2,1742191312804@PWA3Wm7mOSN4MccmI9m,9d15d88b54b0f867d5e5c622bd4a481e8b61e35d27b110acdccffc28e8bb3f363386d3194cc2159a2b3b9bc913a0e273
3Wm7mOSN4MccmI9m,1742206302804,6,1742206302804@PWA3Wm7mOSN4MccmI9m,fe249d79dff724560c771b588777a952536464bf54cce8fbe70ab2faa1024debd137ca5062d17632214e53edfe4b577c
3Wm7mOSN4MccmI9m,1742165352804,18,1742165352804@PWA3Wm7mOSN4MccmI9m,4107f2659a7bde669e8c35f7573e3d93ef1ca76d481531fceb296a936bb4647bf1bc8ad09a8eb03b846c15ddb345ec95
3Wm7mOSN4MccmI9m,1742160747804,17,1742160747804@PWA3Wm7mOSN4MccmI9m,e8bf794f34538ec9f7107470aaee549d8ead7a4cfc988f506e6dfee1a421d5b4f1f5edb13413ed707f24bc7c8d746d58
3Wm7mOSN4MccmI9m,1742216228804,8,1742216228804@PWA3Wm7mOSN4MccmI9m,1946e47b55a6422aadc8889081bfa0ecd23f6751f1f4f5790e42c49bd1b5be8363aecc0ff0cda4857fc2b778247fd557
3Wm7mOSN4MccmI9m,1742159355804,17,1742159355804@PWA3Wm7mOSN4MccmI9m,cd0c7603336794f4ff6e073c4e7a91d805810ec8373b8442f7501c5f7b9377bf019afaae7dc094544a29be5a52d3491c
3Wm7mOSN4MccmI9m,1742168857804,19,1742168857804@PWA3Wm7mOSN4MccmI9m,cdddde1b7150364c37eec9c01d8df409b466d9c34810c2635275ab5f67571a7ee514b20a65e4a2e112096ffb0eaa3f93
3Wm7mOSN4MccmI9m,1742158905804,17,1742158905804@PWA3Wm7mOSN4MccmI9m,448e173e595f4471fc225f592570a0e184c94f7550f7535a38ec368bd0716415ef289f10cd8b18562139a65b1e765bab
3Wm7mOSN4MccmI9m,1742194098804,2,1742194098804@PWA3Wm7mOSN4MccmI9m,66f9687507960efe616d1bbbc931b643ea15286fef0c03e4aeec6a4c3993c0caab07df7972bec293df9dc2afa7f38d90
3Wm7mOSN4MccmI9m,1742185861804,0,1742185861804@PWA3Wm7mOSN4MccmI9m,1ff858753bc9365f830d3cee797f4221239e38f37e8cfa9581733f64607f5f53164c8ed08951af3c14b1f54b366c5f5e
3Wm7mOSN4MccmI9m,1742211721804,7,1742211721804@PWA3Wm7mOSN4MccmI9m,0a933f8e392829bdb15b2060f5f61e77d00ac733d50e4b4622592e5077cb7e1eea99fb7c2d6ff7fa3ad74c878ce5b7d4
3Wm7mOSN4MccmI9m,1742159757804,17,1742159757804@PWA3Wm7mOSN4MccmI9m,c51bfa7c302f327d61c616323d34f2047447332508cb11da80c131b3e7e6c53dc27b5e909a6eef269d47e4be4cd78edf
3Wm7mOSN4MccmI9m,1742217147804,9,1742217147804@PWA3Wm7mOSN4MccmI9m,40e39278e52253ab1be1702f4ea7cf7b1791d8ad1ee9a5d7114c05166d71161230916aa0b619077741186f356463719c
3Wm7mOSN4MccmI9m,1742199544804,4,1742199544804@PWA3Wm7mOSN4MccmI9m,06e2ec4dac8afe2d01d110ac82c44d9b6203a089bcb6b7f25d2ef4d809160e04933615f679e785933b866a65e872e40e
3Wm7mOSN4MccmI9m,1742169490804,19,1742169490804@PWA3Wm7mOSN4MccmI9m,c2c37760c410b0cfdac2dcfed2017c0c71a885d73d2de9056ab502adc8f35662fff43fefcbfb1ea5f793867a952f9d1c
3Wm7mOSN4MccmI9m,1742190036804,1,1742190036804@PWA3Wm7mOSN4MccmI9m,6b126e82b6581e574eea9ca660fd6c2b0e0b798152beb5d4ce692a20187d134f398e45ff8c24cab9aeaf3587b09cca57
3Wm7mOSN4MccmI9m,1742181200804,23,1742181200804@PWA3Wm7mOSN4MccmI9m,cf2c0cb4f1ec0b58e2cbd1a78756b41eaca1a33fc17b8929b47caa53806720f5cb64bbbae0c8fa661597a0685be02eb8
3Wm7mOSN4MccmI9m,1742155690804,16,1742155690804@PWA3Wm7mOSN4MccmI9m,18f438bbf06275293452e5fc7ea6bab648ba9b00fa8a9d9d8909036610cc8bc53b7d87065e7346adfb033c486221d77c
3Wm7mOSN4MccmI9m,1742196363804,3,1742196363804@PWA3Wm7mOSN4MccmI9m,a2f708e555a2fe01bfb25e82f111e2675d3b1a4dad9f61dccbbdb7bcd24a0e2ad852ae9d98566b67fae3d9ced7754861
3Wm7mOSN4MccmI9m,1742163399804,18,1742163399804@PWA3Wm7mOSN4MccmI9m,4371554de67e70ca53107e9babe1d7a32787079c3918e80ac95304064e4dc991319fb9344ed01159a0fbf145fc230377
3Wm7mOSN4MccmI9m,1742153093804,15,1742153093804@PWA3Wm7mOSN4MccmI9m,5ad69b14ac683591bac40a1154aa908e9f0891da3cc4828f8bb25699a4107ebf6bcf1266006a87507f3c82f0ce34435d
3Wm7mOSN4MccmI9m,1742211412804,7,1742211412804@PWA3Wm7mOSN4MccmI9m,6b5ac2421e6652f9209e518ebeedd3f81cad8243965ee8a9f71e2d33f8390cefbe9f98d7793c07f5c39dddaf5126eca6
3Wm7mOSN4MccmI9m,1742206462804,6,1742206462804@PWA3Wm7mOSN4MccmI9m,de1c2a956e5517e4104169a566866fbdb20d0ea23d3273714d30893f7a276839cb86561e4b0d686e285e15f466cab996
3Wm7mOSN4MccmI9m,1742164376804,18,1742164376804@PWA3Wm7mOSN4MccmI9m,f6fae4cd0e470368ccb9ff9af7d23125807002e5b3c8ed1f1c30dc4e3113794ce94428f7c026534b01410dc87da9e03a
3Wm7mOSN4MccmI9m,1742209634804,7,1742209634804@PWA3Wm7mOSN4MccmI9m,66606ec789637123061743339c8864089b3c8e1c176274d1687086777e7b6fb347385051affc124424c471c389de851a
3Wm7mOSN4MccmI9m,1742174540804,21,1742174540804@PWA3Wm7mOSN4MccmI9m,bf0fef79cf803c2dc97fd5d1598af010b0dbd64bae0960e8689d8f56a41669c292291ee89c37376efb0f0b0db08970de
3Wm7mOSN4MccmI9m,1742162408804,18,1742162408804@PWA3Wm7mOSN4MccmI9m,d6ac676ee399275396b2bd393aae923a27da249ccfd7a74f8efbe965055262e8c113a92c75d44c111a88d670450e2c8e
UsZOHfH9qsUMdUUq,1742158043804,16,1742158043804@PWAUsZOHfH9qsUMdUUq,4562318286094333174e53af63538a6fec12ad30c264e9178ac7f204a60292a3c9821f94a942e0240d2f2a2fb7ab82e8
UsZOHfH9qsUMdUUq,1742159714804,17,1742159714804@PWAUsZOHfH9qsUMdUUq,4186165d9ac0a5e36124d9e3bf17a0de5196ed99ee9f695ae98834440af110eb64d96a769f404a94e48bc3da1a811edf
UsZOHfH9qsUMdUUq,1742202149804,5,1742202149804@PWAUsZOHfH9qsUMdUUq,04527000b124453f2d43b429afafc32f1b612ed9bb2008666258cfdd9a330f80f88439eb1514173c1a39f3a5ae099523
UsZOHfH9qsUMdUUq,1742161094804,17,1742161094804@PWAUsZOHfH9qsUMdUUq,89cbdad78ee966557561031e55b58f1d9dd7bcf209d37509176f95b9e82ed9a5ac39b26bf85a2364c31212fdfacc3d53
UsZOHfH9qsUMdUUq,1742198175804,3,1742198175804@PWAUsZOHfH9qsUMdUUq,b1713fc5b003fa631ba1f8e8faaaeefa655a3140cd5be44569836c1b078af61a3f2c5da2a92c428c62c63b5ed87bd76e
UsZOHfH9qsUMdUUq,1742210949804,7,1742210949804@PWAUsZOHfH9qsUMdUUq,2f7fec07ed13aed0ce3989df0abcd9ea98e11f239642518a6885b15ab651a763563910241ae7f2249db0cf04614e2050
UsZOHfH9qsUMdUUq,1742209098804,6,1742209098804@PWAUsZOHfH9qsUMdUUq,f85781415824f891e9e4c8f26cffbef6094b514a6ad715ffdd051276b7bfa02291e5943a1f8b1c35e0f62dd962825a3c
UsZOHfH9qsUMdUUq,1742208793804,6,1742208793804@PWAUsZOHfH9qsUMdUUq,d0bbe14c387da2e25eb580461fb83cfdd3a99cd7c23f18dedd2248de10a478457dbb775cb116aeff556fcf19d8cedc66
UsZOHfH9qsUMdUUq,1742149628804,14,1742149628804@PWAUsZOHfH9qsUMdUUq,792947fd4498cf1873cdbb4ec3ac85d7f12050a162bda03d5066f2a9816da6d5568be977ac41668d190b6c9282f88e03
UsZOHfH9qsUMdUUq,1742164584804,18,1742164584804@PWAUsZOHfH9qsUMdUUq,8bd8c43a10b91927adeb75fa76b2d0e8205a3ebdd8d441a4007cdbc6d632812532e79f220a0f3523850c48566893a3c0
UsZOHfH9qsUMdUUq,1742212237804,7,1742212237804@PWAUsZOHfH9qsUMdUUq,63af8608590e35deb04e062154a16bb7fe9fe361e8944c83e1528c844b6704459dc5966e766450aa3c2cd0f50ba624fc
UsZOHfH9qsUMdUUq,1742153606804,15,1742153606804@PWAUsZOHfH9qsUMdUUq,d88242e5ec1b857bde0107fe87b6c6a3ec1a6eb1cd182f71a03ad267e7ba11c02caac2a5024976ab1c99f058139f36ee
UsZOHfH9qsUMdUUq,1742220712804,10,1742220712804@PWAUsZOHfH9qsUMdUUq,885430ce1c5a2ec11e5b82eeff402899c9a1187a621e28d04d5af92f7fbd3e07773ec94dd1d59a1c6f0e21f448b58043
UsZOHfH9qsUMdUUq,1742218521804,9,1742218521804@PWAUsZOHfH9qsUMdUUq,e361bce059defef8570084a679d088bde806c41eaa60923e4b2dbe04966e6a0d70a23329570f12958c89e0e684031043
UsZOHfH9qsUMdUUq,1742150042804,14,1742150042804@PWAUsZOHfH9qsUMdUUq,e5def6863fc38b48019b9d35312b76d9deae76d248cc00dd89c1b0ea279c396d041d862d0ea5b1786180418178db9a2c
UsZOHfH9qsUMdUUq,1742151240804,14,1742151240804@PWAUsZOHfH9qsUMdUUq,e0cb84826a21d11fab6a78e59d6a8de89240602f3cce13a7921206e45edd95dd3e93350ace465048235d5b0f3f7fce75
UsZOHfH9qsUMdUUq,1742175118804,21,1742175118804@PWAUsZOHfH9qsUMdUUq,55d85bcb70561975a336089a199f6b9c87dd5c23f93477260afe367dcc05775b4829819110d2d3844894e890c9c87ac2
UsZOHfH9qsUMdUUq,1742159319804,17,1742159319804@PWAUsZOHfH9qsUMdUUq,abc909e10694e43e506dfaad451fe19849b3f779f271950ed265b1fe37384bc0ad38b862c4e80404a2a41b93147f588b
UsZOHfH9qsUMdUUq,1742182331804,23,1742182331804@PWAUsZOHfH9qsUMdUUq,d50f3269c253dcaecbe8f48318628298ba4e9ec5b5539bc1cab1a211eaee409efc11e35eec68819c20c110a74edfb1fb
UsZOHfH9qsUMdUUq,1742173397804,21,1742173397804@PWAUsZOHfH9qsUMdUUq,ad0211c58f6ae337b2305516678678424873712cf7874614965ddbb8a18bc0c569ab70b013665bf45c34f2500a198715
UsZOHfH9qsUMdUUq,1742198726804,4,1742198726804@PWAUsZOHfH9qsUMdUUq,667bab3fdd087a18b90bec3aeb6b4e42d953d185d1806c6988916cdbf2be4eece900936c144c1f9b0462e2890b8e42ab
UsZOHfH9qsUMdUUq,1742195221804,3,1742195221804@PWAUsZOHfH9qsUMdUUq,727812885d6b81ff8465cff8ac8da426c497807018b132aea6eab2ac467c98495d32f7ff6beba09f1d9d15c29013492d
UsZOHfH9qsUMdUUq,1742187489804,0,1742187489804@PWAUsZOHfH9qsUMdUUq,728f277c1c32a8b61703010cc1affa1ccdb49990f4991eb70d1bddd8e68770404a010f34c4d4281e4c2de070f131e4ab
UsZOHfH9qsUMdUUq,1742200670804,4,1742200670804@PWAUsZOHfH9qsUMdUUq,8e147b3e0df3f5b939c51bea09f321160a8adaa2232330ebe48617ae5bf24835ac781a5751a71fce6f6a7686f071f256
UsZOHfH9qsUMdUUq,1742198737804,4,1742198737804@PWAUsZOHfH9qsUMdUUq,a8c41e3ea0fd12db3ac81617ec1e28f2aed25d9e9925b67510158ade5151ab0d770c0274bba5e82077bc35fa07a6afd9
UsZOHfH9qsUMdUUq,1742178633804,22,1742178633804@PWAUsZOHfH9qsUMdUUq,30ca420fd06d9af96f7989f621832a4933108385691995eb24b496606d27274fb03f6ba0988b7801ccbfbd27d792272c
UsZOHfH9qsUMdUUq,1742199178804,4,1742199178804@PWAUsZOHfH9qsUMdUUq,3f1897791cde63d21eb996b1f40901b594e7b7c9b8fe9848bd4dd49e20b22edf7964379a5d6c1d06b71e41c314f8fab9
UsZOHfH9qsUMdUUq,1742198314804,3,1742198314804@PWAUsZOHfH9qsUMdUUq,1cfdefb1335e3e27545890e4071ae1b739b6a56251eb0ed400484c63a5ef1b60427ed4506ecda0405fbfd0bda7bb440b
C59N4x0FH8uWqczQ,1742179339804,22,1742179339804@PWAC59N4x0FH8uWqczQ,7308c913dc9af1f0f89a682f8cc770f538ec2104cd78b815b06cd1dcfecabd7e4559dd65f42225c8454ab5c4aad069a2
C59N4x0FH8uWqczQ,1742169010804,19,1742169010804@PWAC59N4x0FH8uWqczQ,83ebca12e2b9a2f9ac82ac353a3d6f62a4011ba1de4d61ec858a4d1e5aa09a65b85a04f7ed258678cc1d7d1ccd9a7969
C59N4x0FH8uWqczQ,1742171714804,20,1742171714804@PWAC59N4x0FH8uWqczQ,b84fcc81d742f02018290f71560a3c30eb394ae02dfdf7cfb52a5e29fcdc4c9c5bf7761bac2b7260c20cf95a1a3a5a42
C59N4x0FH8uWqczQ,1742177533804,22,1742177533804@PWAC59N4x0FH8uWqczQ,abddedc8123c435f5816d62743ecc4afe30836525d840e63dea5268b9026abb0ddbd2a93c8ddae485a2539ca59bdfca8
C59N4x0FH8uWqczQ,1742170279804,20,1742170279804@PWAC59N4x0FH8uWqczQ,6ddbf9cf99fe51defacac14a58164d47e1d1bf575fa9e281448f205504da0ebe3da77043b20fbf1e81956e2329a57079
C59N4x0FH8uWqczQ,1742178924804,22,1742178924804@PWAC59N4x0FH8uWqczQ,86edd7e31cffe9bc6d2b351a86fdfc1b2b255aa3d8a94c65d60fbfa6fc6d1feeba15bd983de845a5b6b89f1a3153807f
C59N4x0FH8uWqczQ,1742198424804,4,1742198424804@PWAC59N4x0FH8uWqczQ,09acf182778980e1bbcf877bebb108f1d216365f2521880c4e034c5d83a3cb09efe5e79a126b8588d05537062f92e4e7
C59N4x0FH8uWqczQ,1742198001804,3,1742198001804@PWAC59N4x0FH8uWqczQ,0afbcdec9605e50bb930b12a8ceccee2e5059fcda55e61607be4f34522424fe17b21744aa6500acd79d9ef1d8dfacb68
C59N4x0FH8uWqczQ,1742161304804,17,1742161304804@PWAC59N4x0FH8uWqczQ,934da3aa0ff851ffede2f5f5ce1f74fd9376c3d0da6af441c0fdb1cae8b59c7b1677d101de29a69e37bd0c6d28a9f07f
C59N4x0FH8uWqczQ,1742194712804,2,1742194712804@PWAC59N4x0FH8uWqczQ,cd8f950509b23257d28a66d78e8b08a4433465703cf40dd02fdda71beb0aafdebc4e02df7b51134d411db03b20545d14
C59N4x0FH8uWqczQ,1742173255804,21,1742173255804@PWAC59N4x0FH8uWqczQ,611f469a835cc56d0a07e57b9b6b9ad19155780c3b0e9fa9280c98dccfbb533571d84c266eb193e04313e0ead11451fd
C59N4x0FH8uWqczQ,1742176624804,21,1742176624804@PWAC59N4x0FH8uWqczQ,03c47ce2a9eb2109863020b89413098aa24e92f69c3f348a54ee309347d15fd0b1071d27bc5d828bca59a93e4dab73c8
C59N4x0FH8uWqczQ,1742209934804,7,1742209934804@PWAC59N4x0FH8uWqczQ,577dbf6ecf9b7c64af9c5d7707edefc3543e8ba3a769b20df93d57acd1f931c8497c42abb342b29178fbc8b58f8404d8
C59N4x0FH8uWqczQ,1742197415804,3,1742197415804@PWAC59N4x0FH8uWqczQ,ae43144b741c643e8fb48104ad6ef850742f187dcd7336c9e473dae7d450c3a95e01786bddf3cede07c0a88542f4af37
C59N4x0FH8uWqczQ,1742213220804,8,1742213220804@PWAC59N4x0FH8uWqczQ,aa6e2521dae94aa24ed857c5389bccfa4a719e586526e31cca666855019c2b24d0a3b265976cdad7e203435d5d20debe
C59N4x0FH8uWqczQ,1742199225804,4,1742199225804@PWAC59N4x0FH8uWqczQ,ee4010799360ea5087e64d9f2e658d7b0b03bbc1893bcb41eb353f880426124ef4f306e19c2ff96198e91959ca0ba589
C59N4x0FH8uWqczQ,1742190500804,1,1742190500804@PWAC59N4x0FH8uWqczQ,e2c4242ef9ae7a9bf65825b75580eb15df434dfd8b4bce5854e3488545abeec4b00b2fbbeca029504eb31d7691bba0c4
C59N4x0FH8uWqczQ,1742183659804,23,1742183659804@PWAC59N4x0FH8uWqczQ,c8d8ce5cf2c1dda272883ebdb2054d9b83dbee9e87a9c74336ce3d9f4825c6a1c409ed0be0fd010ec7a0b85079b8d033
C59N4x0FH8uWqczQ,1742191055804,1,1742191055804@PWAC59N4x0FH8uWqczQ,60baad033a6d1d9fd14349dcdd655d84a330c664f7e38f27a5065b860252ac51195636181ebea6b2bf283c702bde2575
C59N4x0FH8uWqczQ,1742162902804,18,1742162902804@PWAC59N4x0FH8uWqczQ,a8321afacf773273ce12096ded5bfe4bd151437a956fb01e5d76e530775cd1eeb58748d1f1b6c86e3dad25e2b487a72d
C59N4x0FH8uWqczQ,1742216321804,8,1742216321804@PWAC59N4x0FH8uWqczQ,af1bbfad4ccf2bf0e8768ed8bb2b4cb2808798857fbeb17d6fcbf622e0e08cff956f8ae3e59bf94331c6cb82b22ef50b
C59N4x0FH8uWqczQ,1742183133804,23,1742183133804@PWAC59N4x0FH8uWqczQ,d09a6265d2c90b8c0145938c5509f3a3ecb6e547a3468f46dc741a8b04c921aefc074abdcc14cf131f8184305b410079
C59N4x0FH8uWqczQ,1742216562804,9,1742216562804@PWAC59N4x0FH8uWqczQ,48473032d12e7e492291160f804ec50dcd25c9059e950048ad2d24fe5b44337c1d48169e77815672b163596854ee723e
C59N4x0FH8uWqczQ,1742199110804,4,1742199110804@PWAC59N4x0FH8uWqczQ,6088dfc82305446db0546ab29bcf9ddc605c0d5fcc988ca7be2148d0fc404040760060e983d90da3f2a4f8e7e8e15fb9
C59N4x0FH8uWqczQ,1742162952804,18,1742162952804@PWAC59N4x0FH8uWqczQ,d56dbef98bd5c7d457c3a8c144eed39f32f23f215ac6ea375ef2672b63c6ddb2c92b4b358ee298fd1fd05893ee0f7a6c
UsZOHfH9qsUMdUUq,1742173681804,21,1742173681804@PWAUsZOHfH9qsUMdUUq,b34191228a7e35076b206fe25c016089bcbe7ac9bb568657aaa3aac5085f9e385ea479a0b7f0d94660c75c0c8d2344be
UsZOHfH9qsUMdUUq,1742177435804,22,1742177435804@PWAUsZOHfH9qsUMdUUq,e9ea35602218de8e8463ce7d0cba3d9852dab134f73b14b154c43ce2acbacdbde898b0e9f2b4a4b003099005fc9f1d5a
UsZOHfH9qsUMdUUq,1742163829804,18,1742163829804@PWAUsZOHfH9qsUMdUUq,01fede6edaf2b75a5832acc5f5929a3930070a23b3b1653b4ab7a6a7394949377fb2efa6f42bcc9940adb5cf63e55bbd
UsZOHfH9qsUMdUUq,1742167302804,19,1742167302804@PWAUsZOHfH9qsUMdUUq,52259013542f1382d0d9af3f673dfbb85ef2961447cb59c92d31ba2ec337f9fb5c147d13ffd0b508203f025dad9d42aa
UsZOHfH9qsUMdUUq,1742195205804,3,1742195205804@PWAUsZOHfH9qsUMdUUq,c76f8f95d3d9f125597f1246824470ca0313d6c2c9205bc0ab925971cefd75201922e7b2d4e53cff12292f7a9bbb0f39
UsZOHfH9qsUMdUUq,1742194550804,2,1742194550804@PWAUsZOHfH9qsUMdUUq,354cf843f381022a6bc3042615e0167ab92b903bebc5973c12c85e3192bf48181dbd8880f9a0a62e326cb77355867147
UsZOHfH9qsUMdUUq,1742174960804,21,1742174960804@PWAUsZOHfH9qsUMdUUq,e101e97e9aa1e30d2aaad37f550f7a95c52dd85cfe8a73edbd40302f9855e4ca50c290216af90a326f9278b872bf2385
UsZOHfH9qsUMdUUq,1742168390804,19,1742168390804@PWAUsZOHfH9qsUMdUUq,7379d4e1aba6d89385be1063ed602653d79981c8ce06a0d0eabd2915a3ffb9c5266fbd2cb15a814e32f300c1dac2980d
UsZOHfH9qsUMdUUq,1742218485804,9,1742218485804@PWAUsZOHfH9qsUMdUUq,3c20e5645d25c9ae7055770816114811c32f8279d0c62367f92178d69de2134f8eb10efc1f5edc53934cefaa7bf223be
UsZOHfH9qsUMdUUq,1742158756804,16,1742158756804@PWAUsZOHfH9qsUMdUUq,fb159d13f0981fd6f111cb99280d56c3c2722942154c0ade0fecb014edf496f75e37e44d78a3de0b1ed07f20988e7610
UsZOHfH9qsUMdUUq,1742171691804,20,1742171691804@PWAUsZOHfH9qsUMdUUq,85299b7d15791d1b387dfafb8d9cec39a65792f87815dfba4a985397338a0659f10cd34866101d9d7008709de71fd4f6
UsZOHfH9qsUMdUUq,1742168653804,19,1742168653804@PWAUsZOHfH9qsUMdUUq,2707767861934d977ceb64fdeb0d5eaaf5c41b658111d274e2588a78c0b0e4bb855969bee590e4498490c6d11a4607ab
UsZOHfH9qsUMdUUq,1742188092804,1,1742188092804@PWAUsZOHfH9qsUMdUUq,432dbb9b4c5a45f167d5330e4920afaa9e27e098bb88a5d1320bc5c9b98030872d9a3bff75e91b47ef588910e7fbe29a
UsZOHfH9qsUMdUUq,1742172435804,20,1742172435804@PWAUsZOHfH9qsUMdUUq,87f8810b999157836ce97d5a42396c234ffd3a1925f820a789462845064e454c1f7db15ffae0d5c54d9d61248ef8468c
UsZOHfH9qsUMdUUq,1742186300804,0,1742186300804@PWAUsZOHfH9qsUMdUUq,f29b5cac615b35a6722d6da30b1010e31e05e38cfcc60baced92d5a76ea720857f0dc5513579eeda374028e004f59574
UsZOHfH9qsUMdUUq,1742215492804,8,1742215492804@PWAUsZOHfH9qsUMdUUq,7ee25cb3fea512a89fabdc7759f570cb6f59d0ff9cc5c437d13a84e81ae66792488408dc64c96021876bb78123bb17c0
UsZOHfH9qsUMdUUq,1742197192804,3,1742197192804@PWAUsZOHfH9qsUMdUUq,cc6ee0d16cae2549eca66ee66b537725a9d79e6d39e33868e1953252ff8f740a61cc25bc61586cf09e60eddeeb3d34f9
UsZOHfH9qsUMdUUq,1742193654804,2,1742193654804@PWAUsZOHfH9qsUMdUUq,ca9af26f567fa823a1cb70a34ec6761156c987697701c34d4d1d0bfe4abcd590b63b55a8c442bb9b5fc47e6a986c04c2
UsZOHfH9qsUMdUUq,1742197648804,3,1742197648804@PWAUsZOHfH9qsUMdUUq,8bbfac890f2558c5980aae81c376c51fec0d9496cb3636816262b5bb476bab86720c73ff558e2aa5fcd41258b245319c
UsZOHfH9qsUMdUUq,1742194216804,2,1742194216804@PWAUsZOHfH9qsUMdUUq,301eddddb05b412379ebdc188aca13ba3da42127c52e47efee45168e6ad06e589bc2673b0553e64226a8452ccc7a87da
UsZOHfH9qsUMdUUq,1742179767804,22,1742179767804@PWAUsZOHfH9qsUMdUUq,6db72a5b7d12945115d8b69c57b46df388dd0f0ef509cc5631409de6c1dc5e318dcb90a1c41ba16d513bd30e23379692
UsZOHfH9qsUMdUUq,1742209547804,7,1742209547804@PWAUsZOHfH9qsUMdUUq,db38478640113acdcb5b9a3b9e837634b53220f8dae5ae2744d11edf093e14d8f7b5fa2085d11adc10827dea49e1ce0c
UsZOHfH9qsUMdUUq,1742209862804,7,1742209862804@PWAUsZOHfH9qsUMdUUq,085d0320dc53e0c902b8c7f20becd6467a07ce8cb8c021030ec113efe7eadd5d0205026559af31afd4c85af1dd00c29c
UsZOHfH9qsUMdUUq,1742205393804,5,1742205393804@PWAUsZOHfH9qsUMdUUq,1b6612ddc4c208f7a12b6bc63749f73c6d019759a1259f6f1249211d634f7c59e507668988a5ba5b68c44dceda0fe931
UsZOHfH9qsUMdUUq,1742183153804,23,1742183153804@PWAUsZOHfH9qsUMdUUq,f378a52b8b7e3fe57d6c78df8867b135f862ecdf07f8e8c086f62bb2d8887536c23641203b2d44212795d8ba96f5990a
UsZOHfH9qsUMdUUq,1742156536804,16,1742156536804@PWAUsZOHfH9qsUMdUUq,6be6e6720eeb474f67f16087bc6eead29e7789f286d6bc3b0bfb637787bf05b1674d3604c70fcb4b185bbdcd94d6cb6b
LMcJeo36nrR8f66n,1742174388804,21,1742174388804@PWALMcJeo36nrR8f66n,8b1384367fe3d49700cbdf0e6f8d63203aa43e119c47a4d73cce0866774cc674d1bea921dc7d1e855fd9b5a997445c57
LMcJeo36nrR8f66n,1742173932804,21,1742173932804@PWALMcJeo36nrR8f66n,4d225667972b421a1861bec159481a6d89c9695f9fded56b059b54246a3346292105228c4ea8b6a130c872c96e368873
LMcJeo36nrR8f66n,1742188230804,1,1742188230804@PWALMcJeo36nrR8f66n,57cc96df7815ac25289dec13246f2a03e5d5fe204f78d9adcf88afae0b6bfd4ac11d64e55d9753822e013e6ffeff635a
LMcJeo36nrR8f66n,1742163939804,18,1742163939804@PWALMcJeo36nrR8f66n,64a731755c7c3767c809449c53cf5c63c8196c9c3a57a3ecaab29502bdeee3f24f5be2dfcbbd84728befb66975e78e1d
LMcJeo36nrR8f66n,1742187586804,0,1742187586804@PWALMcJeo36nrR8f66n,8c82c1abab6c5c467de32891fe41911eebc7c43876bc3e169fc2ae1c8e45379c958d6ec6056019b89d2eb34a4bb37e55
LMcJeo36nrR8f66n,1742160942804,17,1742160942804@PWALMcJeo36nrR8f66n,00832d4d1e7c71a11100aa57341f885e153e56cb0c09be6df74d5561de6782c3d54fc8d5219060997c68289d6bb532b8
LMcJeo36nrR8f66n,1742158864804,17,1742158864804@PWALMcJeo36nrR8f66n,8ba86839a0cd804de72669f3f4a55becb4aa1ae73f9c6ab63d04798092c786147d04ff039818c0e818acc7700d758f97
LMcJeo36nrR8f66n,1742194458804,2,1742194458804@PWALMcJeo36nrR8f66n,63d8415ce89b85c88cc4d7ac804d7616cecb0072f4ce3e7f8e15c62f1a43589afcfe03464196d0c0b25578a7289b8831
LMcJeo36nrR8f66n,1742215469804,8,1742215469804@PWALMcJeo36nrR8f66n,5e1dd7a7a34b9e4aeaea25b544bd2dace0500e65d494b48689e68f572399f6857d439b282f80939c6a31da22caff6cfe
LMcJeo36nrR8f66n,1742194367804,2,1742194367804@PWALMcJeo36nrR8f66n,9c9280c2f7f6c87ebe19d2553c94be071bd7e8d63b4c4c91e5154a87847d0e5c08fe0796416928793daeab1f25a3581b
LMcJeo36nrR8f66n,1742198802804,4,1742198802804@PWALMcJeo36nrR8f66n,3a0791d4595cdaac600371861551dd6645f2a2bd078713240b18892a630ef88198f4f2ded9a2c73051d16385d1829a4a
LMcJeo36nrR8f66n,1742221110804,10,1742221110804@PWALMcJeo36nrR8f66n,dd4e24b254a956624afab4cfcfd27c99ca7effb8ae27b6f2636683ac661adcf9754090eb896b4255d33850974db52605
LMcJeo36nrR8f66n,1742200773804,4,1742200773804@PWALMcJeo36nrR8f66n,14ebb900577648460c11189ff11240728980e36105beb8f6967b14e89419816baf9c9c75100a8918f881d6d2d30e78d6
LMcJeo36nrR8f66n,1742171566804,20,1742171566804@PWALMcJeo36nrR8f66n,b62fd358cd40cf480c43c5f89367bf3ceb27f5f541ce90b6bde21570c67621c14a1715d281a745acfe009d00d21758bc
LMcJeo36nrR8f66n,1742215974804,8,1742215974804@PWALMcJeo36nrR8f66n,26d6321a5a61e72547ecfa303a8d75cce26f821d68f8cc74c3624bea80320b3cf4ab82d7b56b70858431c285702ef98e
LMcJeo36nrR8f66n,1742151746804,15,1742151746804@PWALMcJeo36nrR8f66n,0844640f638917c1a70ef04ec5068f53e1a29290bea62131d9d6e251332a24474b4f5fa2ae2585a6fbfeefc56b99b0c1
LMcJeo36nrR8f66n,1742218623804,9,1742218623804@PWALMcJeo36nrR8f66n,94858a25a8df778e3e4f20d5f3631bc4e62b18509bcd2440dc2effbd0725a2cb9f2c266a366b4d76e0b036d291fbd588
LMcJeo36nrR8f66n,1742161062804,17,1742161062804@PWALMcJeo36nrR8f66n,eed56c0e867885c38f9b052c13ad51ed46b0766f64c5dba5c48025b7c85000b6b54e94724eed83969176ad86c36651d7
LMcJeo36nrR8f66n,1742189746804,1,1742189746804@PWALMcJeo36nrR8f66n,f0f60726377a0f77d156019a784c8821f9ece78df8072a084f052651023f8068e1e34b14816b70057040985708c46561
LMcJeo36nrR8f66n,1742203045804,5,1742203045804@PWALMcJeo36nrR8f66n,ce3f4fea544f592d13f13336c928b72544665fa40d4e1b2146b2c7516d89668b44097a9369285298d4d0607e92422b31
LMcJeo36nrR8f66n,1742205635804,6,1742205635804@PWALMcJeo36nrR8f66n,2f23db300b4e7deb227eadf70fa4c29f0e91615e2be8517a818f4085135da2dba1d83a215f6361962c22d479b7422555
LMcJeo36nrR8f66n,1742160611804,17,1742160611804@PWALMcJeo36nrR8f66n,a3df77542acab7e779770f0b5fd72efa27ff7b9edbee29ca2cd77add684c3dd3b772f8f35f4452ddbfbe252bda4afe8f
LMcJeo36nrR8f66n,1742184670804,0,1742184670804@PWALMcJeo36nrR8f66n,30e335f9891bb7c73a2e3105afe7a33309701a71221afb236abaeac6c8b464c90788907e6a1c1fd4b01568c29b71bd48
LMcJeo36nrR8f66n,1742198434804,4,1742198434804@PWALMcJeo36nrR8f66n,fc4a8bb31c5fb4fdaa10a50153252ffc494439c253f45a59a098e150010c9960fa53531dc8a1542b42ecf47ef0c4833e
LMcJeo36nrR8f66n,1742219082804,9,1742219082804@PWALMcJeo36nrR8f66n,78927815ef2558b8d31762c8ee2909271dee328f52d5354e4d8924d79958faedbe90f5896155547e66daec37aee1b0a5
LMcJeo36nrR8f66n,1742209686804,7,1742209686804@PWALMcJeo36nrR8f66n,b8f4a5b676b089e00791fbd4bc96def43d9bf50e26a6e8ae50a273417dc81e45a3a649463409f6a513e9d57176b0a513
LMcJeo36nrR8f66n,1742209857804,7,1742209857804@PWALMcJeo36nrR8f66n,05e2d378442433e985e5fdfdf59f5562e6c40e6bda788f9bd731faf1c4adcaad6a049ef870154c287316b2d6e792942e
LMcJeo36nrR8f66n,1742160923804,17,1742160923804@PWALMcJeo36nrR8f66n,ef8a104561627e93fb60ca60457054f1daa01a5be4696f1d371a67282586a0398d9efc61259c75eecb966853573dff45
3Wm7mOSN4MccmI9m,1742167748804,19,1742167748804@PWA3Wm7mOSN4MccmI9m,14e591837637a72882e59626a93cde117a6ecc22c5a374b6c599ea6e8ee3a60a172471bfa875983b87910e38f99979e6
3Wm7mOSN4MccmI9m,1742155670804,16,1742155670804@PWA3Wm7mOSN4MccmI9m,87f5f3bb284ec89ba399fd0fa8f105aacaa8c091993aabb3b67380dbc3e2e79fa5f729d95feb756832ab90a6bdc10443
3Wm7mOSN4MccmI9m,1742158386804,16,1742158386804@PWA3Wm7mOSN4MccmI9m,d73a51256177a40bcf75881f9ada9fbeb2458324c337daf0f36ca253348317029a2460604a95fee2daa5a6e26a2287cf
3Wm7mOSN4MccmI9m,1742207979804,6,1742207979804@PWA3Wm7mOSN4MccmI9m,f665f9a99dab63ead33e7bd853c9ed19a27c3481dfb23f4addc1af9e894ee3ab50a67c4af6cc7c42c00e0a685e853cc1
3Wm7mOSN4MccmI9m,1742177863804,22,1742177863804@PWA3Wm7mOSN4MccmI9m,5a01a35ffb70342c735106ca2caa3e140e56a723ccaef11d380b9ea2303e6c06416b5cc5b52b5f273975bff01a365d32
3Wm7mOSN4MccmI9m,1742158113804,16,1742158113804@PWA3Wm7mOSN4MccmI9m,5b3a27af707582f054a8b6f45d2e9ece6cf876f0a00d03dd20f9aad6663aa07a712bd2da2a3a83166a0fd9ce77cdb3fe
3Wm7mOSN4MccmI9m,1742183861804,23,1742183861804@PWA3Wm7mOSN4MccmI9m,e8bd77568aa9811ba99bf3da0167968105b9100996ac7cac9568363aa2368519132502106922e3d9f1de0028f3c84ac3
3Wm7mOSN4MccmI9m,1742209085804,6,1742209085804@PWA3Wm7mOSN4MccmI9m,7662944052fabb5b7de7f7789d54d29a37d1a8a79e73d700ea8c251b447415aa44fe4bfbe59b04cae1cc040084447f03
3Wm7mOSN4MccmI9m,1742216720804,9,1742216720804@PWA3Wm7mOSN4MccmI9m,8f44b51a99a3d35ee66fc0e50e49672688e41e6c6b6959ae9c79576de0b45bb6adadc47a1e5f51ca7863ec4458bd00a9
3Wm7mOSN4MccmI9m,1742193368804,2,1742193368804@PWA3Wm7mOSN4MccmI9m,032a87ddfe60cac76661f55a9c38b2afc144640fdeec587515bf287bb4fafe1c7d0d1098d583bd4d429da1a96a0c2fc8
3Wm7mOSN4MccmI9m,1742200209804,4,1742200209804@PWA3Wm7mOSN4MccmI9m,cde2ee2d8b71d1101cfe9a318378d33ef125e68e2f6d56645064cfc6230e2fd4f8de532b0bb02ba4f2dcb67882f03ccd
3Wm7mOSN4MccmI9m,1742149560804,14,1742149560804@PWA3Wm7mOSN4MccmI9m,fd3742b65c6484546c8695c5809c07cdf0f39d1b08424713545cd2f571229f66dc109b274a269dd0d23cddf0d64afcc9
3Wm7mOSN4MccmI9m,1742219924804,9,1742219924804@PWA3Wm7mOSN4MccmI9m,0c662a93fb237085e447373153a710305019633a4a8c39e88e86f8dd9245119ad0b3deaea5aef76c2755c7aaa421b822
3Wm7mOSN4MccmI9m,1742196306804,3,1742196306804@PWA3Wm7mOSN4MccmI9m,b48d98fa2da857a82154656e724a7ec14687c1777c417edd6bb4f4be7de9f1105c1076208eb01bf11e2913c8b6aa5faa
3Wm7mOSN4MccmI9m,1742170689804,20,1742170689804@PWA3Wm7mOSN4MccmI9m,fa68a896f450f0b082066614ad72170f373a4dbf7d475811b891a14c47face7d205e505c1b0285689fb58a43116d46d2
3Wm7mOSN4MccmI9m,1742219154804,9,1742219154804@PWA3Wm7mOSN4MccmI9m,2f5f4c25259c306a8a4734a74ee69639222a2c5b6a4bf6a73683cd41632d32f2a40813b12a079c2713471a944536eb8c
3Wm7mOSN4MccmI9m,1742185350804,0,1742185350804@PWA3Wm7mOSN4MccmI9m,57ec3ecd4941a42f4dc7ea4b3df9fdd0d0a768feb77a0da20405ee463c980ba0bdeecd7fe2ef4bc69cf6ed782a3b0ac3
3Wm7mOSN4MccmI9m,1742199315804,4,1742199315804@PWA3Wm7mOSN4MccmI9m,7c8c640929c6e74c2930e50b743dd4467073df479fcfc9a83eab98ef1257a79f9f0d15d5135647bb7347abb7c88689a8
3Wm7mOSN4MccmI9m,1742172906804,20,1742172906804@PWA3Wm7mOSN4MccmI9m,7be348596ecaa5ffa8119aa7065a8bb1b48e32344b80bde8434a2e579617176e54f5eb28dbd6b9acabecab76279d878d
3Wm7mOSN4MccmI9m,1742163743804,18,1742163743804@PWA3Wm7mOSN4MccmI9m,004d4de0cfe131e253defa3a5819af1a82f03a1ddc8320c64dab9128e2bdb96e25e6ef6d21151c29a20e08c88063d31d
3Wm7mOSN4MccmI9m,1742186426804,0,1742186426804@PWA3Wm7mOSN4MccmI9m,18b8debda9316c0611bb1cddd7b09b9e6a35cb31055c0155bca55aa8e3654ed8147e057558316be4f50cd51b339cdd4a
3Wm7mOSN4MccmI9m,1742192489804,2,1742192489804@PWA3Wm7mOSN4MccmI9m,9c453076d7f7b4320281f0942bf5032a5cf03044ad4d14e9ab524150adcbf31ada2ee63bfd5d6b2dbf8ca62079849ede
3Wm7mOSN4MccmI9m,1742218427804,9,1742218427804@PWA3Wm7mOSN4MccmI9m,1e9c912ab08f56910c762e8a2b842b71495a36fad80b60b7027d1dbe5e886d7f6131f6920e2a61d53c44189deceba39c
3Wm7mOSN4MccmI9m,1742202936804,5,1742202936804@PWA3Wm7mOSN4MccmI9m,da87283266af0b8874c0c840796450027259b723e23a97db8e7746df0ba8a327faa7aeed80ffd9c7409350739db7d759
3Wm7mOSN4MccmI9m,1742220604804,10,1742220604804@PWA3Wm7mOSN4MccmI9m,20190b0fc713ad3ccee682d9b8cef411ed8b61335f0f365b75b6f0a9f478ffea61d111bb044f981ff4526cf8de1ed14a
3Wm7mOSN4MccmI9m,1742182020804,23,1742182020804@PWA3Wm7mOSN4MccmI9m,b9328ee12177cd23a118f0c6546f1d9659c0247ed2903a9af8db995d8e19990d99a60b0bece430becd970d312325d41b
3Wm7mOSN4MccmI9m,1742192139804,2,1742192139804@PWA3Wm7mOSN4MccmI9m,d079a2e762a5a5bf3622defbd129b1cd0730cd6f50e14e6739a862719d5f2c955a2d193647c47c1c0127a6efad8fde11
3Wm7mOSN4MccmI9m,1742171288804,20,1742171288804@PWA3Wm7mOSN4MccmI9m,3f88c6cf8d2684b8a0bcdeab2af6b90047a9a4f725737969a550d5345aec25a617089ddf0512cbcd7e8342558d292c1e
3Wm7mOSN4MccmI9m,1742175181804,21,1742175181804@PWA3Wm7mOSN4MccmI9m,f1731df51083bebab8b624c3051b20604d00cb6bef7b3d2dfcc9ebea34fe41afa37f38b2cc5070d4e6c9936e1e5b5ea1
3Wm7mOSN4MccmI9m,1742218669804,9,1742218669804@PWA3Wm7mOSN4MccmI9m,c6c095c6257010b34ee0e582f2a831deb7bed1a89d34aeaa72f164e05aa69c1711f20afed03972f73b18a97e4f91d87f
elov3vEpQPHcfMQN,1742209959804,7,1742209959804@PWAelov3vEpQPHcfMQN,80dc1e4640652cbb9788dbfe91ab33af15aef3288cbb4442caaef849058e5632ef5ab7e99f6063204c3a0e00b580292c
elov3vEpQPHcfMQN,1742192605804,2,1742192605804@PWAelov3vEpQPHcfMQN,64e1202f74fca5f961447f67c41fb73c61821e3ff1f029bab28941fced38585257c1f20e3274822b2a244b6e48f59070
elov3vEpQPHcfMQN,1742201727804,4,1742201727804@PWAelov3vEpQPHcfMQN,ecb758b72c7bd563a77e0e8c88cd6ed0aa6d3b3d1b7decef08767ea64cbd4f792afae70ebe79971bac346b1f5fc8061f
elov3vEpQPHcfMQN,1742183819804,23,1742183819804@PWAelov3vEpQPHcfMQN,caedc2e04a91a1437110380716eef06fdcef4fe8631318e248ed7e9540c6f4a40d4806165c7ded597e6ea18d9f9a2fd1
elov3vEpQPHcfMQN,1742196607804,3,1742196607804@PWAelov3vEpQPHcfMQN,c018556bd500cc77c1619e94d266c9b3274c73e55626292d4a44fd1e8d53b389b97cffa5212f0ac02a9e3a1d8df359b8
elov3vEpQPHcfMQN,1742186892804,0,1742186892804@PWAelov3vEpQPHcfMQN,e5203b5d431f40e3a516754d16920203a0c3b11d4816263ca8ced16c875b3917ee62e689cde73f6c0a290bfc81c5d2d9
elov3vEpQPHcfMQN,1742184381804,0,1742184381804@PWAelov3vEpQPHcfMQN,2a17319da4ad8266ff31257094da306cb383bf51779871c15a4602601593390db6e2f4703224df0ca9b89f55b259fc5c
elov3vEpQPHcfMQN,1742155101804,15,1742155101804@PWAelov3vEpQPHcfMQN,3ba21bc9568a9e400109ae2beab3fb759af8207c33131f1e4a683110c221c8e04cd588d3bbccb84cfecc00de7e061922
elov3vEpQPHcfMQN,1742204435804,5,1742204435804@PWAelov3vEpQPHcfMQN,384f205727f9227fa215529b956b222a111be21e47e3f085d3258eef6e62b02e54d02a993b9018c4be78e9ba8e912193
elov3vEpQPHcfMQN,1742189714804,1,1742189714804@PWAelov3vEpQPHcfMQN,836aa039d855b6adfd7bd13cdbe8b640522c6f70695e32410e6f22dad0f77a8d4e0bb9bfaba39f2b58c22c5237634a46
elov3vEpQPHcfMQN,1742156266804,16,1742156266804@PWAelov3vEpQPHcfMQN,7f8952da2980d925aa959b590f83910fcf14fe2e240ae4319ba73be3bdf019c7657615d8331028663d86d4c37386746b
elov3vEpQPHcfMQN,1742182760804,23,1742182760804@PWAelov3vEpQPHcfMQN,887f94e859bcd85ce2571b3a117301bb46fabb154bfd7b249888e8d6ef704d1fd50660a6cc042023dbad45835d7b39e6
elov3vEpQPHcfMQN,1742170667804,20,1742170667804@PWAelov3vEpQPHcfMQN,ca601fe5f313e843442eed73e0465b35cf38a0d885d534ffc2ab881703eb84521515da84e06c834c87ce59d5abd8f83f
elov3vEpQPHcfMQN,1742189985804,1,1742189985804@PWAelov3vEpQPHcfMQN,c45c5d074f255a8a13a155fbdecc7b47fff0f841edefb8a4414d0275638949e4dbaf1f7c9755494010d0343d3ba6c769
elov3vEpQPHcfMQN,1742208036804,6,1742208036804@PWAelov3vEpQPHcfMQN,c718059c378e4689436a3fe52d20dce4347a16b0f0ddf1fafff0e8b4093470f61ced567463a6aa323361c6dceba45bf1
elov3vEpQPHcfMQN,1742193624804,2,1742193624804@PWAelov3vEpQPHcfMQN,c7f8f5ae791d09d8fbfc44db59b6ceec3d0383967f7f9231536631afc37f82ae8bdd0981d00ab663bd46596edb8bc3d1
elov3vEpQPHcfMQN,1742192316804,2,1742192316804@PWAelov3vEpQPHcfMQN,30836852b20b5158a88a8d3d733249c80bb93b291070f9be02de3571067b014492c7ff016c8f9e68ebbc188b2a2c8593
elov3vEpQPHcfMQN,1742193322804,2,1742193322804@PWAelov3vEpQPHcfMQN,8287181b462e9420cd1a0b308c76bb22c9d616530e9ad8037496a03f10ea39f83f9945d9057cbdc575851bc527c1db23
elov3vEpQPHcfMQN,1742170804804,20,1742170804804@PWAelov3vEpQPHcfMQN,6c28c28a5eb0608815bb7ef848f549683c8df29ae906680ba2bdbe21419d32c7d16799734fecf176c37dac5bb138916d
elov3vEpQPHcfMQN,1742197506804,3,1742197506804@PWAelov3vEpQPHcfMQN,92b94157e25613c8af11beb4e19a5c77112928c10caa84a21590a782b3d0ca855b358d292e1b92a7fec8d65f4de025b9
elov3vEpQPHcfMQN,1742206403804,6,1742206403804@PWAelov3vEpQPHcfMQN,c5673fcff0da3be48429833c2d2f1cedd25d03ab4e8bb89c2a40c3f4668450f97a2a68d76d5202c388dd0b18220bee02
elov3vEpQPHcfMQN,1742167412804,19,1742167412804@PWAelov3vEpQPHcfMQN,d13e9c53178e5d98b07256a1220b341671e87a75ac93715e24b6667d71686f5970a2022c435eff4b3fc6122dc03eabb6
elov3vEpQPHcfMQN,1742179851804,22,1742179851804@PWAelov3vEpQPHcfMQN,693c79a90af018c858cbdf3818cfdbfeb217de80ceced92e4898fa99dd834946345e5e4a6c46b7b72697c8235be8b80d
elov3vEpQPHcfMQN,1742173201804,21,1742173201804@PWAelov3vEpQPHcfMQN,fc2c31a95fbd9f840bd681693ebeab331264710708282a6f48797922b27c1dbeefb4f5af426ded750a6d9ded896411da
elov3vEpQPHcfMQN,1742198415804,4,1742198415804@PWAelov3vEpQPHcfMQN,e7434d8873cd4278c782c99fd78b9c4a84750597bcdbe68ccbf87766a1c94b31abaa4c48e2fc17ec73b55d599f06f4da
elov3vEpQPHcfMQN,1742160019804,17,1742160019804@PWAelov3vEpQPHcfMQN,d1575706a675b924ba844c12cfe452d35828cd52eb9600fc8829ba3f66786124744b33dd1d50b728f79ca314f46ab551
elov3vEpQPHcfMQN,1742216278804,8,1742216278804@PWAelov3vEpQPHcfMQN,a36d41e3e90ead26db14fd6717c3b2aca70b09c4e6e40997516f90e666e18044b706aacd14304b58a7499734fe010786
C59N4x0FH8uWqczQ,1742221272804,10,1742221272804@PWAC59N4x0FH8uWqczQ,e63bba972dfd35f87262b49e2f37c40daa04815671f1b6096785d04a64be967904c7414115d5262b59694c2a8c7defac
C59N4x0FH8uWqczQ,1742210580804,7,1742210580804@PWAC59N4x0FH8uWqczQ,ae99acb804a77c03b049b62e2ea00c0ae501065e6f4b701092acdac6359fa47688a0104f26e74444c5e92097ea1075fc
C59N4x0FH8uWqczQ,1742172523804,20,1742172523804@PWAC59N4x0FH8uWqczQ,e50fd36aba17ffda31b83a50dbd29cc6d1809fbe5ebd442a5ba15d2f946ad3ba1bd6c2400a686bde7e22a9e9bfc28a60
C59N4x0FH8uWqczQ,1742182992804,23,1742182992804@PWAC59N4x0FH8uWqczQ,6d2f20bd1d31d187de0010a10c7bf8c10133747f8aef2a07405108fa19df59fb6b7a5059f0e872e739ce93791901fc94
C59N4x0FH8uWqczQ,1742188831804,1,1742188831804@PWAC59N4x0FH8uWqczQ,2abbb4c1d78936dc292c0b6afa09dfe4d9a4728183f1efa404a614e2ed55ea78c5f902d8b05874a01f21b78f4101a92f
C59N4x0FH8uWqczQ,1742207779804,6,1742207779804@PWAC59N4x0FH8uWqczQ,f4775185ee307fbddc94f55e17e4a7de14998fb3289877d9b5b788ec1c1723cb7d7da3895fecb5a35d236b23c151f5a9
C59N4x0FH8uWqczQ,1742208980804,6,1742208980804@PWAC59N4x0FH8uWqczQ,3a01b34957047353689abcfaab92abd486f02a7238ec3e6e32d8f880b5cec550a209427747ac180c12affd7f456d8ab3
C59N4x0FH8uWqczQ,1742155431804,16,1742155431804@PWAC59N4x0FH8uWqczQ,eb28873b5e4152a6377be0930ac0603a63f1f44669e3cc1c93db10e6f5555cfd199186ccb27338296e1a0995749dec6b
C59N4x0FH8uWqczQ,1742203194804,5,1742203194804@PWAC59N4x0FH8uWqczQ,e0f61626f082c97b3cdcee10a834d91b3c988a2747f16c330b614765f751dc8ba8c6c585aa1673eccf534eb3371a0986
C59N4x0FH8uWqczQ,1742149463804,14,1742149463804@PWAC59N4x0FH8uWqczQ,05429e76901ff266b3a0a8213df2985df5136c8ffb7d9dd18b47a9bfafc086b342829dc663d40ecc3aa533cb6c1462d0
C59N4x0FH8uWqczQ,1742202389804,5,1742202389804@PWAC59N4x0FH8uWqczQ,97c49620fd35ea806b4bf1c01837cd1eb984f9c54f7a832e7661c24600c780f4dfe6a78c3da9df388c63073479a95ae6
C59N4x0FH8uWqczQ,1742206477804,6,1742206477804@PWAC59N4x0FH8uWqczQ,5e73002d7f0b43ac9f351846dfcb202ce2abfcca3cd04a67d9b00c7910bde0d15aa9f444dbfbb291c6261590b546d8ca
C59N4x0FH8uWqczQ,1742195858804,3,1742195858804@PWAC59N4x0FH8uWqczQ,718520d23ce963c6f57abb40090265f985a1bf61ad446f8566bf124fb3c4f15dd336843025bb233f860dbef1b003107e
C59N4x0FH8uWqczQ,1742189710804,1,1742189710804@PWAC59N4x0FH8uWqczQ,4d5879f65cad1826e4c6f639a0c146ffd8138c83f0a3cbc1ef253e91d42e8968fc9d5e92704a91d6605ecc415b929b0d
C59N4x0FH8uWqczQ,1742178175804,22,1742178175804@PWAC59N4x0FH8uWqczQ,391a4d6ba02018f40e587e483c5b90841a3f2de43dc78f11a1a19b7d5c058170d8cc44346ea114308a828076febb3161
C59N4x0FH8uWqczQ,1742174871804,21,1742174871804@PWAC59N4x0FH8uWqczQ,3bc7d34f52df0e5546ab8499a283c8bccc1b16e9649cd2f1efd44d73e82365900972f62c90d4976c136931135407cfa3
C59N4x0FH8uWqczQ,1742188244804,1,1742188244804@PWAC59N4x0FH8uWqczQ,f1dc94e602edff85e9542b6515f56c7689f3fb118df3de45acaf3b5225c1abf74df6b5d6a5ac99a6d9b4182b2e2c678d
C59N4x0FH8uWqczQ,1742186305804,0,1742186305804@PWAC59N4x0FH8uWqczQ,d078979c74ffd0a62220c442d2fb30bbf42978ef0fd4a6953c4d899530b7a2f192b5575f3837d552d9accb3fcb4858aa
C59N4x0FH8uWqczQ,1742174628804,21,1742174628804@PWAC59N4x0FH8uWqczQ,a25109f72bc4e2cee4bf0b36cb0230fd93a7afa8291ae9f8b875a7fa16b720a01b44b64687c527e028d289b7a2f99932
C59N4x0FH8uWqczQ,1742172171804,20,1742172171804@PWAC59N4x0FH8uWqczQ,e3b62b958ff97b9b3a82e21a3bf980f6d4858d85630284fb64a28ce9c457840fffd18c1711ee7bfa08aea7723ba78630
C59N4x0FH8uWqczQ,1742210125804,7,1742210125804@PWAC59N4x0FH8uWqczQ,11d97d5bd249b395cb81adfcc8aa14a25bf0519f7ab39562294236b6c4a07e87b19d95d7ec289403a9af50c4abe7a51d
C59N4x0FH8uWqczQ,1742154792804,15,1742154792804@PWAC59N4x0FH8uWqczQ,6c18b5c68640305f7112bbedcb5b9d109b948c215e41cd2ae4a977b62d03b34aa713c7fbaa04000f26286b39be7fb178
C59N4x0FH8uWqczQ,1742178114804,22,1742178114804@PWAC59N4x0FH8uWqczQ,7e723ad60288c4621b5d2d5effb86aaaf51112b36f402b7151a8a4d90920ba0d7e4fae8df819adc4016586d2293db73d
C59N4x0FH8uWqczQ,1742213081804,8,1742213081804@PWAC59N4x0FH8uWqczQ,06a6c0ffaa0b6dd7ab111c98f3bbba10882dfd57d81a9534459ab35ddc5b63683dc84a33a63025b9fccaceed5a9595be
C59N4x0FH8uWqczQ,1742207940804,6,1742207940804@PWAC59N4x0FH8uWqczQ,e16935a9aa38f5aac1767ce282aee9ca5bcb8504b6511f594677dfc7a7b0ff0d68aaeb45a83feea970f32f8f8a0905a4
C59N4x0FH8uWqczQ,1742212347804,7,1742212347804@PWAC59N4x0FH8uWqczQ,8f555391d36059374621f716fc7c9cc78cfedd9237753f5a533acf3d3d7ba39dba2248d97d7e3dafea339703a75874ec
C59N4x0FH8uWqczQ,1742206060804,6,1742206060804@PWAC59N4x0FH8uWqczQ,9e378e5859e43df94adcbbbb3fe6639deadb80fc8bf70d458e8546546bd09cda017cde3f66645dbcb94a58fb74283acf
elov3vEpQPHcfMQN,1742151625804,15,1742151625804@PWAelov3vEpQPHcfMQN,33d71f475c354cec9c354d4b9a276773301bbec9a29f700e23c00d7eea30290bd033548dd5d439921719e0f7e3826e81
elov3vEpQPHcfMQN,1742190395804,1,1742190395804@PWAelov3vEpQPHcfMQN,449e95749770d100de62595f9fa9d68c25d0fb40436d60c03380026a5fbea4076e0ac53e47d8bba0f8a6affbecef6a64
elov3vEpQPHcfMQN,1742199807804,4,1742199807804@PWAelov3vEpQPHcfMQN,9ae5b64c619d984a9c62638a39a99adc588c30b90c1b5b08fba4a7676d68807f07dd2025d598bd7a2c6a00ca306759bc
elov3vEpQPHcfMQN,1742206721804,6,1742206721804@PWAelov3vEpQPHcfMQN,fa3cb822bfebdefac734b791f2200116bb13aadf12eb0758b80fedccda5dc5c5763a3a2fb12a5a5d5d190db05d2ea8bf
elov3vEpQPHcfMQN,1742191882804,2,1742191882804@PWAelov3vEpQPHcfMQN,b8091f765be2cfc1e1abb11a76f8d3e639f819b19c25949a8d2c68ac3bc223c73d61fc9e783a4da7f12f44ecca06a543
elov3vEpQPHcfMQN,1742211488804,7,1742211488804@PWAelov3vEpQPHcfMQN,9fefb653241e44c0d12e1ae5d3bb2f45b3259818015064695f9763798358ddaee7a395fc7d55bd54768c248d65dc52e3
elov3vEpQPHcfMQN,1742202174804,5,1742202174804@PWAelov3vEpQPHcfMQN,0833eb012edae067a9a3020ae46ce9415effd7fd27c2604f69a80c828b3cfece4a554781af636d52b3e2fef8528ca461
elov3vEpQPHcfMQN,1742189708804,1,1742189708804@PWAelov3vEpQPHcfMQN,04ec8181d75328fd51b0dfb8fee7fc8dd76721c6cc6a1f7b918a7fb687101e0943e7c5bf24ab0cfb5dd581472bf4e35b
elov3vEpQPHcfMQN,1742184788804,0,1742184788804@PWAelov3vEpQPHcfMQN,5a6dca76e04e0e58b8863da4b986c03134ebb0b06bc07a0d48274fe620507c8da612028a0667b4d18fc6e10d51f2df6f
elov3vEpQPHcfMQN,1742177277804,22,1742177277804@PWAelov3vEpQPHcfMQN,7613c43a6ac5d57005f7d44e694639e7b884387ae91bbd4e8c6549b05631ce864af1b4a5d71cdd6ac3c118cf8dda2afb
elov3vEpQPHcfMQN,1742212481804,7,1742212481804@PWAelov3vEpQPHcfMQN,faad72a484f21e28cc7ca9afeecdea9a9ba245b17a344a205104cc22ad230b490cf14b475c5048a6cd1ee7173c3c6169
elov3vEpQPHcfMQN,1742157014804,16,1742157014804@PWAelov3vEpQPHcfMQN,b1e95d8a89bdd3ee6f26513ebe2a8d90b400743c9bdfa80bc4bfd7bda81c6134514357a8d44d4244d70f4e1dcccdb817
elov3vEpQPHcfMQN,1742169092804,19,1742169092804@PWAelov3vEpQPHcfMQN,93e71268346f2daa63cd4c421fa9b51264ef83670c0b66aaa9028324c67f762cf05da9c4bfdea84433369bbd504ba1f6
elov3vEpQPHcfMQN,1742152765804,15,1742152765804@PWAelov3vEpQPHcfMQN,e81d9bb706e185ba84e4457591343bf182bb96274ca78c659c8087bccaab1775ec8dda34a9d902d6b70eb331c2ce58a7
elov3vEpQPHcfMQN,1742179752804,22,1742179752804@PWAelov3vEpQPHcfMQN,9bdd42da8d4360b13c441f88e2405ce5beb12eaca5898faf2864fd36b846d03ecf6eb3bfe84201e6348813a4768e33b1
elov3vEpQPHcfMQN,1742183401804,23,1742183401804@PWAelov3vEpQPHcfMQN,aad53fd81c1c1fee66696caff9f03b10f60d4070a8156f8ef4f729678d70d39b7548c95c34b2d57e627e24e726241d2f
elov3vEpQPHcfMQN,1742163134804,18,1742163134804@PWAelov3vEpQPHcfMQN,80e08c8bf1adf3db9fd013a97645cda68bebe7d06ba36f35d94e88aaa11bcc1f7321d5971efe6fe2873a1eb48dbd3496
elov3vEpQPHcfMQN,1742206038804,6,1742206038804@PWAelov3vEpQPHcfMQN,399052dd2ed10307997361f071746fe4b13262ca388ebc190f8a720e5e571b3ab828e2be32b35c01a8723efdf88dc17a
elov3vEpQPHcfMQN,1742219401804,9,1742219401804@PWAelov3vEpQPHcfMQN,a292c654c13ec778ec38f51bf4a5d2966644a065b21293442558d7604ac84b19628b8a0883db95dcbbda1af8360f0192
elov3vEpQPHcfMQN,1742205652804,6,1742205652804@PWAelov3vEpQPHcfMQN,a6308a7370747c018822fe08fd25a306c8c4f519895e71039e80364c180106ddc775f5f2b902c40f46f795d02b45b915
elov3vEpQPHcfMQN,1742215213804,8,1742215213804@PWAelov3vEpQPHcfMQN,9a440dac921c72a57899f545fe846520170e1cb13a41f16dc6376aa9948f16a365e58b2c70029bca29542495792696a6
elov3vEpQPHcfMQN,1742215257804,8,1742215257804@PWAelov3vEpQPHcfMQN,c1c738adf83d64032dee6347f58758bdb7b4d6e8494ad011a61aa7bc774c520c2d3eef27c33b63285222a481107c5eaf
elov3vEpQPHcfMQN,1742207083804,6,1742207083804@PWAelov3vEpQPHcfMQN,8b28b96e7da9cab1b07388b817a65e685b867e2b3aafecdf3b1df1653ac0e39d40ad524bd2cae07e1b1c94b2f83418ad
elov3vEpQPHcfMQN,1742164278804,18,1742164278804@PWAelov3vEpQPHcfMQN,36fa800a93a16b842ed506041f6e0ff013e673804b42975230095162d312cedb03bd7049dc874cd48b7a00dd70a176b2
elov3vEpQPHcfMQN,1742220311804,10,1742220311804@PWAelov3vEpQPHcfMQN,b7a4fe016385f3e59c95ba5f2d613adbccaef71c970c6f28229b9b420ed28d0b37428ff6530179f0c37cf90077a628b2
elov3vEpQPHcfMQN,1742214708804,8,1742214708804@PWAelov3vEpQPHcfMQN,65ce0d264cdb4b89c621774d2c34aa2a6cbf4f50b11c71998dfc32376e1f0dd5a7f4a66e5a346fe79b6611a46a0057b9
LMcJeo36nrR8f66n,1742157015804,16,1742157015804@PWALMcJeo36nrR8f66n,aeb07b818fd87ad026133b68454f0255ae9a7cc480b50aa6c6983ea66490629fd365c9147e0bfdd05972d62c8c8f5f20
LMcJeo36nrR8f66n,1742192180804,2,1742192180804@PWALMcJeo36nrR8f66n,69c46ad9f70e321047419ca78619d734f4455d4cc670de5699ba7d4bf26fcfe4fd6bea79644f5e0c422a3dd9c20549ec
LMcJeo36nrR8f66n,1742194185804,2,1742194185804@PWALMcJeo36nrR8f66n,2cc87887e9a9addc1f760d733a144952a011c45f04135b0971eea4e09a77c3a86e656c642b5bce3608e92ae92ef610f7
LMcJeo36nrR8f66n,1742194396804,2,1742194396804@PWALMcJeo36nrR8f66n,63378f945e3fcadc79c7fce27e6033b48b485ed68a1063df498d842fa38052d3a0bec07e1ae482a697e85e6a7ae4c7eb
LMcJeo36nrR8f66n,1742198342804,3,1742198342804@PWALMcJeo36nrR8f66n,21df5507ff025578f7a961d85d16f11cf20b1c27e9a708406c6931a5b460a1fae617e8e4ef62ded8bde4f0ecc7a7203f
LMcJeo36nrR8f66n,1742204813804,5,1742204813804@PWALMcJeo36nrR8f66n,d585157e642cfd0ad7d8ef8598ca43aeeefc72ea02b0f321c127ee4186ca95332dcc7b3d2d46236801d2b76ff253c826
LMcJeo36nrR8f66n,1742162598804,18,1742162598804@PWALMcJeo36nrR8f66n,ac4e2c0f791d52b35d62326ef1af7fb5ad3039991b96fa76cd520608f22968f40b67cae43383e05ce33b50a95494ceae
LMcJeo36nrR8f66n,1742162214804,17,1742162214804@PWALMcJeo36nrR8f66n,c4e14086b48c49ed00a506594127f29b96c4e43397ddcab8bea92fe1119158d1f153593d1b16ba5643717fd5417c3483
LMcJeo36nrR8f66n,1742183395804,23,1742183395804@PWALMcJeo36nrR8f66n,639f36b38ed41bf4c3f9a673a8c97f21c8810d78ecbccfc623ec3e11e94e0ae3e0bda67b868bb18c35fcbc38159d8998
LMcJeo36nrR8f66n,1742201503804,4,1742201503804@PWALMcJeo36nrR8f66n,e4e31e8488666a5be9ddcdb7b062e117a50a72ff29495bc3ee5f227bd9ce3e3687f190fc93afd7a26623c49c31c8715d
LMcJeo36nrR8f66n,1742161106804,17,1742161106804@PWALMcJeo36nrR8f66n,723e11247fd4b2e3e65896c5f76bb180474a7f882db48a83bfe60b35a1a44d8eaaaaa2ae173db06241019a221c6b6cc1
LMcJeo36nrR8f66n,1742153961804,15,1742153961804@PWALMcJeo36nrR8f66n,71cfc3eee96f4bba4cb99c5d22f984dc21abdd6cdd50d0a28dfb34059ffcbc9f8c6b30369b81ec0f89a0d026428a965b
LMcJeo36nrR8f66n,1742194879804,3,1742194879804@PWALMcJeo36nrR8f66n,17dcc757677861564e1567c620c7b6bda77dd59bb5d4c114160877496ed53f17459226eb8587f67177cf629643baa550
LMcJeo36nrR8f66n,1742217900804,9,1742217900804@PWALMcJeo36nrR8f66n,41efa0d0638839a85a3c925dc0188c03aefd1facc14da199e28d97771e3ca002415a9998ce6aa12040d7ddf61c4fd840
LMcJeo36nrR8f66n,1742192164804,2,1742192164804@PWALMcJeo36nrR8f66n,adc82e309c6208ecdc96bf86242d96209c289bff9062e8dbe12d16fe9f91fdbe92372abfc7bdc72fbc7d7b301625b2ac
LMcJeo36nrR8f66n,1742218223804,9,1742218223804@PWALMcJeo36nrR8f66n,9fd543392b236b88b82ddfc5849a23fe66be467b377a1ec6559a6e329e24360520f3604aae9578397302e6e2550909ec
LMcJeo36nrR8f66n,1742210563804,7,1742210563804@PWALMcJeo36nrR8f66n,787d9f05213f71d35d589a5d6756265f9345ced54e6d9d50dad266074341fd00b92a7ea3595b8d2819cdd4d620c3979f
LMcJeo36nrR8f66n,1742196761804,3,1742196761804@PWALMcJeo36nrR8f66n,56963d6d3b48c19c3253377aae0fd819e782a6a596631a99d07ee6e5b0a6beb8ec1069092d5b55298eafc6d7217b6186
LMcJeo36nrR8f66n,1742213356804,8,1742213356804@PWALMcJeo36nrR8f66n,b801e46f2f79d2cf668ad0933badd5b3984840703447ff22f4975fc2d1a21b29ffb8d7e0fa00f816be9f0b98054c86fd
LMcJeo36nrR8f66n,1742159064804,17,1742159064804@PWALMcJeo36nrR8f66n,1447fb94c18abb4c9785f4b78da5253ac367e8d501c0784e186cd296d205e0ebad478aaa5c63e712ecba505586e1ff2e
LMcJeo36nrR8f66n,1742153698804,15,1742153698804@PWALMcJeo36nrR8f66n,9c9ae6d42162401be2715827036233863468faa5e8c0499217d4f5f9fe1081b8b5f8b1623965e5bd3c1f494d0e60736e
LMcJeo36nrR8f66n,1742206302804,6,1742206302804@PWALMcJeo36nrR8f66n,fe249d79dff724560c771b588777a95254d193e1dc6cc4eb592268cb36862fb922690e52488a4574aa8b917f688b6b3f
LMcJeo36nrR8f66n,1742217486804,9,1742217486804@PWALMcJeo36nrR8f66n,2e2ea53e4519282edaadac3231b1c4bdd086fd73e599ab7e97947c39f997f312968e07dbf021e440bbbacf3a4e8c5d35
LMcJeo36nrR8f66n,1742159568804,17,1742159568804@PWALMcJeo36nrR8f66n,f562717496d2f54ea609affc70116155adb6d61ab1c69d88c0cb80ee43798d817ea5e31c537157e73b8e6fd9b689eff2
LMcJeo36nrR8f66n,1742166028804,19,1742166028804@PWALMcJeo36nrR8f66n,c3513f37c98e1502cfd6c142ddad57e2624c57d9f9f9622fac06083d33a64d22d95405b924a68d36baa8f274af2239b1
elov3vEpQPHcfMQN,1742164720804,18,1742164720804@PWAelov3vEpQPHcfMQN,05b3fa4114b6c31d173699cbb13f28bd753865a697ca06195f87794b7a1a3c2c1325cc17fd5b596904eeb527fc9bfb56
elov3vEpQPHcfMQN,1742166733804,19,1742166733804@PWAelov3vEpQPHcfMQN,e18d3a2423ada57106a91b83b8f5700c0a8cff4092ddf060a98d164c926a0af812e9af3ec0d372d5f164592a6bb09f8b
elov3vEpQPHcfMQN,1742185212804,0,1742185212804@PWAelov3vEpQPHcfMQN,d13d4cf801f997e8b2465ed2fb3fb0b18c67c0f4aefa35ff3eebf521bb2def5493a45dcef53d3cdae7b174c832fb4279
elov3vEpQPHcfMQN,1742164334804,18,1742164334804@PWAelov3vEpQPHcfMQN,0cf30c82aeb5daa937faff02b814328d6bfa444b5a1461c6414236fba99da6d9e66810bab46368e9149a9071dd6ac605
elov3vEpQPHcfMQN,1742166772804,19,1742166772804@PWAelov3vEpQPHcfMQN,9a2e545dbdf491477eb7eb1f78afbd49461e45db30d63c5859d1f4b7667faf9d923a2d0e07d9d17264c1cb9627773c4f
elov3vEpQPHcfMQN,1742169094804,19,1742169094804@PWAelov3vEpQPHcfMQN,8cc441cc468446b5937a06b39c34aab36945ced340111dee4f9dd63763c0b38e7bd8c4f8132d61ca87880ab8d841a001
elov3vEpQPHcfMQN,1742149789804,14,1742149789804@PWAelov3vEpQPHcfMQN,07c58e5aebdc36e7da980bbf2d45bf5c324729489619d134f31dba36981b6678428cead8b49b673ad106870033f550da
elov3vEpQPHcfMQN,1742179507804,22,1742179507804@PWAelov3vEpQPHcfMQN,7665437e89eea9e876efe73c8f75eb3ee7efd2e4cae6a450f94bead002a099424308757080ec3a19183cda00acee4d38
elov3vEpQPHcfMQN,1742169994804,20,1742169994804@PWAelov3vEpQPHcfMQN,ea74a47c66706b49bb58f400b97e52baf34542bb14f8ec33c88560dabeb4d5952870fba8f3d391186dc8eb1f88153333
elov3vEpQPHcfMQN,1742156034804,16,1742156034804@PWAelov3vEpQPHcfMQN,2566dc2ebe95ed132c4ea1e9d2c9a814d3c5397381c5c5a04b9b8fc0d855538453acb3b8b6a7dbb445186d67a3e7a490
elov3vEpQPHcfMQN,1742181240804,23,1742181240804@PWAelov3vEpQPHcfMQN,9d50eee81f571d4b4775457b1f636a0327bc48687258c5ed2c293c04f68d63e86f3c0bd94d683b62a49606a463e33734
elov3vEpQPHcfMQN,1742218331804,9,1742218331804@PWAelov3vEpQPHcfMQN,0219142d564535bdc294fd59d28313305ac5b6cdab09d1b533411d920d7c7b3e46f4b172e580b805f1906e693b85593b
elov3vEpQPHcfMQN,1742210849804,7,1742210849804@PWAelov3vEpQPHcfMQN,dd4403e72db244c8f9c3e4b5530b302e57435271c943cab8dbd7f7ec0702b426d670acf411b80a2cedf7f184f439d81f
elov3vEpQPHcfMQN,1742213755804,8,1742213755804@PWAelov3vEpQPHcfMQN,b0bf9e429355a2f5d1d21d1b37f0e4cdfb1b4bfbbdd44af7ec6c07e8dea6c5f22cad842129398b195bf98ce226a4c29f
elov3vEpQPHcfMQN,1742176878804,22,1742176878804@PWAelov3vEpQPHcfMQN,da4ca03354774d30f54bbc26961ca9e8375719776b42fb58f1ae94dca1e06482c12219cf8541d6460288fe3273a5f71c
elov3vEpQPHcfMQN,1742171736804,20,1742171736804@PWAelov3vEpQPHcfMQN,593813166016b25773b7307d6c59ae6016f472e2b4fb328d098cfd8f0e062a0bd931dbc2e9b49b10f6b1ba66416ac178
elov3vEpQPHcfMQN,1742188019804,1,1742188019804@PWAelov3vEpQPHcfMQN,a9271aa1c62d92bd7ed463f6cd3cda92ec1d3552bda5255a72a68dc6daeb779868b6e3d0c8cbefeb8b0757834017ab9e
elov3vEpQPHcfMQN,1742150398804,14,1742150398804@PWAelov3vEpQPHcfMQN,64b3a2f4e39d38c862941af8d8c93fa54c2cece1167cfd618352a9a565078cc8349a3ec8af97afc8b4c8465db2d09d91
elov3vEpQPHcfMQN,1742196678804,3,1742196678804@PWAelov3vEpQPHcfMQN,9301124392d92e492ee06df32530c3ad51fe043d93aed54deed87eaec1cc1361e2dd7367b9f97a279e89b285023b51ca
elov3vEpQPHcfMQN,1742157758804,16,1742157758804@PWAelov3vEpQPHcfMQN,e381b51606452df887eb7b41a7e525226e8e95b6147f27b836795879d486e69bab8d8ca425366115739c906edc43414a
elov3vEpQPHcfMQN,1742188263804,1,1742188263804@PWAelov3vEpQPHcfMQN,070c975eb5890d85c0d99f42b8973fcd9d422f639c7fccb2c01f3846cf979093977e346e8afe6cedf55154dcb8367572
elov3vEpQPHcfMQN,1742195692804,3,1742195692804@PWAelov3vEpQPHcfMQN,79236db4eb17e58ee0b9fd8003ea03d48f5cd7d6d40340bf6fe07a3a41a42c44f2f65b497dfc1824195b198325e38066
elov3vEpQPHcfMQN,1742168660804,19,1742168660804@PWAelov3vEpQPHcfMQN,55841b7eb60b5a57ba8e4147c8aac68a3abba961091d528beeff0fddbad03840d4f34ef2f7144f1c20bd17c4a1e00681
elov3vEpQPHcfMQN,1742173160804,20,1742173160804@PWAelov3vEpQPHcfMQN,6b9243febb9694b5f857dc64507b5d8f937abc0c11104e055a99bbb75f906db4350d368fac7cafdc60ae7e89a31e545a
elov3vEpQPHcfMQN,1742207831804,6,1742207831804@PWAelov3vEpQPHcfMQN,0839f4d8ee340df66c238462d192f7fd4058c7ece353c0870f749d51e234ad169e07d9e7b87d03d85f2d5a9b8a1a1150
elov3vEpQPHcfMQN,1742152782804,15,1742152782804@PWAelov3vEpQPHcfMQN,a56467ddafed322260488a927c8aa2097272a696c9452ad10ab8746d336319af454837abf2b99937ef0a46f812e9fb99
elov3vEpQPHcfMQN,1742197205804,3,1742197205804@PWAelov3vEpQPHcfMQN,ec9c6d5503a2c49c39cf28fa04ae4f44c4aaa2a495950171b5e5eceeb1f53801d704bbb3fd3838e44f7000475449fb59
elov3vEpQPHcfMQN,1742169253804,19,1742169253804@PWAelov3vEpQPHcfMQN,086f280dd2cdfea685ed7cc16173ac072ee1b3a66f39a96b1742a7a6eeb599ae87cb43356e666fbfd7101bbfad24ea6d
elov3vEpQPHcfMQN,1742208990804,6,1742208990804@PWAelov3vEpQPHcfMQN,4ad859706010135a8da2d1a608ce1d0c9ad58875aeb75e28b2b97a0d8a223d95776d09d6bf9931147ae1e0816b183c30
elov3vEpQPHcfMQN,1742165149804,18,1742165149804@PWAelov3vEpQPHcfMQN,9c6d748759efe8bffbc75a1b3599e13467ca9669606e40342b4c90e2f184b3af770f731a8ce6f4660d162632c3de87bc
LMcJeo36nrR8f66n,1742187393804,0,1742187393804@PWALMcJeo36nrR8f66n,120450e7b379181b3c60dd2a2317305b2d383a8b49b1f3e241b87fde18eee8dbdc3520ee2d2094e9a43998edd9780f4a
LMcJeo36nrR8f66n,1742158112804,16,1742158112804@PWALMcJeo36nrR8f66n,86f59d90bc6d8c698db9f07faa1a6f711cfb66dc8524de2830ab1946d10e32b8ddfb835fbff9f6793bba2723891393ac
LMcJeo36nrR8f66n,1742175884804,21,1742175884804@PWALMcJeo36nrR8f66n,3f301612abb59a27c039331921812b805c4d8213ce2170fe66adf5059e598197405988ef660389e95b343b05ed3e562d
LMcJeo36nrR8f66n,1742154882804,15,1742154882804@PWALMcJeo36nrR8f66n,1e69f5984464fdd7c8d204c67c562a75c2ec3f3694f6a1cfd45fc1d4c874413d5faa00661eb4e44485475f69bb28d916
LMcJeo36nrR8f66n,1742216865804,9,1742216865804@PWALMcJeo36nrR8f66n,ddfb361703cb8e3d4a2227366b9a48ef4d2d27dd86315fb33e4493471ad909d8cd680da56060f3711f6523cd04eb3c6b
LMcJeo36nrR8f66n,1742198504804,4,1742198504804@PWALMcJeo36nrR8f66n,488be9907efe0db6729022d7783d249ced5c4a64dc20651051a17f2610c1413ea689f2768f9514ba9548f45f7383ee7a
LMcJeo36nrR8f66n,1742171984804,20,1742171984804@PWALMcJeo36nrR8f66n,37430856720a017ac40291af363004fbbf8d0cb89233d24e9e5d139cfec1360e3fec79d993a1b62bf6517663bc4abbd9
LMcJeo36nrR8f66n,1742211579804,7,1742211579804@PWALMcJeo36nrR8f66n,9edc5636e06590343fc2122ea94c43099fa417a688e730aa57fc7c2e521505a11f41336f9956d8f929732a03c59bba3a
LMcJeo36nrR8f66n,1742179016804,22,1742179016804@PWALMcJeo36nrR8f66n,36e48a858fd9f27d85d891e7fda72dfe4ec8539996a67dcebe806580eb322d7e43da682a38e7e58144d9b80a1d4356f5
LMcJeo36nrR8f66n,1742212122804,7,1742212122804@PWALMcJeo36nrR8f66n,f2bdc541dbb53913acdf19ef1e3ec04914703d7a4be8ef3588e509bc385d2afcfdb3c8ee57bbde4f6571b9bc3705c280
LMcJeo36nrR8f66n,1742196054804,3,1742196054804@PWALMcJeo36nrR8f66n,dea4ddb27dc21165cbf704c7690184c75becd6a7af87da75c87ca8bfc6444265e6c6628102e641d31de9cf0aef332bcc
LMcJeo36nrR8f66n,1742155738804,16,1742155738804@PWALMcJeo36nrR8f66n,5ec96464fe83208f71f3ec3cd6fbf66b4306ca42a91894c6f20b8d69f80b98744ea72a15490189a1eac9c633880730a7
LMcJeo36nrR8f66n,1742204221804,5,1742204221804@PWALMcJeo36nrR8f66n,1bec57af42c498ad171c5bca153df3f18dce7543853c04ed8b7770b593a5e738c1d6157eb9a7f0a47927829231d95fec
LMcJeo36nrR8f66n,1742206939804,6,1742206939804@PWALMcJeo36nrR8f66n,c447b073a35111dfd1e43ff8a67f7643706940a1462859ca1eda5f4af3da4ae3992492218a0603ae4d1182f4d21555ca
LMcJeo36nrR8f66n,1742208123804,6,1742208123804@PWALMcJeo36nrR8f66n,646f030cec56ecf0342ba2d64ea54291d628447e3dc4f5d37d6d15747d8f033206878416fee045637678b50b16f3a2ad
LMcJeo36nrR8f66n,1742214367804,8,1742214367804@PWALMcJeo36nrR8f66n,9a483e9ba39c6ac6ba549b70bfec664baebe8a31b12a2d598edcb4414cf0985cae7e7b9ba938c7279e9030ad3b3614e4
LMcJeo36nrR8f66n,1742177212804,22,1742177212804@PWALMcJeo36nrR8f66n,721353233b73e4de7d07c0be3a6cdb45361c0993cc5dd825f408b42e490720f1f1abc14dfe301ca8b14ad0dccc559723
LMcJeo36nrR8f66n,1742204262804,5,1742204262804@PWALMcJeo36nrR8f66n,0185b36b69a9f6d737c38d00b24641294ed83a7ae741a42f361b5b190ec5bf51579b3c066cc704cf9f5b5a8cf0f48703
LMcJeo36nrR8f66n,1742157310804,16,1742157310804@PWALMcJeo36nrR8f66n,9a57915b5fb96f0b9b375f75e14679507182d9d16be7cad3c2f5c4bdd59a5aee35efff2279c21617a1157a6b3af418af
LMcJeo36nrR8f66n,1742219238804,9,1742219238804@PWALMcJeo36nrR8f66n,3434c57227091e23837963202ed15cac2f8b0d09df48fc20f03689f0fb9fed1eabf33967d23c612af1f93955e413be06
LMcJeo36nrR8f66n,1742159127804,17,1742159127804@PWALMcJeo36nrR8f66n,e298c7756d7c606530e311cb8531c77b3af67667cffa2e73ed28a9232e137219d0cb2f83a91aabfef5c3d7687934bc15
LMcJeo36nrR8f66n,1742218674804,9,1742218674804@PWALMcJeo36nrR8f66n,37700e17e8a4e261e61f64e89b0d5bee08c6bebfb901f8730cc72470554d10f0b5eca90e7b7b5ed9d17a2fca0f108c0e
LMcJeo36nrR8f66n,1742161824804,17,1742161824804@PWALMcJeo36nrR8f66n,45f37500e8e89f70e65301a212b183f96c712f1e7ef97bba77c9bb722d9b814529da02614771b721983ecb8f9fcd0c3f
LMcJeo36nrR8f66n,1742161177804,17,1742161177804@PWALMcJeo36nrR8f66n,e7433ff2031a7aeb2e3db25d59e932fa9c3cbfff1d23739b2e8722303a8b42d73c1cfe6cba1d9a522cc7f7b72fa68893
LMcJeo36nrR8f66n,1742149986804,14,1742149986804@PWALMcJeo36nrR8f66n,ba15e70cb80e5eb36ba5a53beb15ea3a28db50e272635b12d0be3ad57adf2e6ff11e6f2e21b0ee034d6cf67ab834f8b8
LMcJeo36nrR8f66n,1742193583804,2,1742193583804@PWALMcJeo36nrR8f66n,0f1f9ee186d0fb1dd7b6b875c221c49be321bc30809238ce79949e45cf36c05c5c7d5d2ddaf8bc05c81017ac79ce0de0
UsZOHfH9qsUMdUUq,1742204094804,5,1742204094804@PWAUsZOHfH9qsUMdUUq,dd269a5a584126b6a87d7a0850e7fc4cef7f4abd9107a941f0aae0b05ca405a13554681c9f64482ff9ff4c17e3e40402
UsZOHfH9qsUMdUUq,1742151954804,15,1742151954804@PWAUsZOHfH9qsUMdUUq,46f93bbb1e3801b516bccaa29002ef666dc669f2629dac4ea43a6e370cf55c7c94aa8985548befa9fa0cec7820d9e891
UsZOHfH9qsUMdUUq,1742151793804,15,1742151793804@PWAUsZOHfH9qsUMdUUq,fbed1e83d63156039ccbbeb7591b661d4086b5ec64ee141a43e21d1f139a3deabf6daac948d5764f37382fe7cb07cb63
UsZOHfH9qsUMdUUq,1742204482804,5,1742204482804@PWAUsZOHfH9qsUMdUUq,f74cd73b367a535abb93f52b868fffce07d14db9a77824ec00608f2616e412df5fc33f4d29096e07cfd0a8251b041690
UsZOHfH9qsUMdUUq,1742168120804,19,1742168120804@PWAUsZOHfH9qsUMdUUq,72ae2a649e0694904c069d5369beb4dd8322fb266ccff939f2c55ff85a330cd96a0ec09bacaf7936b01dcc6199b2f58b
UsZOHfH9qsUMdUUq,1742195229804,3,1742195229804@PWAUsZOHfH9qsUMdUUq,f168c438ff212450c06468333fae01d1eaf516ba43f703b71ca942c839649c49913fc6bba4c1f4fb07b1ed4b4069f770
UsZOHfH9qsUMdUUq,1742171126804,20,1742171126804@PWAUsZOHfH9qsUMdUUq,27f5712a30abc7bcb6d807aa55068a942c1ab9b03dd8673980a5fe7d8dc1e8b04a695fdfc697de8b7e08d4a9b399f2cd
UsZOHfH9qsUMdUUq,1742202122804,5,1742202122804@PWAUsZOHfH9qsUMdUUq,f56641c7581a8073ab19187a10c7308ba352433d0ef4602cd63e807ab85ecca42e065ded5ca1514ec476fb5ebfeb2c35
UsZOHfH9qsUMdUUq,1742156778804,16,1742156778804@PWAUsZOHfH9qsUMdUUq,d2c774245505412fdfc6a52aac2326325ea8b332ec629b2099fa298fa8ae0f49dfc1f6447d5b20e6b0ef3bb4c8fb61a3
UsZOHfH9qsUMdUUq,1742214604804,8,1742214604804@PWAUsZOHfH9qsUMdUUq,7b6918545797753bcc445befe3066dca045c633a260965edb82d27bcbe1fa6de83064e9b5928b5886d2451d0ca94acef
UsZOHfH9qsUMdUUq,1742195006804,3,1742195006804@PWAUsZOHfH9qsUMdUUq,4790a6b2c3988301836e7bc0db7b3f3f07c1a311b51cf79aec6bf69689f8a49596d4683ca51dc6f765a162604347690d
UsZOHfH9qsUMdUUq,1742153806804,15,1742153806804@PWAUsZOHfH9qsUMdUUq,a169dd279f24df5f95f9ff872732c209810c71feff7a43078b18df9258edfb667b5016790e46b5469eb22557d0b65bd7
UsZOHfH9qsUMdUUq,1742189182804,1,1742189182804@PWAUsZOHfH9qsUMdUUq,8cb612f7fc86d3227f9168ebe0532537de9f80f45a7f24ba9c17edc0f881c31ca54b692e9f55efc73dfed9a70337b755
UsZOHfH9qsUMdUUq,1742194938804,3,1742194938804@PWAUsZOHfH9qsUMdUUq,90e1d9fea2c6d371abd51375eee47400c476628bc0e0993db9b58afb1d88e6d71a6fc7e0b6a95ab4527efc8de68d2988
UsZOHfH9qsUMdUUq,1742156588804,16,1742156588804@PWAUsZOHfH9qsUMdUUq,16897487bb7f719f9f2011a6def9f539992fd74dd8206f6143b3b37a35b6b4a315133c127034a2f17d9f830bfbcf9074
UsZOHfH9qsUMdUUq,1742192222804,2,1742192222804@PWAUsZOHfH9qsUMdUUq,102600d6fe82c05b88f8f226dc9fda3643f43b7011fbf7e4afb64969b2c1b28716b9860ce90bc97d21636a1f8a4c04c6
UsZOHfH9qsUMdUUq,1742206853804,6,1742206853804@PWAUsZOHfH9qsUMdUUq,d5cefddfcf678f7d7f863fa84c4155f27c9e5596615c035f0c720216839e675af4ea8107ee58cb21378e2c52001b8d13
UsZOHfH9qsUMdUUq,1742212198804,7,1742212198804@PWAUsZOHfH9qsUMdUUq,3078d7c16cefa79376a41c7d110450db18c19b9aa6f6faffcaf3e8936f216643334d6ccf4daf1585fe0cb49cf54bd806
UsZOHfH9qsUMdUUq,1742205381804,5,1742205381804@PWAUsZOHfH9qsUMdUUq,3a90ffb5c0527be817bad45a5a2200bcdde943eb7627b9e335df5eae1ded5c02157bcea7038251023991cc4043a8fa2f
UsZOHfH9qsUMdUUq,1742218261804,9,1742218261804@PWAUsZOHfH9qsUMdUUq,bea92de4a06f4c63b7774f47f80521a5f1455df4cb0747566f7001d33c4fb0e85c0f375f265d39a55e10c2f0241e93f3
UsZOHfH9qsUMdUUq,1742167735804,19,1742167735804@PWAUsZOHfH9qsUMdUUq,0ceb1122308b686c6f00392aa2fb8d42b85a935f3314e10af5e55b27db98c25f62e8e4ed5b943f2c270f5995e1b1300b
UsZOHfH9qsUMdUUq,1742167766804,19,1742167766804@PWAUsZOHfH9qsUMdUUq,8ab7c53052adf0047764b735068fa6cb74782b33130296ea2e5465a7d28aa0a5a86595e8e7e481a7a6e7b14871c6dca4
UsZOHfH9qsUMdUUq,1742172392804,20,1742172392804@PWAUsZOHfH9qsUMdUUq,bba3860e4dd78577606c9b894c419ccb496ed00cdb6ecab44c1ce4f37b804ada0b36d92a3f1005a1269af14082705a5a
UsZOHfH9qsUMdUUq,1742218469804,9,1742218469804@PWAUsZOHfH9qsUMdUUq,5c9688e52de644ef35fc529d56e73dca9fcd81b3bdca48ce5a9da97dc52cb30bd03c9e108e4f71146d9ceed10092a8ad
UsZOHfH9qsUMdUUq,1742213947804,8,1742213947804@PWAUsZOHfH9qsUMdUUq,a51b3e1b1c6b932a9b268899db79df82dafc2c72567f14846a900130bf0a634a9bb3aa647386429a6db9c6f4209952ff
UsZOHfH9qsUMdUUq,1742213705804,8,1742213705804@PWAUsZOHfH9qsUMdUUq,24e8d516fabb57d479e93275c960aa79f1fc24db13497add8aac3731d513ef2b6e86c44a21948b986a3968193b81cf24
UsZOHfH9qsUMdUUq,1742186768804,0,1742186768804@PWAUsZOHfH9qsUMdUUq,17f173f8e7bf252c76c82e438716e95847846defdb0057bc58dac11637d7dc60dbd0c3d2829287370e77bc287b69b977
UsZOHfH9qsUMdUUq,1742218122804,9,1742218122804@PWAUsZOHfH9qsUMdUUq,2c13beae5f8a2ffd9f071c438dd63c621d41db7cbe405302cab551a3c7a86395247fe5f9599a479422ef63fd60f63a3f
UsZOHfH9qsUMdUUq,1742171814804,20,1742171814804@PWAUsZOHfH9qsUMdUUq,7e191c345beea3d25a9529b90f8c551308382474ca7124a3ec71e4ba4673b3a7e4d5f0924fbea939db5625a7fdc62e52
UsZOHfH9qsUMdUUq,1742179315804,22,1742179315804@PWAUsZOHfH9qsUMdUUq,27382a1c6551782949ef1cf3bab2fee7abbaf0a19a707481b1e87a55137b6f7c28cd16df8b05011491e20987cc336089
UsZOHfH9qsUMdUUq,1742150081804,14,1742150081804@PWAUsZOHfH9qsUMdUUq,fdb48a67babde859d19614e6b21027f6726ad73262cbc42b10dccc165d580afc47da4a6bb153aa5e3c9d20dea2fb0874
UsZOHfH9qsUMdUUq,1742161228804,17,1742161228804@PWAUsZOHfH9qsUMdUUq,d769f9ab10cb2fc7f5c6e9af44708a024bd9fc7c04bd2c50bbacb7b8482ad2550423ba682494a7a119d85cfca97bff89
UsZOHfH9qsUMdUUq,1742177265804,22,1742177265804@PWAUsZOHfH9qsUMdUUq,705d7b172240869662d4b9b8191eec05fc25d59f4eda39455fa9779702a3f5a11aac3639c24bd494a67ad3e63c82736a
UsZOHfH9qsUMdUUq,1742183132804,23,1742183132804@PWAUsZOHfH9qsUMdUUq,8972c13da8a7e302510b653134dee23ee6f6eb44ccef337fdcf5979cf92f3e912f708d6bb07dd501ba31fc0c3959eafa
UsZOHfH9qsUMdUUq,1742186993804,0,1742186993804@PWAUsZOHfH9qsUMdUUq,50d9c0b97e17e6269dcf05c3e6e4ef90614367f77574da1bc8f491073190793b784bf0760eb4bddfefbae41d48969d9f
UsZOHfH9qsUMdUUq,1742175276804,21,1742175276804@PWAUsZOHfH9qsUMdUUq,49e0429f2eb087a4bacfa9a667a205be481df716e1b8ac3f0517375aab9909022b49df0394a987aa3f44a9021af26a17
UsZOHfH9qsUMdUUq,1742217643804,9,1742217643804@PWAUsZOHfH9qsUMdUUq,87c6373cd165414f3d6f496c2ee471c58750149372256c74cac62ee8417e76eb63cd61f931f7d59e854a2522599f275e
UsZOHfH9qsUMdUUq,1742166209804,19,1742166209804@PWAUsZOHfH9qsUMdUUq,ddb0392e334a2db221ba4d7dc01b5fe480a46f22a71efee19a4b2fdaa3335a5c769d4b8036535df8f29a50ae0662e4ee
UsZOHfH9qsUMdUUq,1742220282804,10,1742220282804@PWAUsZOHfH9qsUMdUUq,9ef798ef0de45c05e0865fedca130dd06f4926cc791c02cc7050e4946344b8fc1c3791f56efa14642cbf4d62f819103f
UsZOHfH9qsUMdUUq,1742213530804,8,1742213530804@PWAUsZOHfH9qsUMdUUq,87bdb6135c263a24d5279926bb347945c0360a05359909786c13dad2bc697347be7c494a7ed5b3c246c18935a45c32f7
UsZOHfH9qsUMdUUq,1742192275804,2,1742192275804@PWAUsZOHfH9qsUMdUUq,402daf12a42914c5c27c84d8eeeb2811c9d0a33a93568074fc8fbf12a61316914e16d28a23a3de8de905bc8c48f97a59
UsZOHfH9qsUMdUUq,1742220317804,10,1742220317804@PWAUsZOHfH9qsUMdUUq,d21b70c43ded6993a5e2dd98fff024bb2f6dee72803bef6442a79079d2a1636930c92323b77681e0dc4d5e410c9f3a35
UsZOHfH9qsUMdUUq,1742199911804,4,1742199911804@PWAUsZOHfH9qsUMdUUq,4cace1ccd578fc9dcb50cd27cd7b9c41111a14bfe2933f2b5313127d2a8fff7e14ebf0f5a49ad07f01d7d398ddf1d4b6
UsZOHfH9qsUMdUUq,1742167171804,19,1742167171804@PWAUsZOHfH9qsUMdUUq,b426052a469c7f6a0383bedbab80ea50c06f9f68d33892fa07fe2c21a2279df2a226f1f5bfa88020e94d2781ac9464db
UsZOHfH9qsUMdUUq,1742158299804,16,1742158299804@PWAUsZOHfH9qsUMdUUq,249eace0c6582f9559b2f3884892958b17738c4f62a976a49965f57e75c54198e65a59764d6da9e065b9a13d9c2d918b
UsZOHfH9qsUMdUUq,1742152477804,15,1742152477804@PWAUsZOHfH9qsUMdUUq,9e3213120e77c43e5d69d52db1b69ffd05f58f3a9e5ab6e110af8af88eb9b5396dfe14e21e132f9b2ca5eafeb6415102
UsZOHfH9qsUMdUUq,1742194382804,2,1742194382804@PWAUsZOHfH9qsUMdUUq,3519c4a6fcc360b8c0da31542ce52839111c98ae7f4a763045ece9826a5f5eb8a55d8b7d06927dc9b9581fb460c96b7a
UsZOHfH9qsUMdUUq,1742200175804,4,1742200175804@PWAUsZOHfH9qsUMdUUq,15d94b0d2900a933eca51284b860300aa8a95cd40c69b80f2a06ee472e1496da5caef28448190766777e71336bf4965e
UsZOHfH9qsUMdUUq,1742179639804,22,1742179639804@PWAUsZOHfH9qsUMdUUq,4e1f0de559dbfeb24334c86fcf1f268caa562d41a0644f9e9bb7e28aa832b5e7847f80c94c620ab5aa97bd8a4444d317
UsZOHfH9qsUMdUUq,1742201278804,4,1742201278804@PWAUsZOHfH9qsUMdUUq,5ea22b2399a63aa368552585922f851ebbecc556c0c363a0fd9122c5dcf37ca0e863c360c7fe87b3f3b3894777f210ee
3Wm7mOSN4MccmI9m,1742154083804,15,1742154083804@PWA3Wm7mOSN4MccmI9m,6fd501d44ffd05012ac778ae94624c570b6a3f01da671a599496f6780ed42d3cee3f086d93defda8e020b8718b41c997
3Wm7mOSN4MccmI9m,1742219936804,9,1742219936804@PWA3Wm7mOSN4MccmI9m,f8ac313e1be146233e2e707c374fde27049ad0255bb8c898a447e7864274b76276af91e5de5c38adafd1658b2a34d363
3Wm7mOSN4MccmI9m,1742184079804,0,1742184079804@PWA3Wm7mOSN4MccmI9m,5f21ed12e387882f3798521ae82ab35e9049e06a3eab20e8851806654a984be8bb4e37fb66ee1481bb6a0046bbe8914c
3Wm7mOSN4MccmI9m,1742168195804,19,1742168195804@PWA3Wm7mOSN4MccmI9m,e44d5a98b4d85c0a01d8e3b61a37d66eae0678d9b4fa7f7861d89c78fc33ba707a9bdb57b77b72956cd05f29b8651f84
3Wm7mOSN4MccmI9m,1742156769804,16,1742156769804@PWA3Wm7mOSN4MccmI9m,5bd8175d0b14bdd57ac93fd102452ff6a1754a35d1c225c8df19c73ef5b2650cb544b8d3c004b353bc8c9b6ec3c1500e
3Wm7mOSN4MccmI9m,1742205438804,5,1742205438804@PWA3Wm7mOSN4MccmI9m,d340fd7c1e0df78280ca1591222a6df8c47217468632642c00a3086383074bbaf788991d41d7a0caaa9d1607489d97bd
3Wm7mOSN4MccmI9m,1742217157804,9,1742217157804@PWA3Wm7mOSN4MccmI9m,eff5eace5c1251c0ebe52e2a2ba40655ac7980e70d7f5fab8f260501289da125cea243d05029cc74f3e50ded163615bd
3Wm7mOSN4MccmI9m,1742156132804,16,1742156132804@PWA3Wm7mOSN4MccmI9m,c1ad78c91a1d36f06398b9e9a3f0eb0c15e840363bb7764380b9caa71a4c877edacb74d7ede32cf47b1170bfac49ab47
3Wm7mOSN4MccmI9m,1742210716804,7,1742210716804@PWA3Wm7mOSN4MccmI9m,9117eaf4bd4030c2bb8827eac1914d37f18d0daf9a496c8f74ebab2115ea731cb6eb974cd78a6c6189162611ffb03dde
3Wm7mOSN4MccmI9m,1742211815804,7,1742211815804@PWA3Wm7mOSN4MccmI9m,f20455d65ed3e11deeed8664d852b8667725bc822614a7ea45151ab0516f32a9e5773a60b2dba8d59ce183eac32409db
3Wm7mOSN4MccmI9m,1742210461804,7,1742210461804@PWA3Wm7mOSN4MccmI9m,f828b25a8835b21eed30e79d3c1e2ce1a20c9e104a8a683b946f5387ed8825d6c936f4b5b3e460050bb45717ba337825
3Wm7mOSN4MccmI9m,1742201170804,4,1742201170804@PWA3Wm7mOSN4MccmI9m,8b6decea983690a52d6aa3103760d3cfb076a804d748d7cab3c23cb890809e5d53c64911952cca05d5a8d1f0f93802fb
3Wm7mOSN4MccmI9m,1742170393804,20,1742170393804@PWA3Wm7mOSN4MccmI9m,8f6a2fe995efec56a909f2c18d12dbba9be2f4e6ec08a5d4c76deca9b22061729dfe34ceb4b61aea9ead80e8c8fda87f
3Wm7mOSN4MccmI9m,1742172379804,20,1742172379804@PWA3Wm7mOSN4MccmI9m,ca446e12f27a9db63f35219a45c3ec5a05595a4c5b46db05f7fda11345a14121274d1b51df8f1a3985f72f658ddb6146
3Wm7mOSN4MccmI9m,1742202733804,5,1742202733804@PWA3Wm7mOSN4MccmI9m,3b7c2f5c33745c8ed957a19bba13818523775e4a9b74231a01adfe8ffa9d038c86efd63a4b89556f01eec314d53c5814
3Wm7mOSN4MccmI9m,1742203927804,5,1742203927804@PWA3Wm7mOSN4MccmI9m,7b48308258a991b68990493bb38b1f7dfa37cebb0c62b665116e2a13265b18542389912899a75cdcfac73a0c0a92e61b
3Wm7mOSN4MccmI9m,1742169995804,20,1742169995804@PWA3Wm7mOSN4MccmI9m,bed232dca8a704ee4660c6c8e2ff082f71cc784ae8ab14f92db32b1cbe5a56bd57d4b3672510167e652eb837aa516c0a
3Wm7mOSN4MccmI9m,1742191595804,2,1742191595804@PWA3Wm7mOSN4MccmI9m,9d834df3fa6ab765f4c1c8a02177adef054b8d3f06be2435e6959ccad72e80106a6ee362b0e5862b0db957a3c56bc667
3Wm7mOSN4MccmI9m,1742152221804,15,1742152221804@PWA3Wm7mOSN4MccmI9m,23a9bac7950cd40a32e4b15abeea2177bfeb74d1ab67f15bd62d33930b09ed5397fab8e207594315dae6e0e8aa365497
3Wm7mOSN4MccmI9m,1742173794804,21,1742173794804@PWA3Wm7mOSN4MccmI9m,b620dba6e9477150c006b1620a752565fb064ad7d4406bc01655563787b231421d0d0e7c451c6aae40ad1c91b4bb900d
3Wm7mOSN4MccmI9m,1742219131804,9,1742219131804@PWA3Wm7mOSN4MccmI9m,d1a46efb8548fc0b58640b15a888325ce1ca08b32e5be508dc97fd3ad0c3dd5249e79309012545056fa8910b864df1c8
3Wm7mOSN4MccmI9m,1742196366804,3,1742196366804@PWA3Wm7mOSN4MccmI9m,0280b873118e53c0fc3cbd60991ac0947aa75ae15b55349f71d5bab7a03ef5221433e0c696679b1af7943dfa846969d1
3Wm7mOSN4MccmI9m,1742197356804,3,1742197356804@PWA3Wm7mOSN4MccmI9m,a58f82d3e9c1a88df4267b410ccff7458657acd7eeee0e47a57e759f89ea5c734591588ed96d1f1ccd57ecfcd65e9522
3Wm7mOSN4MccmI9m,1742163750804,18,1742163750804@PWA3Wm7mOSN4MccmI9m,cd0e210a4712c8c6f7a3ca4c1f990296f6c5a3a3302455d3fc40466f03f3019ef15ebfb738635cd8db1adc38147417b3
3Wm7mOSN4MccmI9m,1742171849804,20,1742171849804@PWA3Wm7mOSN4MccmI9m,4a6a1d15a2e925ced0d06ff1624c786bec35dc042cf1f62de74a5b1cb43e096a700cafffa42269f1581e50d51bbedf42
3Wm7mOSN4MccmI9m,1742207151804,6,1742207151804@PWA3Wm7mOSN4MccmI9m,600ad9e9f5995a27557037932cfd3a91413ce956f64bb42556081626e43e56a2a500491f51c7697f45b39b5307a6ab4b
3Wm7mOSN4MccmI9m,1742149519804,14,1742149519804@PWA3Wm7mOSN4MccmI9m,66188c107e86304f811f5eb295397bdcb1ab0108b92c881d40704b9b70d2e273b24126c59d00cc3488bf8700202dbedf
3Wm7mOSN4MccmI9m,1742180386804,22,1742180386804@PWA3Wm7mOSN4MccmI9m,097f0173721ca8cbff8d6a2e3c21907ec38091929a0bf98d6fae7e16d41722d0c4ee17be3c597ee0c192df347fa7b536
3Wm7mOSN4MccmI9m,1742210760804,7,1742210760804@PWA3Wm7mOSN4MccmI9m,c5a96cdf7026f09b468e99a2932a6f9681986910cc4f07cce2f2b81b4260b11ccf04097db48f37287419072d933d64d0
3Wm7mOSN4MccmI9m,1742169292804,19,1742169292804@PWA3Wm7mOSN4MccmI9m,dae4ea49a435883cff7a19ac44a7556239576e2fb3e3ed3f87f06e391b4892862f59193557d8e6f883e6547c2362fafe
3Wm7mOSN4MccmI9m,1742164562804,18,1742164562804@PWA3Wm7mOSN4MccmI9m,0d8d6de4127ab7436db7b7f0daa9ab662b7307d9731f3510d3446d432e369f8616e8823efd3d0e38bf95be70c7920896
3Wm7mOSN4MccmI9m,1742170525804,20,1742170525804@PWA3Wm7mOSN4MccmI9m,491198efbe6263496878824e2dad1075d3ae87f2c8d49842be0db0ae7212d00efa0308f8bc8992f9c9e3bac398327060
3Wm7mOSN4MccmI9m,1742153241804,15,1742153241804@PWA3Wm7mOSN4MccmI9m,c0c56bbefb81437ebf230136157a1e3cffeb7ca8d5e33329563f34b78d3541d12662e22e9be0c7cf00a8bc9783edbffa
3Wm7mOSN4MccmI9m,1742219246804,9,1742219246804@PWA3Wm7mOSN4MccmI9m,6fd2fb72730254118e24addd069e9195d11721134734b8327df988570075c4be910cb52e31dad1f04868ad3e5e996d55
3Wm7mOSN4MccmI9m,1742214896804,8,1742214896804@PWA3Wm7mOSN4MccmI9m,0f9125b093df13f108a16b66d1d9fc84191c9bbd3d13658ca7fe2ebf0dafa71551dfdb207963cdd3ee1b12ca0855c7ac
3Wm7mOSN4MccmI9m,1742163002804,18,1742163002804@PWA3Wm7mOSN4MccmI9m,047cf6ffb96e9adb694409a5a00948d4d451a78219dabe4a09d0c40e9d2af91c6a4180a2cfd2bace3b01e5f18c481ee5
3Wm7mOSN4MccmI9m,1742189420804,1,1742189420804@PWA3Wm7mOSN4MccmI9m,354700c6b1fc31badd31b6d5c3978de48c7eb91b99f699200ee7b8cc5f61e7b46dbdbea8ba24a4a30ab9f9408fb69523
3Wm7mOSN4MccmI9m,1742211026804,7,1742211026804@PWA3Wm7mOSN4MccmI9m,724f48bde5f9e3a01056dc1ae2e7467eef13e5ead6db6995971d8901135073177f4bb4b864624ff8ff84ffe2e5c1f1c7
3Wm7mOSN4MccmI9m,1742168684804,19,1742168684804@PWA3Wm7mOSN4MccmI9m,004435a6a094baedf1732ac04d065f00f9687431d61a81c489f38406dc6bffca566e3e19df5d00f0c9e1191b0637f1f7
3Wm7mOSN4MccmI9m,1742166338804,19,1742166338804@PWA3Wm7mOSN4MccmI9m,0bfdd46c47885b0b31ef99c95c22c446ba72ba10b5c924adb16ec89f2f72f80e3c520caf671ad10f0ca3c696605a951a
3Wm7mOSN4MccmI9m,1742198136804,3,1742198136804@PWA3Wm7mOSN4MccmI9m,28eb44920a2653c62919f5489ba5144a33342ab443ee77a795256b40771895182a89e6cccdbf5618b7b4cd0ac5737bf4
3Wm7mOSN4MccmI9m,1742186981804,0,1742186981804@PWA3Wm7mOSN4MccmI9m,61fbb546841f7f652cb4d93ca9a9406d9b73ff636d3676137298f8e3f9d2634b2a68e61d0a2bde1ab8fa2650bafac921
3Wm7mOSN4MccmI9m,1742159094804,17,1742159094804@PWA3Wm7mOSN4MccmI9m,1f26c1a2f9529e3236989b22e67bc3bd31408f341591df9311fde08402fcc1b386c2a79040dceece7207f539166f53f9
3Wm7mOSN4MccmI9m,1742196488804,3,1742196488804@PWA3Wm7mOSN4MccmI9m,82c8fe8da886af036cc426f9d8a8740697d5776bfbedcf87164b3365c0d2c3212b17d7ce8645ec0effd0df6d3c4654c5
3Wm7mOSN4MccmI9m,1742200980804,4,1742200980804@PWA3Wm7mOSN4MccmI9m,3da8d97ddc23e5e3606fd64923d42928d7bbd2a3966abd45e136f090d1c8f461dee4a41ddb9039f0cb90e29a893e26d3
3Wm7mOSN4MccmI9m,1742152362804,15,1742152362804@PWA3Wm7mOSN4MccmI9m,d167cdd1bf193b55df92ad978d27f589a817402b9a94716ae35769d23faa7f515881cfcf82dff5e32050e0ce41230aed
3Wm7mOSN4MccmI9m,1742213196804,8,1742213196804@PWA3Wm7mOSN4MccmI9m,22cc87b1113fa1fd6be56bfc187778f0303c913f20d1a7af2b920aa5ca8a75cedd90a0bd0a8c088d2846a24fa9db29c7
3Wm7mOSN4MccmI9m,1742177938804,22,1742177938804@PWA3Wm7mOSN4MccmI9m,b56df3474a0dcb5d899150da35db07050ce84d05064af6333f6a9fcd0cf73cd7aa9342795d9aab3bdea7ff49b0970fcf
3Wm7mOSN4MccmI9m,1742174885804,21,1742174885804@PWA3Wm7mOSN4MccmI9m,79dc96524ea9fa15601a1104d5f47f086c4715c0aadfb8126ab397aa85fb3a6887826af7bff8ee67dfc21f9c445484a7
3Wm7mOSN4MccmI9m,1742217044804,9,1742217044804@PWA3Wm7mOSN4MccmI9m,cc785389149c218a72105ab9f0db9b52a440d136f87b4e7c04510c5e5070a581b64357acd81a183ddb439f12b6b418fd
3Wm7mOSN4MccmI9m,1742150844804,14,1742150844804@PWA3Wm7mOSN4MccmI9m,ee448b271c3c71ae8c933ad0c4acde540dba005aceff4f1ee065d86ca35a977a4e125c8c34ba4f3d6ad7370e2f10a03e
3Wm7mOSN4MccmI9m,1742198463804,4,1742198463804@PWA3Wm7mOSN4MccmI9m,9880edfcb44817ad4460646b9705d917d711986a635a6b6aa8d600ef4d9929dde98d682eb2ab6ba1f2129dc75e5843a9
elov3vEpQPHcfMQN,1742156066804,16,1742156066804@PWAelov3vEpQPHcfMQN,a0fa69e6557ff1d59b89919ad66cc3e4bef9825240ebf05baade30c9ac80ab9dab69cf9cd309c775133313af19b77d5d
elov3vEpQPHcfMQN,1742194886804,3,1742194886804@PWAelov3vEpQPHcfMQN,de63888562f9a6a9990309bfc9e924fda8650041931780b435740362f88157544c3f749bbf91bb40b11326466c410c2a
elov3vEpQPHcfMQN,1742207293804,6,1742207293804@PWAelov3vEpQPHcfMQN,b09761d632e5b99c0fd20f01c2b7219013602c3355bf248f9efc655792734bf0247626a68686b369af72eec17d949b58
elov3vEpQPHcfMQN,1742159255804,17,1742159255804@PWAelov3vEpQPHcfMQN,833bf210a2dbbd0978945280370a3b6fb7bc0c4ca1d39bba69d91d490fc2b3b5251d2d767c93619850674c5dab9c2a86
elov3vEpQPHcfMQN,1742180185804,22,1742180185804@PWAelov3vEpQPHcfMQN,42eb6643444b5e80d305479c0f0cb6783c65c6576dfddef9c3b8034888b7d2b9e790ec842cf9bf3edcd39eab428ab6aa
elov3vEpQPHcfMQN,1742190086804,1,1742190086804@PWAelov3vEpQPHcfMQN,18bbdd5148c8e31ac7a7329a949893804566444be11a68be2fde34767902cf1e34b6edeb87cb589f2a0a5b3014f86a1f
elov3vEpQPHcfMQN,1742180468804,23,1742180468804@PWAelov3vEpQPHcfMQN,59853bbb6dc07c4e1529e79ed609a6b35549a9551a9c3dc82a58548a137fa98959114b7c22be371afa57a4d9b3d79fea
elov3vEpQPHcfMQN,1742184895804,0,1742184895804@PWAelov3vEpQPHcfMQN,dca2c0eff815757ae14e95caf215e70aa2dc41253c9a7595155f9ac6ffa26d52ddc0636246db1612560886e7d07898b5
elov3vEpQPHcfMQN,1742166964804,19,1742166964804@PWAelov3vEpQPHcfMQN,416dc0d1aecbf34d93d7eaad87de87fab4333b45d6625d740bccee620c202ffe18b8b6f83f9d81492a0cbd9419388c40
elov3vEpQPHcfMQN,1742200796804,4,1742200796804@PWAelov3vEpQPHcfMQN,d895422eb8b5e7bb288a7f9faab4fd9e883cb7042757dffdb79f29df04ef55297ec20b227c74d1a418adf1edc3eb3fef
elov3vEpQPHcfMQN,1742214355804,8,1742214355804@PWAelov3vEpQPHcfMQN,ee32231f662db00a3265f85af1247b0551133f46c01ad8920f5501e9f0e29c9f053915248347881ab2bb9f92f03ac28f
elov3vEpQPHcfMQN,1742177687804,22,1742177687804@PWAelov3vEpQPHcfMQN,858a28c743e017f0f56ac2e6beb144488517f93c31e37d24162fe0a724a334c4ff62d0f4a21ea1a8b085110a91174f41
elov3vEpQPHcfMQN,1742181291804,23,1742181291804@PWAelov3vEpQPHcfMQN,b96b9ec195a0ba5315a79acef70ce7db307ed0aa8be12c568ad3f86fe73bcd5a0caae12ffe12de1a417ee1f709e5e3a9
elov3vEpQPHcfMQN,1742216450804,9,1742216450804@PWAelov3vEpQPHcfMQN,b81a50a77c779c7160a4ebbb151e59459665a2372a7352c033d8cc1d5526d15392e55cb86a761f72b3801af83a73f66d
elov3vEpQPHcfMQN,1742205385804,5,1742205385804@PWAelov3vEpQPHcfMQN,069dae5770fffbc6e5af31fd0b0dc29b1a8fadb0777b962eb09cd577553ce9d86496ccfa8b9beeed775940af51cd32c7
elov3vEpQPHcfMQN,1742191550804,2,1742191550804@PWAelov3vEpQPHcfMQN,be45319938aa01d9581e244707ebb71a01209807cbe70e0b563b7c983979a6ff623fed42485413fe14dc402f03628ead
elov3vEpQPHcfMQN,1742172978804,20,1742172978804@PWAelov3vEpQPHcfMQN,0856d869e3303c411a9db4c9d9b71f915b70a3d9e9b66d181078515050b53adf5887fde6f94d8c652a387a46a97b9cc2
elov3vEpQPHcfMQN,1742158892804,17,1742158892804@PWAelov3vEpQPHcfMQN,279437a7ba8f36772cc60acdd955275b2242e6fc4160ca3189aa43ba429138bfb888fb6adb529fbb717fff0f95a38095
elov3vEpQPHcfMQN,1742177230804,22,1742177230804@PWAelov3vEpQPHcfMQN,27b8144eb25d523e9fe67953548e29305840acb63d84d244b43936a228af02c7e5baf9ae66b35b4af0da0858b34150a9
elov3vEpQPHcfMQN,1742173364804,21,1742173364804@PWAelov3vEpQPHcfMQN,828bf3d048da28be7750f7b40b2b27f592e6078dd04cb440ce9b91ef1b684ecb007f05071e71530944fdd4a094f31ee6
elov3vEpQPHcfMQN,1742181298804,23,1742181298804@PWAelov3vEpQPHcfMQN,a7a22c5d9f72442d5be48fb36ccfbf667c6c517e25d85cef9e5b1c8030d91cd4a881bc96a1c61cc5ac4aa8f827e03c15
elov3vEpQPHcfMQN,1742220540804,10,1742220540804@PWAelov3vEpQPHcfMQN,e13a1099559e3810dd8712e6374441c1c93dcc7f22f9ce63993b46d4489ab2ebe04e0487c22f462ba7c71b67e48cdd48
elov3vEpQPHcfMQN,1742197172804,3,1742197172804@PWAelov3vEpQPHcfMQN,c0fa1b29047be22960db26e60f5788cc0a8d7093d9c95b3dc53bc52d087bb05ba5fceca0514f10d5748f2c10a52efb5e
elov3vEpQPHcfMQN,1742220012804,10,1742220012804@PWAelov3vEpQPHcfMQN,fa5a5f970bcbce0995d35d1288775f211d083fc1f852a1e62904b88c33bf555b43ad72aa31f4437a7e25941fc06a5f0f
elov3vEpQPHcfMQN,1742169323804,19,1742169323804@PWAelov3vEpQPHcfMQN,bdc14479b60de9a6219928838d28974f3232ec155c72fcd521609a48830f399ab23c3a88475c9e862661d6f2f47bf037
elov3vEpQPHcfMQN,1742183831804,23,1742183831804@PWAelov3vEpQPHcfMQN,55f393636d9cf42c81a48c84204e3b03a1a33b7bfa68d470f4cc528528c9c8c70c47af096a3d677856bc53438640ce29
elov3vEpQPHcfMQN,1742182057804,23,1742182057804@PWAelov3vEpQPHcfMQN,40ba692f03dd9756d19f8edea207110b9298dac824bda5ea47bc520e9e85299102daf43bbb5b2baa4005386a0620c301
elov3vEpQPHcfMQN,1742185355804,0,1742185355804@PWAelov3vEpQPHcfMQN,1b0b2d65dadc55af83dddef3cad2956bb814e05473ef1d3c9161f6839395ca254d598e5f94c6c12b02e2911f4bcebfa1
elov3vEpQPHcfMQN,1742206074804,6,1742206074804@PWAelov3vEpQPHcfMQN,d7df36f4a9b4d867ba4eaa6f8994ebd5fdd7994da977f48553bca1aef2cd9d55fc5a779965295e129a8f07a64e9d13a1
