deviceID,timestamp,distribution
device_1,2025-01-24 08:52:46,normal
device_1,2025-01-24 08:21:34,normal
device_1,2025-01-24 01:18:31,normal
device_1,2025-01-24 12:20:04,normal
device_1,2025-01-24 13:47:31,normal
device_1,2025-01-24 16:34:33,normal
device_1,2025-01-24 23:59:59,normal
device_1,2025-01-24 18:17:10,normal
device_1,2025-01-24 07:03:11,normal
device_1,2025-01-24 16:18:24,normal
device_1,2025-01-24 09:32:22,normal
device_1,2025-01-24 06:39:56,normal
device_1,2025-01-24 13:17:43,normal
device_1,2025-01-24 10:14:23,normal
device_1,2025-01-24 09:57:47,normal
device_1,2025-01-24 20:46:52,normal
device_1,2025-01-24 14:25:59,normal
device_1,2025-01-24 09:54:18,normal
device_1,2025-01-24 02:51:04,normal
device_1,2025-01-24 05:16:26,normal
device_1,2025-01-24 08:10:02,normal
device_1,2025-01-24 15:40:56,normal
device_1,2025-01-24 19:22:01,normal
device_1,2025-01-24 10:16:41,normal
device_1,2025-01-24 09:49:43,normal
device_1,2025-01-24 15:04:12,normal
device_1,2025-01-24 13:38:55,normal
device_1,2025-01-24 14:07:49,normal
device_1,2025-01-24 08:03:59,normal
device_1,2025-01-24 11:39:54,normal
device_1,2025-01-24 11:05:44,normal
device_1,2025-01-24 04:10:23,normal
device_1,2025-01-24 13:24:18,normal
device_1,2025-01-24 04:12:54,normal
device_1,2025-01-24 17:29:01,normal
device_1,2025-01-24 14:48:16,normal
device_1,2025-01-24 11:19:10,normal
device_1,2025-01-24 15:02:21,normal
device_1,2025-01-24 16:02:28,normal
device_1,2025-01-24 11:47:11,normal
device_1,2025-01-24 08:07:49,normal
device_1,2025-01-24 07:08:19,normal
device_1,2025-01-24 16:11:27,normal
device_1,2025-01-24 09:11:32,normal
device_1,2025-01-24 09:18:42,normal
device_1,2025-01-24 13:01:03,normal
device_1,2025-01-24 07:24:27,normal
device_1,2025-01-24 15:52:51,normal
device_1,2025-01-24 11:30:55,normal
device_1,2025-01-24 15:12:15,normal
device_1,2025-01-24 04:45:16,normal
device_1,2025-01-24 19:47:35,normal
device_1,2025-01-24 14:28:41,normal
device_1,2025-01-24 12:46:48,normal
device_1,2025-01-24 05:03:19,normal
device_1,2025-01-24 02:10:46,normal
device_1,2025-01-24 18:59:18,normal
device_1,2025-01-24 22:33:30,normal
device_1,2025-01-24 10:13:00,normal
device_1,2025-01-24 14:15:49,normal
device_1,2025-01-24 08:33:06,normal
device_1,2025-01-24 14:44:58,normal
device_1,2025-01-24 15:38:22,normal
device_1,2025-01-24 09:05:05,normal
device_1,2025-01-24 10:40:02,normal
device_1,2025-01-24 09:58:06,normal
device_1,2025-01-24 09:36:30,normal
device_1,2025-01-24 11:25:11,normal
device_1,2025-01-24 03:46:44,normal
device_1,2025-01-24 07:09:40,normal
device_1,2025-01-24 23:26:16,normal
device_1,2025-01-24 15:57:13,normal
device_1,2025-01-24 17:36:20,normal
device_1,2025-01-24 19:57:28,normal
device_1,2025-01-24 16:33:05,normal
device_1,2025-01-24 13:07:29,normal
device_1,2025-01-24 12:20:04,normal
device_1,2025-01-24 11:04:23,normal
device_1,2025-01-24 16:57:10,normal
device_1,2025-01-24 03:01:17,normal
device_1,2025-01-24 09:56:44,normal
device_1,2025-01-24 05:09:27,normal
device_1,2025-01-24 14:20:59,normal
device_1,2025-01-24 14:38:44,normal
device_1,2025-01-24 12:44:35,normal
device_1,2025-01-24 09:26:09,normal
device_1,2025-01-24 11:51:23,normal
device_1,2025-01-24 11:05:04,normal
device_1,2025-01-24 03:02:25,normal
device_1,2025-01-24 15:27:48,normal
device_1,2025-01-24 11:13:22,normal
device_1,2025-01-24 12:28:50,normal
device_1,2025-01-24 07:53:17,normal
device_1,2025-01-24 06:37:01,normal
device_1,2025-01-24 07:11:40,normal
device_1,2025-01-24 16:25:49,normal
device_1,2025-01-24 05:35:00,normal
device_1,2025-01-24 02:58:19,normal
device_1,2025-01-24 11:04:42,normal
device_1,2025-01-24 11:33:28,normal
device_2,2025-01-24 00:00:19,exponential
device_2,2025-01-24 00:23:12,exponential
device_2,2025-01-24 00:43:45,exponential
device_2,2025-01-24 00:54:25,exponential
device_2,2025-01-24 00:57:12,exponential
device_2,2025-01-24 00:57:15,exponential
device_2,2025-01-24 01:01:03,exponential
device_2,2025-01-24 01:08:41,exponential
device_2,2025-01-24 01:21:51,exponential
device_2,2025-01-24 01:36:57,exponential
device_2,2025-01-24 01:40:24,exponential
device_2,2025-01-24 01:59:59,exponential
device_2,2025-01-24 02:04:23,exponential
device_2,2025-01-24 02:09:37,exponential
device_2,2025-01-24 02:11:01,exponential
device_2,2025-01-24 02:29:27,exponential
device_2,2025-01-24 02:36:53,exponential
device_2,2025-01-24 02:47:42,exponential
device_2,2025-01-24 02:55:51,exponential
device_2,2025-01-24 02:58:23,exponential
device_2,2025-01-24 03:20:43,exponential
device_2,2025-01-24 03:34:59,exponential
device_2,2025-01-24 03:39:20,exponential
device_2,2025-01-24 03:43:26,exponential
device_2,2025-01-24 03:48:23,exponential
device_2,2025-01-24 04:10:42,exponential
device_2,2025-01-24 04:11:15,exponential
device_2,2025-01-24 04:17:18,exponential
device_2,2025-01-24 04:17:48,exponential
device_2,2025-01-24 04:26:37,exponential
device_2,2025-01-24 04:38:55,exponential
device_2,2025-01-24 04:49:48,exponential
device_2,2025-01-24 05:05:46,exponential
device_2,2025-01-24 05:16:11,exponential
device_2,2025-01-24 05:21:41,exponential
device_2,2025-01-24 05:40:21,exponential
device_2,2025-01-24 05:46:06,exponential
device_2,2025-01-24 05:58:02,exponential
device_2,2025-01-24 06:04:33,exponential
device_2,2025-01-24 06:07:50,exponential
device_2,2025-01-24 06:15:50,exponential
device_2,2025-01-24 06:43:12,exponential
device_2,2025-01-24 06:56:02,exponential
device_2,2025-01-24 07:00:01,exponential
device_2,2025-01-24 07:33:25,exponential
device_2,2025-01-24 07:35:03,exponential
device_2,2025-01-24 07:53:03,exponential
device_2,2025-01-24 08:06:44,exponential
device_2,2025-01-24 08:08:24,exponential
device_2,2025-01-24 08:10:56,exponential
device_2,2025-01-24 08:18:31,exponential
device_2,2025-01-24 08:29:47,exponential
device_2,2025-01-24 08:32:48,exponential
device_2,2025-01-24 08:34:59,exponential
device_2,2025-01-24 09:10:42,exponential
device_2,2025-01-24 09:44:02,exponential
device_2,2025-01-24 09:53:31,exponential
device_2,2025-01-24 09:56:37,exponential
device_2,2025-01-24 10:17:18,exponential
device_2,2025-01-24 10:22:00,exponential
device_2,2025-01-24 10:44:59,exponential
device_2,2025-01-24 11:03:53,exponential
device_2,2025-01-24 11:55:27,exponential
device_2,2025-01-24 11:58:59,exponential
device_2,2025-01-24 12:18:42,exponential
device_2,2025-01-24 12:25:42,exponential
device_2,2025-01-24 12:34:40,exponential
device_2,2025-01-24 12:41:27,exponential
device_2,2025-01-24 12:47:44,exponential
device_2,2025-01-24 12:53:37,exponential
device_2,2025-01-24 13:29:18,exponential
device_2,2025-01-24 13:33:50,exponential
device_2,2025-01-24 14:01:35,exponential
device_2,2025-01-24 14:13:23,exponential
device_2,2025-01-24 14:18:06,exponential
device_2,2025-01-24 14:37:16,exponential
device_2,2025-01-24 14:51:40,exponential
device_2,2025-01-24 15:04:51,exponential
device_2,2025-01-24 15:08:02,exponential
device_2,2025-01-24 15:08:41,exponential
device_2,2025-01-24 15:32:01,exponential
device_2,2025-01-24 15:33:58,exponential
device_2,2025-01-24 15:39:40,exponential
device_2,2025-01-24 16:03:52,exponential
device_2,2025-01-24 16:07:21,exponential
device_2,2025-01-24 16:08:42,exponential
device_2,2025-01-24 16:11:52,exponential
device_2,2025-01-24 16:44:26,exponential
device_2,2025-01-24 16:45:35,exponential
device_2,2025-01-24 16:49:10,exponential
device_2,2025-01-24 16:57:15,exponential
device_2,2025-01-24 17:15:12,exponential
device_2,2025-01-24 17:15:14,exponential
device_2,2025-01-24 17:20:07,exponential
device_2,2025-01-24 17:32:13,exponential
device_2,2025-01-24 17:40:47,exponential
device_2,2025-01-24 17:44:16,exponential
device_2,2025-01-24 17:51:27,exponential
device_2,2025-01-24 18:04:04,exponential
device_2,2025-01-24 18:06:23,exponential
device_3,2025-01-24 16:35:24,normal
device_3,2025-01-24 09:19:38,normal
device_3,2025-01-24 17:39:59,normal
device_3,2025-01-24 10:54:51,normal
device_3,2025-01-24 12:50:31,normal
device_3,2025-01-24 13:55:08,normal
device_3,2025-01-24 04:28:09,normal
device_3,2025-01-24 06:34:07,normal
device_3,2025-01-24 03:56:53,normal
device_3,2025-01-24 17:39:28,normal
device_3,2025-01-24 12:26:24,normal
device_3,2025-01-24 12:15:30,normal
device_3,2025-01-24 01:01:34,normal
device_3,2025-01-24 09:17:07,normal
device_3,2025-01-24 16:18:07,normal
device_3,2025-01-24 14:50:40,normal
device_3,2025-01-24 13:48:32,normal
device_3,2025-01-24 12:32:44,normal
device_3,2025-01-24 14:14:05,normal
device_3,2025-01-24 14:13:09,normal
device_3,2025-01-24 00:23:23,normal
device_3,2025-01-24 14:45:31,normal
device_3,2025-01-24 13:37:13,normal
device_3,2025-01-24 09:25:46,normal
device_3,2025-01-24 10:14:39,normal
device_3,2025-01-24 09:57:42,normal
device_3,2025-01-24 10:44:00,normal
device_3,2025-01-24 12:11:09,normal
device_3,2025-01-24 18:27:14,normal
device_3,2025-01-24 00:06:34,normal
device_3,2025-01-24 17:07:32,normal
device_3,2025-01-24 12:58:32,normal
device_3,2025-01-24 17:49:03,normal
device_3,2025-01-24 09:02:46,normal
device_3,2025-01-24 12:36:36,normal
device_3,2025-01-24 15:04:07,normal
device_3,2025-01-24 12:21:53,normal
device_3,2025-01-24 15:42:57,normal
device_3,2025-01-24 12:31:05,normal
device_3,2025-01-24 15:49:14,normal
device_3,2025-01-24 13:55:02,normal
device_3,2025-01-24 01:57:25,normal
device_3,2025-01-24 13:57:32,normal
device_3,2025-01-24 06:56:17,normal
device_3,2025-01-24 19:30:29,normal
device_3,2025-01-24 15:32:53,normal
device_3,2025-01-24 15:02:38,normal
device_3,2025-01-24 17:23:08,normal
device_3,2025-01-24 09:45:09,normal
device_3,2025-01-24 16:38:33,normal
device_3,2025-01-24 14:28:35,normal
device_3,2025-01-24 14:27:53,normal
device_3,2025-01-24 15:15:23,normal
device_3,2025-01-24 04:17:15,normal
device_3,2025-01-24 11:16:53,normal
device_3,2025-01-24 15:46:17,normal
device_3,2025-01-24 09:06:11,normal
device_3,2025-01-24 06:20:00,normal
device_3,2025-01-24 23:37:43,normal
device_3,2025-01-24 13:19:22,normal
device_3,2025-01-24 10:26:28,normal
device_3,2025-01-24 10:08:51,normal
device_3,2025-01-24 14:50:29,normal
device_3,2025-01-24 11:46:58,normal
device_3,2025-01-24 15:07:20,normal
device_3,2025-01-24 15:16:31,normal
device_3,2025-01-24 08:08:48,normal
device_3,2025-01-24 11:27:51,normal
device_3,2025-01-24 16:03:47,normal
device_3,2025-01-24 10:49:01,normal
device_3,2025-01-24 23:59:59,normal
device_3,2025-01-24 15:19:17,normal
device_3,2025-01-24 16:13:15,normal
device_3,2025-01-24 09:35:19,normal
device_3,2025-01-24 02:00:23,normal
device_3,2025-01-24 05:17:16,normal
device_3,2025-01-24 05:20:58,normal
device_3,2025-01-24 06:01:29,normal
device_3,2025-01-24 19:11:33,normal
device_3,2025-01-24 12:33:59,normal
device_3,2025-01-24 10:43:04,normal
device_3,2025-01-24 09:53:32,normal
device_3,2025-01-24 11:15:16,normal
device_3,2025-01-24 14:52:31,normal
device_3,2025-01-24 10:29:17,normal
device_3,2025-01-24 18:02:15,normal
device_3,2025-01-24 11:52:26,normal
device_3,2025-01-24 23:59:59,normal
device_3,2025-01-24 17:09:05,normal
device_3,2025-01-24 13:13:17,normal
device_3,2025-01-24 21:09:13,normal
device_3,2025-01-24 15:20:55,normal
device_3,2025-01-24 08:22:52,normal
device_3,2025-01-24 12:34:17,normal
device_3,2025-01-24 07:43:53,normal
device_3,2025-01-24 09:43:50,normal
device_3,2025-01-24 08:46:46,normal
device_3,2025-01-24 18:52:28,normal
device_3,2025-01-24 12:40:52,normal
device_3,2025-01-24 07:22:55,normal
device_4,2025-01-24 11:59:46,normal
device_4,2025-01-24 12:33:29,normal
device_4,2025-01-24 15:16:23,normal
device_4,2025-01-24 17:21:53,normal
device_4,2025-01-24 17:53:15,normal
device_4,2025-01-24 07:16:11,normal
device_4,2025-01-24 09:53:19,normal
device_4,2025-01-24 20:49:45,normal
device_4,2025-01-24 08:16:14,normal
device_4,2025-01-24 15:55:19,normal
device_4,2025-01-24 09:39:31,normal
device_4,2025-01-24 02:40:31,normal
device_4,2025-01-24 07:27:16,normal
device_4,2025-01-24 06:34:08,normal
device_4,2025-01-24 01:18:55,normal
device_4,2025-01-24 08:54:27,normal
device_4,2025-01-24 13:17:41,normal
device_4,2025-01-24 09:07:33,normal
device_4,2025-01-24 09:41:57,normal
device_4,2025-01-24 22:18:39,normal
device_4,2025-01-24 18:40:15,normal
device_4,2025-01-24 14:36:01,normal
device_4,2025-01-24 10:45:13,normal
device_4,2025-01-24 05:58:40,normal
device_4,2025-01-24 12:44:29,normal
device_4,2025-01-24 09:04:53,normal
device_4,2025-01-24 18:37:27,normal
device_4,2025-01-24 08:35:15,normal
device_4,2025-01-24 20:39:05,normal
device_4,2025-01-24 05:15:03,normal
device_4,2025-01-24 15:17:09,normal
device_4,2025-01-24 18:58:08,normal
device_4,2025-01-24 19:51:17,normal
device_4,2025-01-24 13:42:42,normal
device_4,2025-01-24 06:52:05,normal
device_4,2025-01-24 12:30:46,normal
device_4,2025-01-24 11:01:59,normal
device_4,2025-01-24 12:20:56,normal
device_4,2025-01-24 17:32:39,normal
device_4,2025-01-24 12:33:53,normal
device_4,2025-01-24 10:34:53,normal
device_4,2025-01-24 05:46:03,normal
device_4,2025-01-24 18:40:21,normal
device_4,2025-01-24 09:29:27,normal
device_4,2025-01-24 10:22:02,normal
device_4,2025-01-24 10:32:10,normal
device_4,2025-01-24 22:25:04,normal
device_4,2025-01-24 16:05:29,normal
device_4,2025-01-24 13:49:48,normal
device_4,2025-01-24 09:21:44,normal
device_4,2025-01-24 09:19:57,normal
device_4,2025-01-24 09:01:21,normal
device_4,2025-01-24 11:10:17,normal
device_4,2025-01-24 12:41:41,normal
device_4,2025-01-24 08:03:54,normal
device_4,2025-01-24 14:30:40,normal
device_4,2025-01-24 07:27:03,normal
device_4,2025-01-24 20:10:58,normal
device_4,2025-01-24 15:20:21,normal
device_4,2025-01-24 10:56:11,normal
device_4,2025-01-24 17:20:13,normal
device_4,2025-01-24 15:56:01,normal
device_4,2025-01-24 13:09:19,normal
device_4,2025-01-24 13:32:31,normal
device_4,2025-01-24 18:53:21,normal
device_4,2025-01-24 08:12:05,normal
device_4,2025-01-24 12:16:00,normal
device_4,2025-01-24 16:19:41,normal
device_4,2025-01-24 08:27:17,normal
device_4,2025-01-24 21:44:02,normal
device_4,2025-01-24 14:04:28,normal
device_4,2025-01-24 16:48:27,normal
device_4,2025-01-24 12:48:16,normal
device_4,2025-01-24 09:40:14,normal
device_4,2025-01-24 10:20:18,normal
device_4,2025-01-24 15:41:05,normal
device_4,2025-01-24 11:58:05,normal
device_4,2025-01-24 10:34:50,normal
device_4,2025-01-24 15:46:07,normal
device_4,2025-01-24 14:11:58,normal
device_4,2025-01-24 16:22:13,normal
device_4,2025-01-24 13:24:08,normal
device_4,2025-01-24 19:45:58,normal
device_4,2025-01-24 11:27:23,normal
device_4,2025-01-24 11:41:12,normal
device_4,2025-01-24 04:26:57,normal
device_4,2025-01-24 13:40:14,normal
device_4,2025-01-24 05:07:26,normal
device_4,2025-01-24 07:45:40,normal
device_4,2025-01-24 18:48:49,normal
device_4,2025-01-24 20:24:32,normal
device_4,2025-01-24 13:02:16,normal
device_4,2025-01-24 09:08:40,normal
device_4,2025-01-24 01:42:00,normal
device_4,2025-01-24 23:59:59,normal
device_4,2025-01-24 10:14:16,normal
device_4,2025-01-24 10:53:58,normal
device_4,2025-01-24 14:36:46,normal
device_4,2025-01-24 05:19:25,normal
device_4,2025-01-24 18:23:56,normal
device_5,2025-01-24 07:20:56,uniform
device_5,2025-01-24 09:32:07,uniform
device_5,2025-01-24 03:48:10,uniform
device_5,2025-01-24 13:39:45,uniform
device_5,2025-01-24 10:48:55,uniform
device_5,2025-01-24 11:58:21,uniform
device_5,2025-01-24 13:19:40,uniform
device_5,2025-01-24 15:43:53,uniform
device_5,2025-01-24 04:08:02,uniform
device_5,2025-01-24 19:46:24,uniform
device_5,2025-01-24 15:48:17,uniform
device_5,2025-01-24 12:57:23,uniform
device_5,2025-01-24 14:05:19,uniform
device_5,2025-01-24 15:04:27,uniform
device_5,2025-01-24 05:46:28,uniform
device_5,2025-01-24 01:26:36,uniform
device_5,2025-01-24 18:05:44,uniform
device_5,2025-01-24 06:15:17,uniform
device_5,2025-01-24 12:52:49,uniform
device_5,2025-01-24 09:50:41,uniform
device_5,2025-01-24 12:28:28,uniform
device_5,2025-01-24 01:55:03,uniform
device_5,2025-01-24 01:59:51,uniform
device_5,2025-01-24 09:04:33,uniform
device_5,2025-01-24 17:19:10,uniform
device_5,2025-01-24 18:44:40,uniform
device_5,2025-01-24 16:34:04,uniform
device_5,2025-01-24 07:50:49,uniform
device_5,2025-01-24 16:27:01,uniform
device_5,2025-01-24 17:22:44,uniform
device_5,2025-01-24 07:07:49,uniform
device_5,2025-01-24 10:50:54,uniform
device_5,2025-01-24 05:58:32,uniform
device_5,2025-01-24 02:32:25,uniform
device_5,2025-01-24 16:24:57,uniform
device_5,2025-01-24 07:33:09,uniform
device_5,2025-01-24 06:43:21,uniform
device_5,2025-01-24 12:27:02,uniform
device_5,2025-01-24 22:25:21,uniform
device_5,2025-01-24 05:10:56,uniform
device_5,2025-01-24 02:32:37,uniform
device_5,2025-01-24 15:54:03,uniform
device_5,2025-01-24 00:07:56,uniform
device_5,2025-01-24 12:17:05,uniform
device_5,2025-01-24 02:09:03,uniform
device_5,2025-01-24 08:45:54,uniform
device_5,2025-01-24 17:19:47,uniform
device_5,2025-01-24 07:39:49,uniform
device_5,2025-01-24 03:10:35,uniform
device_5,2025-01-24 06:01:35,uniform
device_5,2025-01-24 12:41:49,uniform
device_5,2025-01-24 00:17:31,uniform
device_5,2025-01-24 12:38:42,uniform
device_5,2025-01-24 14:14:51,uniform
device_5,2025-01-24 19:43:31,uniform
device_5,2025-01-24 07:06:10,uniform
device_5,2025-01-24 17:48:24,uniform
device_5,2025-01-24 09:35:38,uniform
device_5,2025-01-24 17:04:21,uniform
device_5,2025-01-24 05:25:26,uniform
device_5,2025-01-24 08:23:11,uniform
device_5,2025-01-24 10:47:09,uniform
device_5,2025-01-24 06:24:52,uniform
device_5,2025-01-24 22:19:33,uniform
device_5,2025-01-24 02:24:01,uniform
device_5,2025-01-24 08:06:11,uniform
device_5,2025-01-24 00:23:47,uniform
device_5,2025-01-24 11:52:43,uniform
device_5,2025-01-24 14:38:33,uniform
device_5,2025-01-24 02:47:53,uniform
device_5,2025-01-24 20:35:05,uniform
device_5,2025-01-24 00:12:38,uniform
device_5,2025-01-24 22:56:01,uniform
device_5,2025-01-24 12:48:09,uniform
device_5,2025-01-24 15:13:26,uniform
device_5,2025-01-24 00:07:55,uniform
device_5,2025-01-24 17:51:56,uniform
device_5,2025-01-24 15:50:41,uniform
device_5,2025-01-24 15:49:02,uniform
device_5,2025-01-24 02:25:49,uniform
device_5,2025-01-24 18:30:59,uniform
device_5,2025-01-24 09:56:49,uniform
device_5,2025-01-24 16:59:07,uniform
device_5,2025-01-24 14:26:13,uniform
device_5,2025-01-24 16:56:55,uniform
device_5,2025-01-24 04:53:45,uniform
device_5,2025-01-24 14:27:28,uniform
device_5,2025-01-24 12:15:10,uniform
device_5,2025-01-24 21:06:53,uniform
device_5,2025-01-24 00:32:13,uniform
device_5,2025-01-24 02:52:08,uniform
device_5,2025-01-24 21:32:00,uniform
device_5,2025-01-24 12:04:15,uniform
device_5,2025-01-24 07:58:02,uniform
device_5,2025-01-24 10:11:55,uniform
device_5,2025-01-24 01:00:10,uniform
device_5,2025-01-24 18:03:06,uniform
device_5,2025-01-24 11:56:45,uniform
device_5,2025-01-24 17:15:52,uniform
device_5,2025-01-24 12:21:53,uniform
device_6,2025-01-24 00:19:09,exponential
device_6,2025-01-24 00:25:29,exponential
device_6,2025-01-24 00:36:32,exponential
device_6,2025-01-24 00:37:34,exponential
device_6,2025-01-24 00:39:53,exponential
device_6,2025-01-24 00:48:05,exponential
device_6,2025-01-24 00:57:40,exponential
device_6,2025-01-24 00:58:13,exponential
device_6,2025-01-24 01:13:55,exponential
device_6,2025-01-24 01:31:53,exponential
device_6,2025-01-24 01:34:13,exponential
device_6,2025-01-24 01:47:07,exponential
device_6,2025-01-24 01:51:32,exponential
device_6,2025-01-24 01:57:54,exponential
device_6,2025-01-24 02:01:48,exponential
device_6,2025-01-24 02:04:01,exponential
device_6,2025-01-24 02:14:46,exponential
device_6,2025-01-24 02:29:47,exponential
device_6,2025-01-24 02:30:03,exponential
device_6,2025-01-24 02:30:22,exponential
device_6,2025-01-24 02:37:13,exponential
device_6,2025-01-24 02:38:22,exponential
device_6,2025-01-24 02:48:09,exponential
device_6,2025-01-24 02:51:41,exponential
device_6,2025-01-24 03:14:38,exponential
device_6,2025-01-24 03:14:38,exponential
device_6,2025-01-24 03:15:07,exponential
device_6,2025-01-24 03:18:31,exponential
device_6,2025-01-24 03:22:38,exponential
device_6,2025-01-24 03:29:41,exponential
device_6,2025-01-24 03:40:21,exponential
device_6,2025-01-24 03:46:54,exponential
device_6,2025-01-24 03:50:13,exponential
device_6,2025-01-24 03:52:47,exponential
device_6,2025-01-24 04:10:57,exponential
device_6,2025-01-24 04:33:42,exponential
device_6,2025-01-24 04:37:55,exponential
device_6,2025-01-24 04:48:47,exponential
device_6,2025-01-24 04:59:09,exponential
device_6,2025-01-24 05:07:24,exponential
device_6,2025-01-24 05:12:25,exponential
device_6,2025-01-24 05:18:56,exponential
device_6,2025-01-24 05:34:05,exponential
device_6,2025-01-24 05:34:09,exponential
device_6,2025-01-24 05:47:53,exponential
device_6,2025-01-24 05:57:57,exponential
device_6,2025-01-24 05:59:32,exponential
device_6,2025-01-24 06:03:09,exponential
device_6,2025-01-24 06:14:42,exponential
device_6,2025-01-24 06:17:02,exponential
device_6,2025-01-24 06:18:55,exponential
device_6,2025-01-24 06:29:49,exponential
device_6,2025-01-24 06:36:57,exponential
device_6,2025-01-24 06:50:12,exponential
device_6,2025-01-24 06:51:16,exponential
device_6,2025-01-24 07:11:03,exponential
device_6,2025-01-24 07:16:15,exponential
device_6,2025-01-24 07:27:24,exponential
device_6,2025-01-24 07:38:19,exponential
device_6,2025-01-24 08:00:28,exponential
device_6,2025-01-24 08:01:26,exponential
device_6,2025-01-24 08:21:43,exponential
device_6,2025-01-24 09:03:37,exponential
device_6,2025-01-24 09:27:33,exponential
device_6,2025-01-24 09:52:38,exponential
device_6,2025-01-24 10:08:35,exponential
device_6,2025-01-24 10:13:16,exponential
device_6,2025-01-24 10:16:58,exponential
device_6,2025-01-24 10:50:30,exponential
device_6,2025-01-24 10:59:14,exponential
device_6,2025-01-24 11:04:29,exponential
device_6,2025-01-24 11:21:05,exponential
device_6,2025-01-24 11:39:51,exponential
device_6,2025-01-24 11:52:07,exponential
device_6,2025-01-24 11:52:14,exponential
device_6,2025-01-24 11:58:32,exponential
device_6,2025-01-24 12:07:48,exponential
device_6,2025-01-24 12:26:40,exponential
device_6,2025-01-24 12:48:12,exponential
device_6,2025-01-24 12:50:37,exponential
device_6,2025-01-24 12:51:33,exponential
device_6,2025-01-24 13:02:37,exponential
device_6,2025-01-24 13:10:03,exponential
device_6,2025-01-24 13:11:11,exponential
device_6,2025-01-24 13:19:10,exponential
device_6,2025-01-24 13:27:56,exponential
device_6,2025-01-24 13:28:34,exponential
device_6,2025-01-24 13:37:54,exponential
device_6,2025-01-24 14:25:07,exponential
device_6,2025-01-24 14:31:24,exponential
device_6,2025-01-24 14:33:42,exponential
device_6,2025-01-24 14:53:21,exponential
device_6,2025-01-24 14:58:49,exponential
device_6,2025-01-24 15:03:50,exponential
device_6,2025-01-24 15:26:49,exponential
device_6,2025-01-24 15:33:39,exponential
device_6,2025-01-24 15:46:22,exponential
device_6,2025-01-24 15:48:18,exponential
device_6,2025-01-24 15:57:11,exponential
device_6,2025-01-24 16:13:00,exponential
device_7,2025-01-24 00:09:44,poisson
device_7,2025-01-24 00:19:11,poisson
device_7,2025-01-24 00:28:48,poisson
device_7,2025-01-24 00:38:34,poisson
device_7,2025-01-24 00:48:56,poisson
device_7,2025-01-24 00:58:39,poisson
device_7,2025-01-24 01:08:39,poisson
device_7,2025-01-24 01:18:42,poisson
device_7,2025-01-24 01:28:55,poisson
device_7,2025-01-24 01:38:26,poisson
device_7,2025-01-24 01:48:02,poisson
device_7,2025-01-24 01:58:38,poisson
device_7,2025-01-24 02:08:51,poisson
device_7,2025-01-24 02:18:51,poisson
device_7,2025-01-24 02:28:54,poisson
device_7,2025-01-24 02:39:09,poisson
device_7,2025-01-24 02:49:31,poisson
device_7,2025-01-24 02:59:33,poisson
device_7,2025-01-24 03:09:10,poisson
device_7,2025-01-24 03:19:39,poisson
device_7,2025-01-24 03:29:25,poisson
device_7,2025-01-24 03:40:33,poisson
device_7,2025-01-24 03:49:53,poisson
device_7,2025-01-24 03:59:52,poisson
device_7,2025-01-24 04:09:50,poisson
device_7,2025-01-24 04:19:55,poisson
device_7,2025-01-24 04:29:46,poisson
device_7,2025-01-24 04:39:31,poisson
device_7,2025-01-24 04:49:32,poisson
device_7,2025-01-24 04:59:01,poisson
device_7,2025-01-24 05:09:11,poisson
device_7,2025-01-24 05:19:56,poisson
device_7,2025-01-24 05:29:51,poisson
device_7,2025-01-24 05:39:17,poisson
device_7,2025-01-24 05:49:45,poisson
device_7,2025-01-24 05:59:19,poisson
device_7,2025-01-24 06:09:27,poisson
device_7,2025-01-24 06:19:41,poisson
device_7,2025-01-24 06:29:50,poisson
device_7,2025-01-24 06:39:24,poisson
device_7,2025-01-24 06:49:30,poisson
device_7,2025-01-24 07:00:19,poisson
device_7,2025-01-24 07:10:26,poisson
device_7,2025-01-24 07:20:33,poisson
device_7,2025-01-24 07:30:25,poisson
device_7,2025-01-24 07:40:14,poisson
device_7,2025-01-24 07:49:56,poisson
device_7,2025-01-24 08:00:29,poisson
device_7,2025-01-24 08:10:27,poisson
device_7,2025-01-24 08:20:27,poisson
device_7,2025-01-24 08:30:50,poisson
device_7,2025-01-24 08:41:11,poisson
device_7,2025-01-24 08:50:40,poisson
device_7,2025-01-24 09:01:26,poisson
device_7,2025-01-24 09:11:51,poisson
device_7,2025-01-24 09:22:03,poisson
device_7,2025-01-24 09:31:36,poisson
device_7,2025-01-24 09:41:41,poisson
device_7,2025-01-24 09:51:18,poisson
device_7,2025-01-24 10:00:44,poisson
device_7,2025-01-24 10:10:18,poisson
device_7,2025-01-24 10:20:15,poisson
device_7,2025-01-24 10:30:15,poisson
device_7,2025-01-24 10:40:49,poisson
device_7,2025-01-24 10:50:47,poisson
device_7,2025-01-24 11:01:26,poisson
device_7,2025-01-24 11:11:10,poisson
device_7,2025-01-24 11:21:23,poisson
device_7,2025-01-24 11:32:11,poisson
device_7,2025-01-24 11:42:23,poisson
device_7,2025-01-24 11:52:53,poisson
device_7,2025-01-24 12:03:06,poisson
device_7,2025-01-24 12:13:13,poisson
device_7,2025-01-24 12:23:07,poisson
device_7,2025-01-24 12:33:49,poisson
device_7,2025-01-24 12:44:15,poisson
device_7,2025-01-24 12:54:15,poisson
device_7,2025-01-24 13:03:48,poisson
device_7,2025-01-24 13:13:49,poisson
device_7,2025-01-24 13:24:33,poisson
device_7,2025-01-24 13:35:05,poisson
device_7,2025-01-24 13:45:39,poisson
device_7,2025-01-24 13:56:33,poisson
device_7,2025-01-24 14:05:55,poisson
device_7,2025-01-24 14:15:46,poisson
device_7,2025-01-24 14:25:18,poisson
device_7,2025-01-24 14:35:42,poisson
device_7,2025-01-24 14:45:03,poisson
device_7,2025-01-24 14:54:59,poisson
device_7,2025-01-24 15:04:17,poisson
device_7,2025-01-24 15:14:21,poisson
device_7,2025-01-24 15:23:51,poisson
device_7,2025-01-24 15:33:16,poisson
device_7,2025-01-24 15:43:24,poisson
device_7,2025-01-24 15:53:21,poisson
device_7,2025-01-24 16:03:17,poisson
device_7,2025-01-24 16:13:19,poisson
device_7,2025-01-24 16:23:20,poisson
device_7,2025-01-24 16:32:28,poisson
device_7,2025-01-24 16:42:38,poisson
device_8,2025-01-24 10:11:50,normal
device_8,2025-01-24 16:07:21,normal
device_8,2025-01-24 07:05:01,normal
device_8,2025-01-24 09:28:39,normal
device_8,2025-01-24 05:35:59,normal
device_8,2025-01-24 15:16:39,normal
device_8,2025-01-24 20:51:08,normal
device_8,2025-01-24 08:45:38,normal
device_8,2025-01-24 17:31:14,normal
device_8,2025-01-24 08:03:30,normal
device_8,2025-01-24 14:22:34,normal
device_8,2025-01-24 12:29:15,normal
device_8,2025-01-24 14:53:19,normal
device_8,2025-01-24 09:45:55,normal
device_8,2025-01-24 06:29:12,normal
device_8,2025-01-24 14:05:30,normal
device_8,2025-01-24 13:13:03,normal
device_8,2025-01-24 12:57:15,normal
device_8,2025-01-24 11:31:23,normal
device_8,2025-01-24 10:44:55,normal
device_8,2025-01-24 04:31:00,normal
device_8,2025-01-24 06:40:01,normal
device_8,2025-01-24 11:04:35,normal
device_8,2025-01-24 10:07:46,normal
device_8,2025-01-24 07:54:00,normal
device_8,2025-01-24 09:05:19,normal
device_8,2025-01-24 08:16:25,normal
device_8,2025-01-24 09:31:52,normal
device_8,2025-01-24 10:34:54,normal
device_8,2025-01-24 09:35:10,normal
device_8,2025-01-24 20:28:23,normal
device_8,2025-01-24 09:54:03,normal
device_8,2025-01-24 14:21:50,normal
device_8,2025-01-24 17:42:18,normal
device_8,2025-01-24 09:02:55,normal
device_8,2025-01-24 08:14:24,normal
device_8,2025-01-24 10:40:42,normal
device_8,2025-01-24 11:53:39,normal
device_8,2025-01-24 16:49:35,normal
device_8,2025-01-24 11:49:09,normal
device_8,2025-01-24 04:52:03,normal
device_8,2025-01-24 11:29:00,normal
device_8,2025-01-24 12:16:17,normal
device_8,2025-01-24 15:50:05,normal
device_8,2025-01-24 13:28:55,normal
device_8,2025-01-24 20:16:21,normal
device_8,2025-01-24 02:48:52,normal
device_8,2025-01-24 09:57:51,normal
device_8,2025-01-24 16:48:14,normal
device_8,2025-01-24 04:03:07,normal
device_8,2025-01-24 14:50:37,normal
device_8,2025-01-24 13:12:31,normal
device_8,2025-01-24 10:15:36,normal
device_8,2025-01-24 13:07:38,normal
device_8,2025-01-24 13:22:32,normal
device_8,2025-01-24 13:06:42,normal
device_8,2025-01-24 15:48:59,normal
device_8,2025-01-24 05:16:04,normal
device_8,2025-01-24 20:52:55,normal
device_8,2025-01-24 18:40:49,normal
device_8,2025-01-24 11:03:12,normal
device_8,2025-01-24 22:54:47,normal
device_8,2025-01-24 12:57:43,normal
device_8,2025-01-24 12:43:44,normal
device_8,2025-01-24 10:42:37,normal
device_8,2025-01-24 05:08:44,normal
device_8,2025-01-24 10:09:38,normal
device_8,2025-01-24 19:53:59,normal
device_8,2025-01-24 05:07:47,normal
device_8,2025-01-24 23:59:59,normal
device_8,2025-01-24 16:54:37,normal
device_8,2025-01-24 07:50:23,normal
device_8,2025-01-24 02:54:49,normal
device_8,2025-01-24 11:37:21,normal
device_8,2025-01-24 12:40:10,normal
device_8,2025-01-24 16:10:06,normal
device_8,2025-01-24 07:34:01,normal
device_8,2025-01-24 12:07:41,normal
device_8,2025-01-24 11:06:16,normal
device_8,2025-01-24 12:21:27,normal
device_8,2025-01-24 15:37:22,normal
device_8,2025-01-24 10:34:07,normal
device_8,2025-01-24 17:58:11,normal
device_8,2025-01-24 18:28:54,normal
device_8,2025-01-24 14:07:42,normal
device_8,2025-01-24 08:37:38,normal
device_8,2025-01-24 14:04:33,normal
device_8,2025-01-24 09:13:37,normal
device_8,2025-01-24 09:50:45,normal
device_8,2025-01-24 07:18:10,normal
device_8,2025-01-24 05:59:33,normal
device_8,2025-01-24 14:56:55,normal
device_8,2025-01-24 17:25:04,normal
device_8,2025-01-24 13:11:13,normal
device_8,2025-01-24 20:12:58,normal
device_8,2025-01-24 09:38:01,normal
device_8,2025-01-24 16:42:33,normal
device_8,2025-01-24 13:46:13,normal
device_8,2025-01-24 23:59:59,normal
device_8,2025-01-24 10:46:28,normal
device_9,2025-01-24 00:10:12,poisson
device_9,2025-01-24 00:19:45,poisson
device_9,2025-01-24 00:30:29,poisson
device_9,2025-01-24 00:40:03,poisson
device_9,2025-01-24 00:49:49,poisson
device_9,2025-01-24 00:59:46,poisson
device_9,2025-01-24 01:09:25,poisson
device_9,2025-01-24 01:19:52,poisson
device_9,2025-01-24 01:30:25,poisson
device_9,2025-01-24 01:40:22,poisson
device_9,2025-01-24 01:50:12,poisson
device_9,2025-01-24 01:59:59,poisson
device_9,2025-01-24 02:09:02,poisson
device_9,2025-01-24 02:18:51,poisson
device_9,2025-01-24 02:29:06,poisson
device_9,2025-01-24 02:38:59,poisson
device_9,2025-01-24 02:48:53,poisson
device_9,2025-01-24 02:59:13,poisson
device_9,2025-01-24 03:08:48,poisson
device_9,2025-01-24 03:18:36,poisson
device_9,2025-01-24 03:28:35,poisson
device_9,2025-01-24 03:38:31,poisson
device_9,2025-01-24 03:48:37,poisson
device_9,2025-01-24 03:58:49,poisson
device_9,2025-01-24 04:08:33,poisson
device_9,2025-01-24 04:18:11,poisson
device_9,2025-01-24 04:27:30,poisson
device_9,2025-01-24 04:37:49,poisson
device_9,2025-01-24 04:47:44,poisson
device_9,2025-01-24 04:57:39,poisson
device_9,2025-01-24 05:07:04,poisson
device_9,2025-01-24 05:17:17,poisson
device_9,2025-01-24 05:27:46,poisson
device_9,2025-01-24 05:38:13,poisson
device_9,2025-01-24 05:48:39,poisson
device_9,2025-01-24 05:59:00,poisson
device_9,2025-01-24 06:09:24,poisson
device_9,2025-01-24 06:19:34,poisson
device_9,2025-01-24 06:29:53,poisson
device_9,2025-01-24 06:40:09,poisson
device_9,2025-01-24 06:49:57,poisson
device_9,2025-01-24 07:00:10,poisson
device_9,2025-01-24 07:10:14,poisson
device_9,2025-01-24 07:20:27,poisson
device_9,2025-01-24 07:30:25,poisson
device_9,2025-01-24 07:40:14,poisson
device_9,2025-01-24 07:49:49,poisson
device_9,2025-01-24 07:59:34,poisson
device_9,2025-01-24 08:09:11,poisson
device_9,2025-01-24 08:18:22,poisson
device_9,2025-01-24 08:28:36,poisson
device_9,2025-01-24 08:38:54,poisson
device_9,2025-01-24 08:48:47,poisson
device_9,2025-01-24 08:58:25,poisson
device_9,2025-01-24 09:08:09,poisson
device_9,2025-01-24 09:17:59,poisson
device_9,2025-01-24 09:28:44,poisson
device_9,2025-01-24 09:39:07,poisson
device_9,2025-01-24 09:49:54,poisson
device_9,2025-01-24 09:59:39,poisson
device_9,2025-01-24 10:09:43,poisson
device_9,2025-01-24 10:19:51,poisson
device_9,2025-01-24 10:30:09,poisson
device_9,2025-01-24 10:40:04,poisson
device_9,2025-01-24 10:50:28,poisson
device_9,2025-01-24 11:00:08,poisson
device_9,2025-01-24 11:10:27,poisson
device_9,2025-01-24 11:19:17,poisson
device_9,2025-01-24 11:28:45,poisson
device_9,2025-01-24 11:37:51,poisson
device_9,2025-01-24 11:48:01,poisson
device_9,2025-01-24 11:57:46,poisson
device_9,2025-01-24 12:07:31,poisson
device_9,2025-01-24 12:17:23,poisson
device_9,2025-01-24 12:26:58,poisson
device_9,2025-01-24 12:36:54,poisson
device_9,2025-01-24 12:46:52,poisson
device_9,2025-01-24 12:56:50,poisson
device_9,2025-01-24 13:06:42,poisson
device_9,2025-01-24 13:16:02,poisson
device_9,2025-01-24 13:26:03,poisson
device_9,2025-01-24 13:36:18,poisson
device_9,2025-01-24 13:46:09,poisson
device_9,2025-01-24 13:56:24,poisson
device_9,2025-01-24 14:06:01,poisson
device_9,2025-01-24 14:15:49,poisson
device_9,2025-01-24 14:25:39,poisson
device_9,2025-01-24 14:35:28,poisson
device_9,2025-01-24 14:45:05,poisson
device_9,2025-01-24 14:55:31,poisson
device_9,2025-01-24 15:05:21,poisson
device_9,2025-01-24 15:15:35,poisson
device_9,2025-01-24 15:25:01,poisson
device_9,2025-01-24 15:35:33,poisson
device_9,2025-01-24 15:46:15,poisson
device_9,2025-01-24 15:57:02,poisson
device_9,2025-01-24 16:07:06,poisson
device_9,2025-01-24 16:16:49,poisson
device_9,2025-01-24 16:27:38,poisson
device_9,2025-01-24 16:37:16,poisson
device_10,2025-01-24 00:10:27,poisson
device_10,2025-01-24 00:19:56,poisson
device_10,2025-01-24 00:29:36,poisson
device_10,2025-01-24 00:38:57,poisson
device_10,2025-01-24 00:49:19,poisson
device_10,2025-01-24 00:59:04,poisson
device_10,2025-01-24 01:09:58,poisson
device_10,2025-01-24 01:19:29,poisson
device_10,2025-01-24 01:29:28,poisson
device_10,2025-01-24 01:38:45,poisson
device_10,2025-01-24 01:48:39,poisson
device_10,2025-01-24 01:59:48,poisson
device_10,2025-01-24 02:09:55,poisson
device_10,2025-01-24 02:20:20,poisson
device_10,2025-01-24 02:30:33,poisson
device_10,2025-01-24 02:40:12,poisson
device_10,2025-01-24 02:50:23,poisson
device_10,2025-01-24 03:00:36,poisson
device_10,2025-01-24 03:10:10,poisson
device_10,2025-01-24 03:19:49,poisson
device_10,2025-01-24 03:30:23,poisson
device_10,2025-01-24 03:40:21,poisson
device_10,2025-01-24 03:50:12,poisson
device_10,2025-01-24 04:00:23,poisson
device_10,2025-01-24 04:10:46,poisson
device_10,2025-01-24 04:20:17,poisson
device_10,2025-01-24 04:30:29,poisson
device_10,2025-01-24 04:40:19,poisson
device_10,2025-01-24 04:50:15,poisson
device_10,2025-01-24 05:00:29,poisson
device_10,2025-01-24 05:10:05,poisson
device_10,2025-01-24 05:19:23,poisson
device_10,2025-01-24 05:29:24,poisson
device_10,2025-01-24 05:38:59,poisson
device_10,2025-01-24 05:48:24,poisson
device_10,2025-01-24 05:59:15,poisson
device_10,2025-01-24 06:09:35,poisson
device_10,2025-01-24 06:19:45,poisson
device_10,2025-01-24 06:29:49,poisson
device_10,2025-01-24 06:39:18,poisson
device_10,2025-01-24 06:50:08,poisson
device_10,2025-01-24 07:00:08,poisson
device_10,2025-01-24 07:10:37,poisson
device_10,2025-01-24 07:20:53,poisson
device_10,2025-01-24 07:30:06,poisson
device_10,2025-01-24 07:40:22,poisson
device_10,2025-01-24 07:50:52,poisson
device_10,2025-01-24 08:01:35,poisson
device_10,2025-01-24 08:11:42,poisson
device_10,2025-01-24 08:22:00,poisson
device_10,2025-01-24 08:32:15,poisson
device_10,2025-01-24 08:42:32,poisson
device_10,2025-01-24 08:52:24,poisson
device_10,2025-01-24 09:02:22,poisson
device_10,2025-01-24 09:12:08,poisson
device_10,2025-01-24 09:22:28,poisson
device_10,2025-01-24 09:32:18,poisson
device_10,2025-01-24 09:42:21,poisson
device_10,2025-01-24 09:51:55,poisson
device_10,2025-01-24 10:01:42,poisson
device_10,2025-01-24 10:12:15,poisson
device_10,2025-01-24 10:22:37,poisson
device_10,2025-01-24 10:32:56,poisson
device_10,2025-01-24 10:42:27,poisson
device_10,2025-01-24 10:52:42,poisson
device_10,2025-01-24 11:02:57,poisson
device_10,2025-01-24 11:12:08,poisson
device_10,2025-01-24 11:22:16,poisson
device_10,2025-01-24 11:33:04,poisson
device_10,2025-01-24 11:42:58,poisson
device_10,2025-01-24 11:52:42,poisson
device_10,2025-01-24 12:02:32,poisson
device_10,2025-01-24 12:12:26,poisson
device_10,2025-01-24 12:23:07,poisson
device_10,2025-01-24 12:33:24,poisson
device_10,2025-01-24 12:43:39,poisson
device_10,2025-01-24 12:53:25,poisson
device_10,2025-01-24 13:03:03,poisson
device_10,2025-01-24 13:13:14,poisson
device_10,2025-01-24 13:22:57,poisson
device_10,2025-01-24 13:33:10,poisson
device_10,2025-01-24 13:43:33,poisson
device_10,2025-01-24 13:53:19,poisson
device_10,2025-01-24 14:03:34,poisson
device_10,2025-01-24 14:13:18,poisson
device_10,2025-01-24 14:23:23,poisson
device_10,2025-01-24 14:33:28,poisson
device_10,2025-01-24 14:43:53,poisson
device_10,2025-01-24 14:54:03,poisson
device_10,2025-01-24 15:04:28,poisson
device_10,2025-01-24 15:14:29,poisson
device_10,2025-01-24 15:24:18,poisson
device_10,2025-01-24 15:34:27,poisson
device_10,2025-01-24 15:44:13,poisson
device_10,2025-01-24 15:53:33,poisson
device_10,2025-01-24 16:02:43,poisson
device_10,2025-01-24 16:12:48,poisson
device_10,2025-01-24 16:23:17,poisson
device_10,2025-01-24 16:33:44,poisson
device_10,2025-01-24 16:43:07,poisson
